{"epoch":1568400143,"battery":3.736469507,"Tdb_BME680":25.71,"RH_BME680":47.78,"P_BME680":103.19,"Alt_BME680":-190.57,"TVOC":0,"ECO2":400,"RCO2":755,"Tdb_scd30":26.16,"RH_scd30":48.35,"Lux":0.58,"PM1":0.93,"PM25":0.95,"PM10":0.95,"Air":0.13}
{"epoch":1568400205,"battery":3.725245714,"Tdb_BME680":25.8,"RH_BME680":46.63,"P_BME680":103.19,"Alt_BME680":-190.57,"TVOC":0,"ECO2":400,"RCO2":687,"Tdb_scd30":26.63,"RH_scd30":46.5,"Lux":0.63,"PM1":0.44,"PM25":0.45,"PM10":0.45,"Air":0.13}
{"epoch":1568400266,"battery":3.720756054,"Tdb_BME680":25.95,"RH_BME680":45.52,"P_BME680":103.19,"Alt_BME680":-190.73,"TVOC":0,"ECO2":400,"RCO2":640,"Tdb_scd30":27.04,"RH_scd30":45.06,"Lux":0.52,"PM1":0.39,"PM25":0.4,"PM10":0.4,"Air":0.12}
{"epoch":1568400328,"battery":3.733102322,"Tdb_BME680":26.16,"RH_BME680":44.62,"P_BME680":103.19,"Alt_BME680":-190.73,"TVOC":0,"ECO2":401,"RCO2":625,"Tdb_scd30":27.42,"RH_scd30":43.62,"Lux":0.69,"PM1":0.44,"PM25":0.46,"PM10":0.46,"Air":0.13}
{"epoch":1568400390,"battery":3.72636795,"Tdb_BME680":26.39,"RH_BME680":43.66,"P_BME680":103.19,"Alt_BME680":-190.73,"TVOC":0,"ECO2":405,"RCO2":618,"Tdb_scd30":27.77,"RH_scd30":42.37,"Lux":0.52,"PM1":0.38,"PM25":0.39,"PM10":0.39,"Air":0.11}
{"epoch":1568400451,"battery":3.702797651,"Tdb_BME680":26.64,"RH_BME680":42.9,"P_BME680":103.19,"Alt_BME680":-190.4,"TVOC":0,"ECO2":452,"RCO2":607,"Tdb_scd30":28.09,"RH_scd30":41.57,"Lux":0.63,"PM1":0.49,"PM25":0.5,"PM10":0.5,"Air":0.16}
{"epoch":1568400513,"battery":3.72412324,"Tdb_BME680":26.91,"RH_BME680":42.51,"P_BME680":103.19,"Alt_BME680":-190.24,"TVOC":0,"ECO2":522,"RCO2":599,"Tdb_scd30":28.43,"RH_scd30":41.22,"Lux":0.58,"PM1":0.26,"PM25":0.27,"PM10":0.27,"Air":0.1}
{"epoch":1568400575,"battery":3.72636795,"Tdb_BME680":27.18,"RH_BME680":42.17,"P_BME680":103.18,"Alt_BME680":-189.91,"TVOC":19,"ECO2":550,"RCO2":603,"Tdb_scd30":28.7,"RH_scd30":40.82,"Lux":0.58,"PM1":0.32,"PM25":0.33,"PM10":0.33,"Air":0.13}
{"epoch":1568400637,"battery":3.703919888,"Tdb_BME680":27.44,"RH_BME680":41.61,"P_BME680":103.18,"Alt_BME680":-190.07,"TVOC":60,"ECO2":587,"RCO2":600,"Tdb_scd30":28.95,"RH_scd30":40.34,"Lux":0.63,"PM1":0.19,"PM25":0.19,"PM10":0.19,"Air":0.11}
{"epoch":1568400698,"battery":3.720756054,"Tdb_BME680":27.67,"RH_BME680":41.2,"P_BME680":103.18,"Alt_BME680":-189.91,"TVOC":90,"ECO2":628,"RCO2":595,"Tdb_scd30":29.21,"RH_scd30":39.87,"Lux":0.63,"PM1":0.18,"PM25":0.18,"PM10":0.18,"Air":0.15}
{"epoch":1568400760,"battery":3.717388868,"Tdb_BME680":27.9,"RH_BME680":40.7,"P_BME680":103.18,"Alt_BME680":-190.07,"TVOC":117,"ECO2":651,"RCO2":587,"Tdb_scd30":29.45,"RH_scd30":39.45,"Lux":0.4,"PM1":0.25,"PM25":0.25,"PM10":0.25,"Air":0.15}
{"epoch":1568400822,"battery":3.735347271,"Tdb_BME680":28.1,"RH_BME680":40.33,"P_BME680":103.19,"Alt_BME680":-190.4,"TVOC":148,"ECO2":705,"RCO2":589,"Tdb_scd30":29.64,"RH_scd30":39.02,"Lux":0.58,"PM1":0.13,"PM25":0.14,"PM10":0.14,"Air":0.14}
{"epoch":1568400884,"battery":3.72636795,"Tdb_BME680":28.29,"RH_BME680":39.89,"P_BME680":103.18,"Alt_BME680":-190.24,"TVOC":179,"ECO2":737,"RCO2":587,"Tdb_scd30":29.83,"RH_scd30":38.61,"Lux":0.63,"PM1":0.39,"PM25":0.4,"PM10":0.4,"Air":0.12}
{"epoch":1568400945,"battery":3.719633579,"Tdb_BME680":28.49,"RH_BME680":39.9,"P_BME680":103.17,"Alt_BME680":-189.25,"TVOC":196,"ECO2":730,"RCO2":597,"Tdb_scd30":30,"RH_scd30":38.44,"Lux":1.32,"PM1":0.6,"PM25":0.61,"PM10":0.61,"Air":0.13}
{"epoch":1568401007,"battery":3.689328909,"Tdb_BME680":28.7,"RH_BME680":38.67,"P_BME680":103.17,"Alt_BME680":-188.6,"TVOC":205,"ECO2":743,"RCO2":601,"Tdb_scd30":30.21,"RH_scd30":37.41,"Lux":0.92,"PM1":0.49,"PM25":0.5,"PM10":0.5,"Air":0.16}
{"epoch":1568401069,"battery":3.72187829,"Tdb_BME680":28.88,"RH_BME680":38.43,"P_BME680":103.16,"Alt_BME680":-188.43,"TVOC":235,"ECO2":768,"RCO2":589,"Tdb_scd30":30.36,"RH_scd30":37.55,"Lux":0.69,"PM1":0.6,"PM25":0.62,"PM10":0.62,"Air":0.16}
{"epoch":1568401131,"battery":3.712899208,"Tdb_BME680":29.03,"RH_BME680":38.04,"P_BME680":103.16,"Alt_BME680":-188.43,"TVOC":255,"ECO2":799,"RCO2":600,"Tdb_scd30":30.5,"RH_scd30":37.07,"Lux":1.15,"PM1":0.48,"PM25":0.49,"PM10":0.49,"Air":0.13}
{"epoch":1568401192,"battery":3.700552702,"Tdb_BME680":29.19,"RH_BME680":37.7,"P_BME680":103.17,"Alt_BME680":-188.6,"TVOC":258,"ECO2":771,"RCO2":631,"Tdb_scd30":30.68,"RH_scd30":36.72,"Lux":1.09,"PM1":0.83,"PM25":0.85,"PM10":0.85,"Air":0.14}
{"epoch":1568401254,"battery":3.707287312,"Tdb_BME680":29.32,"RH_BME680":37.85,"P_BME680":103.17,"Alt_BME680":-188.6,"TVOC":245,"ECO2":770,"RCO2":639,"Tdb_scd30":30.76,"RH_scd30":36.96,"Lux":0.4,"PM1":0.61,"PM25":0.62,"PM10":0.62,"Air":0.14}
{"epoch":1568401316,"battery":3.705042362,"Tdb_BME680":29.39,"RH_BME680":37.65,"P_BME680":103.16,"Alt_BME680":-188.6,"TVOC":259,"ECO2":815,"RCO2":643,"Tdb_scd30":30.85,"RH_scd30":36.87,"Lux":0.29,"PM1":0.57,"PM25":0.59,"PM10":0.59,"Air":0.08}
{"epoch":1568401378,"battery":3.708409548,"Tdb_BME680":29.46,"RH_BME680":37.3,"P_BME680":103.16,"Alt_BME680":-188.27,"TVOC":283,"ECO2":790,"RCO2":639,"Tdb_scd30":30.92,"RH_scd30":36.52,"Lux":0.58,"PM1":0.64,"PM25":0.66,"PM10":0.66,"Air":0.15}
{"epoch":1568401439,"battery":3.711776733,"Tdb_BME680":29.56,"RH_BME680":37.03,"P_BME680":103.16,"Alt_BME680":-188.6,"TVOC":319,"ECO2":822,"RCO2":635,"Tdb_scd30":31.02,"RH_scd30":36.09,"Lux":0.17,"PM1":0.58,"PM25":0.6,"PM10":0.6,"Air":0.12}
{"epoch":1568401501,"battery":3.700552702,"Tdb_BME680":29.64,"RH_BME680":37.17,"P_BME680":103.17,"Alt_BME680":-188.92,"TVOC":291,"ECO2":795,"RCO2":636,"Tdb_scd30":31.09,"RH_scd30":36.25,"Lux":0.35,"PM1":0.62,"PM25":0.64,"PM10":0.64,"Air":0.15}
{"epoch":1568401563,"battery":3.709532022,"Tdb_BME680":29.68,"RH_BME680":36.66,"P_BME680":103.18,"Alt_BME680":-189.42,"TVOC":323,"ECO2":856,"RCO2":632,"Tdb_scd30":31.12,"RH_scd30":35.92,"Lux":0.17,"PM1":0.34,"PM25":0.35,"PM10":0.35,"Air":0.14}
{"epoch":1568401625,"battery":3.710654497,"Tdb_BME680":29.69,"RH_BME680":36.37,"P_BME680":103.18,"Alt_BME680":-189.42,"TVOC":353,"ECO2":897,"RCO2":607,"Tdb_scd30":31.1,"RH_scd30":35.57,"Lux":0.23,"PM1":0.28,"PM25":0.29,"PM10":0.29,"Air":0.13}
{"epoch":1568401686,"battery":3.700552702,"Tdb_BME680":29.7,"RH_BME680":36.18,"P_BME680":103.18,"Alt_BME680":-189.42,"TVOC":370,"ECO2":912,"RCO2":581,"Tdb_scd30":31.13,"RH_scd30":35.42,"Lux":0.17,"PM1":0.25,"PM25":0.26,"PM10":0.26,"Air":0.08}
{"epoch":1568401748,"battery":3.703919888,"Tdb_BME680":29.73,"RH_BME680":36.03,"P_BME680":103.17,"Alt_BME680":-189.25,"TVOC":531,"ECO2":1283,"RCO2":574,"Tdb_scd30":31.16,"RH_scd30":35.32,"Lux":0.23,"PM1":0.29,"PM25":0.3,"PM10":0.3,"Air":0.18}
{"epoch":1568401810,"battery":3.709532022,"Tdb_BME680":29.76,"RH_BME680":36.01,"P_BME680":103.18,"Alt_BME680":-189.91,"TVOC":1487,"ECO2":1550,"RCO2":571,"Tdb_scd30":31.22,"RH_scd30":35.34,"Lux":0.23,"PM1":0.28,"PM25":0.29,"PM10":0.29,"Air":0.12}
{"epoch":1568401871,"battery":3.703919888,"Tdb_BME680":29.81,"RH_BME680":35.71,"P_BME680":103.18,"Alt_BME680":-189.74,"TVOC":1590,"ECO2":1502,"RCO2":569,"Tdb_scd30":31.23,"RH_scd30":34.99,"Lux":0.17,"PM1":0.2,"PM25":0.2,"PM10":0.2,"Air":0.12}
{"epoch":1568401933,"battery":3.698307991,"Tdb_BME680":29.85,"RH_BME680":35.41,"P_BME680":103.18,"Alt_BME680":-189.42,"TVOC":1128,"ECO2":1338,"RCO2":566,"Tdb_scd30":31.26,"RH_scd30":34.69,"Lux":0.23,"PM1":0.21,"PM25":0.21,"PM10":0.21,"Air":0.11}
{"epoch":1568401995,"battery":3.708409548,"Tdb_BME680":29.89,"RH_BME680":35.19,"P_BME680":103.18,"Alt_BME680":-189.25,"TVOC":939,"ECO2":1267,"RCO2":567,"Tdb_scd30":31.27,"RH_scd30":34.53,"Lux":0.17,"PM1":0.25,"PM25":0.26,"PM10":0.26,"Air":0.15}
{"epoch":1568402057,"battery":3.675859928,"Tdb_BME680":29.92,"RH_BME680":34.94,"P_BME680":103.17,"Alt_BME680":-189.09,"TVOC":784,"ECO2":1225,"RCO2":567,"Tdb_scd30":31.32,"RH_scd30":34.28,"Lux":0.23,"PM1":0.1,"PM25":0.1,"PM10":0.1,"Air":0.19}
{"epoch":1568402118,"battery":3.701675177,"Tdb_BME680":29.95,"RH_BME680":34.74,"P_BME680":103.17,"Alt_BME680":-189.09,"TVOC":674,"ECO2":1157,"RCO2":565,"Tdb_scd30":31.34,"RH_scd30":34.1,"Lux":0.17,"PM1":0.17,"PM25":0.17,"PM10":0.17,"Air":0.15}
{"epoch":1568402180,"battery":3.697185516,"Tdb_BME680":29.99,"RH_BME680":34.56,"P_BME680":103.17,"Alt_BME680":-189.09,"TVOC":630,"ECO2":1130,"RCO2":560,"Tdb_scd30":31.37,"RH_scd30":33.91,"Lux":0.23,"PM1":0.1,"PM25":0.11,"PM10":0.11,"Air":0.16}
{"epoch":1568402242,"battery":3.690451145,"Tdb_BME680":30.02,"RH_BME680":34.42,"P_BME680":103.17,"Alt_BME680":-189.09,"TVOC":642,"ECO2":1112,"RCO2":558,"Tdb_scd30":31.43,"RH_scd30":33.8,"Lux":0.12,"PM1":0.09,"PM25":0.1,"PM10":0.1,"Air":0.15}
{"epoch":1568402304,"battery":3.699430466,"Tdb_BME680":30.06,"RH_BME680":34.12,"P_BME680":103.17,"Alt_BME680":-188.92,"TVOC":631,"ECO2":1112,"RCO2":555,"Tdb_scd30":31.44,"RH_scd30":33.42,"Lux":0.23,"PM1":0.22,"PM25":0.23,"PM10":0.23,"Air":0.18}
{"epoch":1568402365,"battery":3.694940805,"Tdb_BME680":30.08,"RH_BME680":33.71,"P_BME680":103.17,"Alt_BME680":-188.76,"TVOC":616,"ECO2":1086,"RCO2":557,"Tdb_scd30":31.47,"RH_scd30":33.06,"Lux":0.23,"PM1":0.15,"PM25":0.16,"PM10":0.16,"Air":0.15}
{"epoch":1568402427,"battery":3.694940805,"Tdb_BME680":30.1,"RH_BME680":33.61,"P_BME680":103.16,"Alt_BME680":-188.6,"TVOC":605,"ECO2":1065,"RCO2":555,"Tdb_scd30":31.48,"RH_scd30":33.01,"Lux":0.29,"PM1":0.22,"PM25":0.22,"PM10":0.22,"Air":0.11}
{"epoch":1568402489,"battery":3.661268711,"Tdb_BME680":30.13,"RH_BME680":33.55,"P_BME680":103.16,"Alt_BME680":-188.27,"TVOC":621,"ECO2":1075,"RCO2":552,"Tdb_scd30":31.53,"RH_scd30":33.02,"Lux":0.17,"PM1":0.29,"PM25":0.3,"PM10":0.3,"Air":0.13}
{"epoch":1568402551,"battery":3.702797651,"Tdb_BME680":30.15,"RH_BME680":33.48,"P_BME680":103.16,"Alt_BME680":-187.77,"TVOC":608,"ECO2":1048,"RCO2":550,"Tdb_scd30":31.53,"RH_scd30":32.97,"Lux":0.23,"PM1":0.27,"PM25":0.28,"PM10":0.28,"Air":0.12}
{"epoch":1568402612,"battery":3.699430466,"Tdb_BME680":30.18,"RH_BME680":33.46,"P_BME680":103.16,"Alt_BME680":-188.27,"TVOC":614,"ECO2":1073,"RCO2":549,"Tdb_scd30":31.57,"RH_scd30":32.9,"Lux":0.23,"PM1":0.21,"PM25":0.21,"PM10":0.21,"Air":0.17}
{"epoch":1568402674,"battery":3.66351366,"Tdb_BME680":30.21,"RH_BME680":33.51,"P_BME680":103.16,"Alt_BME680":-187.94,"TVOC":615,"ECO2":1081,"RCO2":552,"Tdb_scd30":31.59,"RH_scd30":33.02,"Lux":0.17,"PM1":0.12,"PM25":0.12,"PM10":0.12,"Air":0.12}
{"epoch":1568402736,"battery":3.698307991,"Tdb_BME680":30.24,"RH_BME680":33.43,"P_BME680":103.16,"Alt_BME680":-188.27,"TVOC":641,"ECO2":1080,"RCO2":554,"Tdb_scd30":31.61,"RH_scd30":32.86,"Lux":0.23,"PM1":0.17,"PM25":0.17,"PM10":0.17,"Air":0.11}
{"epoch":1568402798,"battery":3.698307991,"Tdb_BME680":30.27,"RH_BME680":33.46,"P_BME680":103.16,"Alt_BME680":-187.94,"TVOC":629,"ECO2":1078,"RCO2":554,"Tdb_scd30":31.64,"RH_scd30":32.95,"Lux":0.17,"PM1":0.19,"PM25":0.19,"PM10":0.19,"Air":0.11}
{"epoch":1568402859,"battery":3.664635897,"Tdb_BME680":30.3,"RH_BME680":33.5,"P_BME680":103.15,"Alt_BME680":-187.77,"TVOC":650,"ECO2":1096,"RCO2":552,"Tdb_scd30":31.65,"RH_scd30":32.98,"Lux":0.23,"PM1":0.22,"PM25":0.22,"PM10":0.22,"Air":0.2}
{"epoch":1568402921,"battery":3.69157362,"Tdb_BME680":30.33,"RH_BME680":33.49,"P_BME680":103.15,"Alt_BME680":-187.44,"TVOC":666,"ECO2":1121,"RCO2":554,"Tdb_scd30":31.68,"RH_scd30":32.98,"Lux":0.17,"PM1":0.2,"PM25":0.2,"PM10":0.2,"Air":0.18}
{"epoch":1568402983,"battery":3.690451145,"Tdb_BME680":30.35,"RH_BME680":33.5,"P_BME680":103.16,"Alt_BME680":-187.77,"TVOC":646,"ECO2":1101,"RCO2":554,"Tdb_scd30":31.68,"RH_scd30":33.02,"Lux":0.17,"PM1":0.21,"PM25":0.22,"PM10":0.22,"Air":0.11}
{"epoch":1568403045,"battery":3.680349588,"Tdb_BME680":30.37,"RH_BME680":33.48,"P_BME680":103.16,"Alt_BME680":-187.94,"TVOC":660,"ECO2":1124,"RCO2":553,"Tdb_scd30":31.73,"RH_scd30":32.94,"Lux":0.17,"PM1":0.18,"PM25":0.19,"PM10":0.19,"Air":0.28}
{"epoch":1568403106,"battery":3.681472063,"Tdb_BME680":30.37,"RH_BME680":33.38,"P_BME680":103.16,"Alt_BME680":-187.94,"TVOC":650,"ECO2":1094,"RCO2":554,"Tdb_scd30":31.71,"RH_scd30":32.87,"Lux":0.29,"PM1":0.12,"PM25":0.12,"PM10":0.12,"Air":0.12}
{"epoch":1568403168,"battery":3.670248032,"Tdb_BME680":30.37,"RH_BME680":33.28,"P_BME680":103.16,"Alt_BME680":-188.27,"TVOC":627,"ECO2":1059,"RCO2":552,"Tdb_scd30":31.71,"RH_scd30":32.8,"Lux":0.12,"PM1":0.15,"PM25":0.16,"PM10":0.16,"Air":0.18}
{"epoch":1568403230,"battery":3.69606328,"Tdb_BME680":30.37,"RH_BME680":32.99,"P_BME680":103.16,"Alt_BME680":-187.77,"TVOC":621,"ECO2":1046,"RCO2":550,"Tdb_scd30":31.71,"RH_scd30":32.42,"Lux":0.17,"PM1":0.11,"PM25":0.12,"PM10":0.12,"Air":0.08}
{"epoch":1568403292,"battery":3.680349588,"Tdb_BME680":30.35,"RH_BME680":32.88,"P_BME680":103.16,"Alt_BME680":-188.27,"TVOC":615,"ECO2":1048,"RCO2":547,"Tdb_scd30":31.7,"RH_scd30":32.41,"Lux":0.23,"PM1":0.16,"PM25":0.16,"PM10":0.16,"Air":0.16}
{"epoch":1568403353,"battery":3.666880846,"Tdb_BME680":30.35,"RH_BME680":32.88,"P_BME680":103.16,"Alt_BME680":-188.27,"TVOC":616,"ECO2":1044,"RCO2":542,"Tdb_scd30":31.7,"RH_scd30":32.35,"Lux":0.23,"PM1":0.31,"PM25":0.32,"PM10":0.32,"Air":0.17}
{"epoch":1568403415,"battery":3.682594299,"Tdb_BME680":30.36,"RH_BME680":32.76,"P_BME680":103.16,"Alt_BME680":-188.1,"TVOC":614,"ECO2":1059,"RCO2":546,"Tdb_scd30":31.71,"RH_scd30":32.2,"Lux":0.23,"PM1":0.14,"PM25":0.15,"PM10":0.15,"Air":0.15}
{"epoch":1568403477,"battery":3.69157362,"Tdb_BME680":30.37,"RH_BME680":32.78,"P_BME680":103.16,"Alt_BME680":-187.77,"TVOC":635,"ECO2":1045,"RCO2":547,"Tdb_scd30":31.71,"RH_scd30":32.34,"Lux":0.23,"PM1":0.07,"PM25":0.07,"PM10":0.07,"Air":0.14}
{"epoch":1568403538,"battery":3.661268711,"Tdb_BME680":30.37,"RH_BME680":32.79,"P_BME680":103.15,"Alt_BME680":-187.61,"TVOC":626,"ECO2":1039,"RCO2":546,"Tdb_scd30":31.71,"RH_scd30":32.34,"Lux":0.17,"PM1":0.08,"PM25":0.08,"PM10":0.08,"Air":0.15}
{"epoch":1568403600,"battery":3.678104877,"Tdb_BME680":30.38,"RH_BME680":32.86,"P_BME680":103.15,"Alt_BME680":-187.61,"TVOC":618,"ECO2":1052,"RCO2":547,"Tdb_scd30":31.7,"RH_scd30":32.38,"Lux":0.17,"PM1":0.1,"PM25":0.1,"PM10":0.1,"Air":0.14}
{"epoch":1568403662,"battery":3.685961485,"Tdb_BME680":30.38,"RH_BME680":32.86,"P_BME680":103.16,"Alt_BME680":-187.77,"TVOC":623,"ECO2":1045,"RCO2":549,"Tdb_scd30":31.68,"RH_scd30":32.44,"Lux":0.17,"PM1":0.11,"PM25":0.11,"PM10":0.11,"Air":0.15}
{"epoch":1568403724,"battery":3.671370506,"Tdb_BME680":30.38,"RH_BME680":32.88,"P_BME680":103.15,"Alt_BME680":-187.2,"TVOC":620,"ECO2":1061,"RCO2":546,"Tdb_scd30":31.7,"RH_scd30":32.45,"Lux":0.23,"PM1":0.04,"PM25":0.04,"PM10":0.04,"Air":0.15}
{"epoch":1568403785,"battery":3.676982403,"Tdb_BME680":30.38,"RH_BME680":32.88,"P_BME680":103.15,"Alt_BME680":-187.44,"TVOC":629,"ECO2":1057,"RCO2":548,"Tdb_scd30":31.7,"RH_scd30":32.4,"Lux":0.17,"PM1":0.12,"PM25":0.12,"PM10":0.12,"Air":0.17}
{"epoch":1568403847,"battery":3.665758371,"Tdb_BME680":30.37,"RH_BME680":32.75,"P_BME680":103.15,"Alt_BME680":-187.36,"TVOC":622,"ECO2":1054,"RCO2":548,"Tdb_scd30":31.65,"RH_scd30":32.28,"Lux":0.23,"PM1":0.08,"PM25":0.08,"PM10":0.08,"Air":0.14}
{"epoch":1568403909,"battery":3.681472063,"Tdb_BME680":30.36,"RH_BME680":32.78,"P_BME680":103.15,"Alt_BME680":-187.2,"TVOC":619,"ECO2":1043,"RCO2":547,"Tdb_scd30":31.67,"RH_scd30":32.3,"Lux":0.12,"PM1":0.14,"PM25":0.14,"PM10":0.14,"Air":0.19}
{"epoch":1568403971,"battery":3.674737692,"Tdb_BME680":30.37,"RH_BME680":32.79,"P_BME680":103.15,"Alt_BME680":-187.03,"TVOC":620,"ECO2":1051,"RCO2":546,"Tdb_scd30":31.68,"RH_scd30":32.34,"Lux":0.23,"PM1":0.12,"PM25":0.12,"PM10":0.12,"Air":0.15}
{"epoch":1568404032,"battery":3.655656815,"Tdb_BME680":30.38,"RH_BME680":32.89,"P_BME680":103.15,"Alt_BME680":-187.03,"TVOC":621,"ECO2":1055,"RCO2":548,"Tdb_scd30":31.68,"RH_scd30":32.5,"Lux":0.23,"PM1":0.05,"PM25":0.05,"PM10":0.05,"Air":0.23}
{"epoch":1568404094,"battery":3.675859928,"Tdb_BME680":30.4,"RH_BME680":33,"P_BME680":103.15,"Alt_BME680":-187.03,"TVOC":633,"ECO2":1078,"RCO2":548,"Tdb_scd30":31.7,"RH_scd30":32.55,"Lux":0.23,"PM1":0.16,"PM25":0.16,"PM10":0.16,"Air":0.13}
{"epoch":1568404156,"battery":3.678104877,"Tdb_BME680":30.4,"RH_BME680":32.99,"P_BME680":103.15,"Alt_BME680":-187.61,"TVOC":636,"ECO2":1091,"RCO2":547,"Tdb_scd30":31.68,"RH_scd30":32.58,"Lux":0.12,"PM1":0.14,"PM25":0.15,"PM10":0.15,"Air":0.23}
{"epoch":1568404218,"battery":3.661268711,"Tdb_BME680":30.4,"RH_BME680":33.04,"P_BME680":103.15,"Alt_BME680":-187.44,"TVOC":632,"ECO2":1082,"RCO2":545,"Tdb_scd30":31.71,"RH_scd30":32.67,"Lux":0.17,"PM1":0.24,"PM25":0.25,"PM10":0.25,"Air":0.15}
{"epoch":1568404279,"battery":3.676982403,"Tdb_BME680":30.39,"RH_BME680":33.06,"P_BME680":103.15,"Alt_BME680":-187.44,"TVOC":643,"ECO2":1089,"RCO2":547,"Tdb_scd30":31.68,"RH_scd30":32.68,"Lux":0.17,"PM1":0.2,"PM25":0.21,"PM10":0.21,"Air":0.14}
{"epoch":1568404341,"battery":3.670248032,"Tdb_BME680":30.39,"RH_BME680":33.09,"P_BME680":103.15,"Alt_BME680":-187.61,"TVOC":628,"ECO2":1073,"RCO2":546,"Tdb_scd30":31.68,"RH_scd30":32.69,"Lux":0.23,"PM1":0.15,"PM25":0.16,"PM10":0.16,"Air":0.18}
{"epoch":1568404403,"battery":3.668003082,"Tdb_BME680":30.4,"RH_BME680":33.09,"P_BME680":103.15,"Alt_BME680":-187.03,"TVOC":636,"ECO2":1072,"RCO2":548,"Tdb_scd30":31.68,"RH_scd30":32.67,"Lux":0.23,"PM1":0.1,"PM25":0.11,"PM10":0.11,"Air":0.18}
{"epoch":1568404465,"battery":3.673615217,"Tdb_BME680":30.41,"RH_BME680":33.11,"P_BME680":103.15,"Alt_BME680":-187.2,"TVOC":638,"ECO2":1073,"RCO2":544,"Tdb_scd30":31.73,"RH_scd30":32.71,"Lux":0.17,"PM1":0.13,"PM25":0.13,"PM10":0.13,"Air":0.19}
{"epoch":1568404526,"battery":3.66351366,"Tdb_BME680":30.43,"RH_BME680":33.13,"P_BME680":103.15,"Alt_BME680":-187.03,"TVOC":641,"ECO2":1109,"RCO2":545,"Tdb_scd30":31.71,"RH_scd30":32.68,"Lux":0.17,"PM1":0.14,"PM25":0.14,"PM10":0.14,"Air":0.15}
{"epoch":1568404588,"battery":3.676982403,"Tdb_BME680":30.46,"RH_BME680":33.17,"P_BME680":103.15,"Alt_BME680":-187.2,"TVOC":652,"ECO2":1114,"RCO2":547,"Tdb_scd30":31.74,"RH_scd30":32.74,"Lux":0.12,"PM1":0.17,"PM25":0.17,"PM10":0.17,"Air":0.15}
{"epoch":1568404650,"battery":3.664635897,"Tdb_BME680":30.48,"RH_BME680":33.22,"P_BME680":103.15,"Alt_BME680":-187.61,"TVOC":658,"ECO2":1133,"RCO2":546,"Tdb_scd30":31.75,"RH_scd30":32.77,"Lux":0.23,"PM1":0.11,"PM25":0.12,"PM10":0.12,"Air":0.17}
{"epoch":1568404711,"battery":3.668003082,"Tdb_BME680":30.5,"RH_BME680":33.17,"P_BME680":103.15,"Alt_BME680":-187.44,"TVOC":660,"ECO2":1128,"RCO2":545,"Tdb_scd30":31.78,"RH_scd30":32.79,"Lux":0.17,"PM1":0.18,"PM25":0.19,"PM10":0.19,"Air":0.14}
{"epoch":1568404773,"battery":3.662391186,"Tdb_BME680":30.51,"RH_BME680":33.19,"P_BME680":103.15,"Alt_BME680":-187.2,"TVOC":659,"ECO2":1131,"RCO2":543,"Tdb_scd30":31.78,"RH_scd30":32.75,"Lux":0.23,"PM1":0.15,"PM25":0.16,"PM10":0.16,"Air":0.1}
{"epoch":1568404835,"battery":3.671370506,"Tdb_BME680":30.53,"RH_BME680":33.18,"P_BME680":103.15,"Alt_BME680":-187.36,"TVOC":656,"ECO2":1130,"RCO2":543,"Tdb_scd30":31.81,"RH_scd30":32.76,"Lux":0.12,"PM1":0.08,"PM25":0.08,"PM10":0.08,"Air":0.18}
{"epoch":1568404897,"battery":3.664635897,"Tdb_BME680":30.55,"RH_BME680":33.2,"P_BME680":103.15,"Alt_BME680":-187.61,"TVOC":652,"ECO2":1130,"RCO2":547,"Tdb_scd30":31.83,"RH_scd30":32.73,"Lux":0.23,"PM1":0.08,"PM25":0.09,"PM10":0.09,"Air":0.1}
{"epoch":1568404958,"battery":3.669125557,"Tdb_BME680":30.56,"RH_BME680":33.22,"P_BME680":103.16,"Alt_BME680":-187.77,"TVOC":678,"ECO2":1128,"RCO2":548,"Tdb_scd30":31.84,"RH_scd30":32.85,"Lux":0.17,"PM1":0.24,"PM25":0.25,"PM10":0.25,"Air":0.08}
{"epoch":1568405020,"battery":3.639943123,"Tdb_BME680":30.6,"RH_BME680":33.77,"P_BME680":103.15,"Alt_BME680":-187.36,"TVOC":674,"ECO2":1132,"RCO2":569,"Tdb_scd30":31.89,"RH_scd30":33.47,"Lux":0.86,"PM1":0.66,"PM25":0.67,"PM10":0.67,"Air":0.11}
{"epoch":1568405082,"battery":3.653412104,"Tdb_BME680":30.69,"RH_BME680":33.75,"P_BME680":103.15,"Alt_BME680":-187.2,"TVOC":646,"ECO2":1106,"RCO2":582,"Tdb_scd30":31.98,"RH_scd30":33.38,"Lux":0.17,"PM1":0.62,"PM25":0.64,"PM10":0.64,"Air":0.24}
{"epoch":1568405144,"battery":3.671370506,"Tdb_BME680":30.79,"RH_BME680":33.82,"P_BME680":103.15,"Alt_BME680":-186.87,"TVOC":660,"ECO2":1146,"RCO2":580,"Tdb_scd30":32.07,"RH_scd30":33.55,"Lux":0.23,"PM1":6,"PM25":6.16,"PM10":6.16,"Air":0.12}
{"epoch":1568405205,"battery":3.637698412,"Tdb_BME680":30.85,"RH_BME680":34.04,"P_BME680":103.15,"Alt_BME680":-187.2,"TVOC":647,"ECO2":1162,"RCO2":591,"Tdb_scd30":32.14,"RH_scd30":34.04,"Lux":0.63,"PM1":4.77,"PM25":4.97,"PM10":5.04,"Air":0.12}
{"epoch":1568405267,"battery":3.662391186,"Tdb_BME680":30.9,"RH_BME680":34.17,"P_BME680":103.16,"Alt_BME680":-187.94,"TVOC":681,"ECO2":1180,"RCO2":638,"Tdb_scd30":32.19,"RH_scd30":34.12,"Lux":0.81,"PM1":2.36,"PM25":2.48,"PM10":2.52,"Air":0.14}
{"epoch":1568405329,"battery":3.660146475,"Tdb_BME680":30.95,"RH_BME680":35.17,"P_BME680":103.15,"Alt_BME680":-187.61,"TVOC":1098,"ECO2":1427,"RCO2":652,"Tdb_scd30":32.28,"RH_scd30":34.76,"Lux":0.52,"PM1":0.92,"PM25":0.96,"PM10":0.97,"Air":0.09}
{"epoch":1568405391,"battery":3.632086515,"Tdb_BME680":31.07,"RH_BME680":35.28,"P_BME680":103.15,"Alt_BME680":-187.44,"TVOC":1370,"ECO2":1486,"RCO2":678,"Tdb_scd30":32.42,"RH_scd30":34.84,"Lux":0.52,"PM1":0.56,"PM25":0.58,"PM10":0.59,"Air":0.05}
{"epoch":1568405452,"battery":3.655656815,"Tdb_BME680":31.19,"RH_BME680":35.47,"P_BME680":103.16,"Alt_BME680":-187.94,"TVOC":1463,"ECO2":1577,"RCO2":698,"Tdb_scd30":32.54,"RH_scd30":34.89,"Lux":2.94,"PM1":0.53,"PM25":0.55,"PM10":0.56,"Air":0.18}
{"epoch":1568405514,"battery":3.655656815,"Tdb_BME680":31.23,"RH_BME680":34.34,"P_BME680":103.16,"Alt_BME680":-187.77,"TVOC":1013,"ECO2":1327,"RCO2":683,"Tdb_scd30":32.52,"RH_scd30":33.86,"Lux":1.43,"PM1":0.6,"PM25":0.62,"PM10":0.63,"Air":0.18}
{"epoch":1568405576,"battery":3.636575937,"Tdb_BME680":31.31,"RH_BME680":34.35,"P_BME680":103.16,"Alt_BME680":-187.77,"TVOC":985,"ECO2":1288,"RCO2":653,"Tdb_scd30":32.62,"RH_scd30":33.93,"Lux":1.2,"PM1":0.71,"PM25":0.74,"PM10":0.74,"Air":0.1}
{"epoch":1568405638,"battery":3.657901525,"Tdb_BME680":31.32,"RH_BME680":33.47,"P_BME680":103.16,"Alt_BME680":-187.77,"TVOC":804,"ECO2":1325,"RCO2":639,"Tdb_scd30":32.56,"RH_scd30":32.95,"Lux":41.56,"PM1":0.61,"PM25":0.63,"PM10":0.63,"Air":0.13}
{"epoch":1568405699,"battery":3.653412104,"Tdb_BME680":31.05,"RH_BME680":32.44,"P_BME680":103.18,"Alt_BME680":-190.4,"TVOC":525,"ECO2":833,"RCO2":552,"Tdb_scd30":32.24,"RH_scd30":32.29,"Lux":58.44,"PM1":1.52,"PM25":1.57,"PM10":1.58,"Air":0.14}
{"epoch":1568405761,"battery":3.627596855,"Tdb_BME680":30.59,"RH_BME680":33.5,"P_BME680":103.19,"Alt_BME680":-190.24,"TVOC":495,"ECO2":958,"RCO2":508,"Tdb_scd30":31.97,"RH_scd30":33.19,"Lux":142.01,"PM1":1.82,"PM25":1.87,"PM10":1.88,"Air":0.14}
{"epoch":1568405823,"battery":3.648922443,"Tdb_BME680":30.3,"RH_BME680":34.22,"P_BME680":103.19,"Alt_BME680":-190.24,"TVOC":527,"ECO2":938,"RCO2":550,"Tdb_scd30":31.88,"RH_scd30":33.14,"Lux":196.55,"PM1":2.01,"PM25":2.07,"PM10":2.07,"Air":0.16}
{"epoch":1568405885,"battery":3.656779289,"Tdb_BME680":30.13,"RH_BME680":34.89,"P_BME680":103.18,"Alt_BME680":-189.91,"TVOC":475,"ECO2":1018,"RCO2":559,"Tdb_scd30":31.8,"RH_scd30":34.01,"Lux":104.52,"PM1":1.31,"PM25":1.35,"PM10":1.35,"Air":0.14}
{"epoch":1568405946,"battery":3.634331226,"Tdb_BME680":30.24,"RH_BME680":34.15,"P_BME680":103.19,"Alt_BME680":-190.24,"TVOC":504,"ECO2":952,"RCO2":572,"Tdb_scd30":31.85,"RH_scd30":33.11,"Lux":183.48,"PM1":1.61,"PM25":1.66,"PM10":1.66,"Air":0.13}
{"epoch":1568406008,"battery":3.650044918,"Tdb_BME680":30.23,"RH_BME680":34.08,"P_BME680":103.18,"Alt_BME680":-189.58,"TVOC":527,"ECO2":1088,"RCO2":558,"Tdb_scd30":31.83,"RH_scd30":33.18,"Lux":52.47,"PM1":1.23,"PM25":1.26,"PM10":1.26,"Air":0.11}
{"epoch":1568406070,"battery":3.65453434,"Tdb_BME680":30.07,"RH_BME680":34.22,"P_BME680":103.16,"Alt_BME680":-188.6,"TVOC":493,"ECO2":966,"RCO2":556,"Tdb_scd30":31.51,"RH_scd30":33.37,"Lux":153.98,"PM1":4.79,"PM25":4.91,"PM10":4.91,"Air":0.18}
{"epoch":1568406132,"battery":3.625351906,"Tdb_BME680":29.81,"RH_BME680":34.54,"P_BME680":103.17,"Alt_BME680":-188.92,"TVOC":458,"ECO2":909,"RCO2":560,"Tdb_scd30":31.43,"RH_scd30":33.59,"Lux":135.5,"PM1":2.63,"PM25":2.7,"PM10":2.7,"Air":0.11}
{"epoch":1568406193,"battery":3.644432783,"Tdb_BME680":29.67,"RH_BME680":34.9,"P_BME680":103.17,"Alt_BME680":-188.6,"TVOC":461,"ECO2":1021,"RCO2":567,"Tdb_scd30":31.38,"RH_scd30":33.8,"Lux":123.51,"PM1":1.9,"PM25":1.95,"PM10":1.95,"Air":0.09}
{"epoch":1568406255,"battery":3.652289629,"Tdb_BME680":29.62,"RH_BME680":35.04,"P_BME680":103.17,"Alt_BME680":-188.92,"TVOC":466,"ECO2":905,"RCO2":567,"Tdb_scd30":31.34,"RH_scd30":33.75,"Lux":126.53,"PM1":1.67,"PM25":1.72,"PM10":1.72,"Air":0.18}
{"epoch":1568406317,"battery":3.647799969,"Tdb_BME680":29.55,"RH_BME680":35.13,"P_BME680":103.17,"Alt_BME680":-189.09,"TVOC":521,"ECO2":970,"RCO2":559,"Tdb_scd30":31.29,"RH_scd30":33.75,"Lux":152.4,"PM1":1.73,"PM25":1.78,"PM10":1.78,"Air":0.14}
{"epoch":1568406379,"battery":3.637698412,"Tdb_BME680":29.54,"RH_BME680":34.57,"P_BME680":103.16,"Alt_BME680":-188.43,"TVOC":822,"ECO2":1646,"RCO2":889,"Tdb_scd30":31.24,"RH_scd30":33.37,"Lux":0.82,"PM1":27.05,"PM25":28.4,"PM10":29,"Air":0.12}
{"epoch":1568406440,"battery":3.632086515,"Tdb_BME680":29.56,"RH_BME680":34.97,"P_BME680":103.17,"Alt_BME680":-189.09,"TVOC":661,"ECO2":1135,"RCO2":704,"Tdb_scd30":31.22,"RH_scd30":33.98,"Lux":274.55,"PM1":13.49,"PM25":14.46,"PM10":15.03,"Air":0.1}
{"epoch":1568406502,"battery":3.648922443,"Tdb_BME680":29.58,"RH_BME680":35.13,"P_BME680":103.17,"Alt_BME680":-189.09,"TVOC":537,"ECO2":1073,"RCO2":581,"Tdb_scd30":31.17,"RH_scd30":34.32,"Lux":196.04,"PM1":5.25,"PM25":5.6,"PM10":5.8,"Air":0.11}
{"epoch":1568406564,"battery":3.641065598,"Tdb_BME680":29.45,"RH_BME680":35.25,"P_BME680":103.17,"Alt_BME680":-188.92,"TVOC":434,"ECO2":796,"RCO2":504,"Tdb_scd30":30.87,"RH_scd30":34.6,"Lux":197.41,"PM1":2.1,"PM25":2.2,"PM10":2.25,"Air":0.67}
{"epoch":1568406625,"battery":3.65453434,"Tdb_BME680":29.56,"RH_BME680":36.43,"P_BME680":103.17,"Alt_BME680":-189.25,"TVOC":478,"ECO2":1134,"RCO2":567,"Tdb_scd30":31.54,"RH_scd30":34.73,"Lux":374.66,"PM1":2,"PM25":2.07,"PM10":2.1,"Air":0.12}
{"epoch":1568406687,"battery":3.661268711,"Tdb_BME680":30.21,"RH_BME680":34.65,"P_BME680":103.17,"Alt_BME680":-189.09,"TVOC":517,"ECO2":1088,"RCO2":578,"Tdb_scd30":31.98,"RH_scd30":33.54,"Lux":270.06,"PM1":4.39,"PM25":4.5,"PM10":4.5,"Air":0.11}
{"epoch":1568406749,"battery":3.651167154,"Tdb_BME680":30.72,"RH_BME680":34.12,"P_BME680":103.17,"Alt_BME680":-189.09,"TVOC":544,"ECO2":1093,"RCO2":570,"Tdb_scd30":32.38,"RH_scd30":33.42,"Lux":566.52,"PM1":2.03,"PM25":2.08,"PM10":2.08,"Air":0.09}
{"epoch":1568406811,"battery":3.641065598,"Tdb_BME680":31.07,"RH_BME680":33.56,"P_BME680":103.16,"Alt_BME680":-188.6,"TVOC":562,"ECO2":1326,"RCO2":588,"Tdb_scd30":32.56,"RH_scd30":32.29,"Lux":234.81,"PM1":2.19,"PM25":2.24,"PM10":2.24,"Air":0.12}
{"epoch":1568406872,"battery":3.647799969,"Tdb_BME680":31.56,"RH_BME680":28,"P_BME680":103.15,"Alt_BME680":-187.2,"TVOC":2253,"ECO2":3556,"RCO2":1899,"Tdb_scd30":33.44,"RH_scd30":26.17,"Lux":417.12,"PM1":1.82,"PM25":1.87,"PM10":1.87,"Air":0.24}
{"epoch":1568406934,"battery":3.647799969,"Tdb_BME680":32.15,"RH_BME680":24.56,"P_BME680":103.15,"Alt_BME680":-187.2,"TVOC":2351,"ECO2":3307,"RCO2":2049,"Tdb_scd30":34.19,"RH_scd30":23.39,"Lux":391.16,"PM1":2.06,"PM25":2.11,"PM10":2.11,"Air":0.14}
{"epoch":1568406996,"battery":3.636575937,"Tdb_BME680":32.72,"RH_BME680":22.84,"P_BME680":103.14,"Alt_BME680":-186.38,"TVOC":2351,"ECO2":3210,"RCO2":2246,"Tdb_scd30":34.96,"RH_scd30":21.42,"Lux":431.01,"PM1":1.71,"PM25":1.75,"PM10":1.75,"Air":0.19}
{"epoch":1568407058,"battery":3.625351906,"Tdb_BME680":33.33,"RH_BME680":22.76,"P_BME680":103.13,"Alt_BME680":-185.56,"TVOC":2204,"ECO2":3007,"RCO2":2058,"Tdb_scd30":35.78,"RH_scd30":21.78,"Lux":425.15,"PM1":1.86,"PM25":1.9,"PM10":1.9,"Air":0.14}
{"epoch":1568407119,"battery":3.614128113,"Tdb_BME680":33.81,"RH_BME680":21.98,"P_BME680":103.15,"Alt_BME680":-187.2,"TVOC":2170,"ECO2":3127,"RCO2":2166,"Tdb_scd30":36.16,"RH_scd30":21.1,"Lux":103.26,"PM1":1.55,"PM25":1.59,"PM10":1.59,"Air":0.15}
{"epoch":1568407181,"battery":3.639943123,"Tdb_BME680":33.73,"RH_BME680":21.3,"P_BME680":103.14,"Alt_BME680":-185.88,"TVOC":2232,"ECO2":3040,"RCO2":2326,"Tdb_scd30":35.84,"RH_scd30":20.65,"Lux":79.72,"PM1":1.4,"PM25":1.44,"PM10":1.44,"Air":0.09}
{"epoch":1568407243,"battery":3.634331226,"Tdb_BME680":33.25,"RH_BME680":21.33,"P_BME680":103.1,"Alt_BME680":-182.93,"TVOC":2271,"ECO2":3047,"RCO2":2428,"Tdb_scd30":35.24,"RH_scd30":20.61,"Lux":60.39,"PM1":1.63,"PM25":1.67,"PM10":1.67,"Air":0.17}
{"epoch":1568407305,"battery":3.610760689,"Tdb_BME680":32.75,"RH_BME680":22.25,"P_BME680":103.09,"Alt_BME680":-181.28,"TVOC":2162,"ECO2":2784,"RCO2":2248,"Tdb_scd30":34.74,"RH_scd30":21.69,"Lux":33.91,"PM1":1.97,"PM25":2.02,"PM10":2.02,"Air":0.11}
{"epoch":1568407366,"battery":3.642188072,"Tdb_BME680":32.37,"RH_BME680":21.29,"P_BME680":102.94,"Alt_BME680":-169.2,"TVOC":2904,"ECO2":3441,"RCO2":2436,"Tdb_scd30":34.38,"RH_scd30":20.4,"Lux":18.07,"PM1":2.02,"PM25":2.08,"PM10":2.08,"Air":0.11}
{"epoch":1568407428,"battery":3.636575937,"Tdb_BME680":31.99,"RH_BME680":21.33,"P_BME680":102.87,"Alt_BME680":-163.77,"TVOC":2936,"ECO2":3374,"RCO2":2610,"Tdb_scd30":33.94,"RH_scd30":20.88,"Lux":2.12,"PM1":1.4,"PM25":1.44,"PM10":1.44,"Air":0.17}
{"epoch":1568407490,"battery":3.630964041,"Tdb_BME680":31.48,"RH_BME680":27.32,"P_BME680":102.85,"Alt_BME680":-161.87,"TVOC":1725,"ECO2":1354,"RCO2":1174,"Tdb_scd30":33.51,"RH_scd30":26.67,"Lux":114.85,"PM1":1.29,"PM25":1.32,"PM10":1.32,"Air":0.08}
{"epoch":1568407552,"battery":3.636575937,"Tdb_BME680":31.14,"RH_BME680":30.13,"P_BME680":102.84,"Alt_BME680":-162.04,"TVOC":614,"ECO2":833,"RCO2":590,"Tdb_scd30":32.99,"RH_scd30":28.96,"Lux":71.08,"PM1":1.97,"PM25":2.02,"PM10":2.02,"Air":0.16}
{"epoch":1568407613,"battery":3.62647438,"Tdb_BME680":30.87,"RH_BME680":34.41,"P_BME680":102.91,"Alt_BME680":-168.46,"TVOC":884,"ECO2":1452,"RCO2":816,"Tdb_scd30":33,"RH_scd30":32.84,"Lux":0.94,"PM1":8.71,"PM25":9.17,"PM10":9.4,"Air":0.12}
{"epoch":1568407675,"battery":3.632086515,"Tdb_BME680":31.16,"RH_BME680":33.89,"P_BME680":102.99,"Alt_BME680":-173.88,"TVOC":1247,"ECO2":1548,"RCO2":812,"Tdb_scd30":33.16,"RH_scd30":32.18,"Lux":1.17,"PM1":4.11,"PM25":5.13,"PM10":5.97,"Air":0.17}
{"epoch":1568407737,"battery":3.62647438,"Tdb_BME680":31.23,"RH_BME680":33.7,"P_BME680":102.93,"Alt_BME680":-169.53,"TVOC":1291,"ECO2":1551,"RCO2":811,"Tdb_scd30":33.05,"RH_scd30":32.68,"Lux":1.21,"PM1":1.8,"PM25":2.29,"PM10":2.7,"Air":0.12}
{"epoch":1568407798,"battery":3.604026318,"Tdb_BME680":31.2,"RH_BME680":36.25,"P_BME680":102.88,"Alt_BME680":-165.16,"TVOC":1366,"ECO2":1782,"RCO2":809,"Tdb_scd30":32.96,"RH_scd30":35.32,"Lux":1.22,"PM1":1.65,"PM25":2.1,"PM10":2.47,"Air":0.12}
{"epoch":1568407861,"battery":3.636575937,"Tdb_BME680":31.21,"RH_BME680":38.36,"P_BME680":102.85,"Alt_BME680":-161.38,"TVOC":1398,"ECO2":1957,"RCO2":800,"Tdb_scd30":32.91,"RH_scd30":37.23,"Lux":1.38,"PM1":1.27,"PM25":1.6,"PM10":1.87,"Air":0.12}
{"epoch":1568407922,"battery":3.635453701,"Tdb_BME680":31.22,"RH_BME680":39.04,"P_BME680":102.84,"Alt_BME680":-162.86,"TVOC":1473,"ECO2":2180,"RCO2":787,"Tdb_scd30":32.87,"RH_scd30":37.44,"Lux":1.21,"PM1":1.21,"PM25":1.49,"PM10":1.73,"Air":0.17}
{"epoch":1568407984,"battery":3.605148792,"Tdb_BME680":31.17,"RH_BME680":37.38,"P_BME680":102.94,"Alt_BME680":-172.4,"TVOC":1372,"ECO2":1950,"RCO2":774,"Tdb_scd30":32.77,"RH_scd30":36.4,"Lux":1.41,"PM1":0.94,"PM25":1.15,"PM10":1.32,"Air":0.16}
{"epoch":1568408046,"battery":3.62647438,"Tdb_BME680":31.12,"RH_BME680":38.8,"P_BME680":103.08,"Alt_BME680":-182.43,"TVOC":1332,"ECO2":2024,"RCO2":761,"Tdb_scd30":32.7,"RH_scd30":37.72,"Lux":1.22,"PM1":1.2,"PM25":1.44,"PM10":1.64,"Air":0.13}
{"epoch":1568408107,"battery":3.619740009,"Tdb_BME680":31.11,"RH_BME680":39.34,"P_BME680":103.14,"Alt_BME680":-186.21,"TVOC":1336,"ECO2":2381,"RCO2":755,"Tdb_scd30":32.72,"RH_scd30":37.63,"Lux":3.96,"PM1":5.11,"PM25":6.15,"PM10":6.99,"Air":0.12}
{"epoch":1568408169,"battery":3.608515978,"Tdb_BME680":31.33,"RH_BME680":36.57,"P_BME680":103.18,"Alt_BME680":-189.09,"TVOC":1570,"ECO2":2501,"RCO2":918,"Tdb_scd30":32.91,"RH_scd30":35.03,"Lux":3.02,"PM1":5.1,"PM25":6.59,"PM10":7.84,"Air":0.08}
{"epoch":1568408231,"battery":3.627596855,"Tdb_BME680":31.51,"RH_BME680":33.66,"P_BME680":103.14,"Alt_BME680":-186.38,"TVOC":1056,"ECO2":1968,"RCO2":741,"Tdb_scd30":33.06,"RH_scd30":32.96,"Lux":3.53,"PM1":4.34,"PM25":5.24,"PM10":5.97,"Air":0.18}
{"epoch":1568408293,"battery":3.608515978,"Tdb_BME680":31.57,"RH_BME680":32.65,"P_BME680":103.06,"Alt_BME680":-180.13,"TVOC":866,"ECO2":1386,"RCO2":673,"Tdb_scd30":33.06,"RH_scd30":31.67,"Lux":14.27,"PM1":12.69,"PM25":14.36,"PM10":15.6,"Air":0.2}
{"epoch":1568408355,"battery":3.62647438,"Tdb_BME680":31.19,"RH_BME680":32.1,"P_BME680":103.06,"Alt_BME680":-180.13,"TVOC":531,"ECO2":969,"RCO2":598,"Tdb_scd30":32.42,"RH_scd30":31.74,"Lux":3.82,"PM1":1.95,"PM25":2.14,"PM10":2.26,"Air":0.14}
{"epoch":1568408416,"battery":3.630964041,"Tdb_BME680":30.7,"RH_BME680":32.91,"P_BME680":103.08,"Alt_BME680":-181.28,"TVOC":508,"ECO2":953,"RCO2":577,"Tdb_scd30":32.03,"RH_scd30":32.51,"Lux":49.65,"PM1":1.04,"PM25":1.13,"PM10":1.19,"Air":0.18}
{"epoch":1568408478,"battery":3.62198472,"Tdb_BME680":30.39,"RH_BME680":33.61,"P_BME680":103.09,"Alt_BME680":-182.27,"TVOC":486,"ECO2":944,"RCO2":561,"Tdb_scd30":31.74,"RH_scd30":33.23,"Lux":57.83,"PM1":1.58,"PM25":1.71,"PM10":1.78,"Air":0.1}
{"epoch":1568408540,"battery":3.62647438,"Tdb_BME680":30.1,"RH_BME680":33.66,"P_BME680":103.09,"Alt_BME680":-182.76,"TVOC":429,"ECO2":801,"RCO2":549,"Tdb_scd30":31.34,"RH_scd30":33.25,"Lux":37.67,"PM1":1.78,"PM25":1.9,"PM10":1.97,"Air":0.17}
{"epoch":1568408601,"battery":3.62422967,"Tdb_BME680":29.43,"RH_BME680":34.4,"P_BME680":103.09,"Alt_BME680":-181.78,"TVOC":392,"ECO2":980,"RCO2":607,"Tdb_scd30":31.07,"RH_scd30":32.07,"Lux":1.25,"PM1":2.08,"PM25":2.19,"PM10":2.24,"Air":0.13}
{"epoch":1568408663,"battery":3.625351906,"Tdb_BME680":29.28,"RH_BME680":30.14,"P_BME680":103.07,"Alt_BME680":-180.46,"TVOC":412,"ECO2":1121,"RCO2":1420,"Tdb_scd30":30.99,"RH_scd30":28.37,"Lux":3.17,"PM1":0.99,"PM25":1.04,"PM10":1.06,"Air":0.04}
{"epoch":1568408724,"battery":3.62647438,"Tdb_BME680":29.25,"RH_BME680":28.59,"P_BME680":103.02,"Alt_BME680":-175.37,"TVOC":395,"ECO2":1055,"RCO2":1607,"Tdb_scd30":30.87,"RH_scd30":27.49,"Lux":0.43,"PM1":0.71,"PM25":0.73,"PM10":0.73,"Air":0.08}
{"epoch":1568408786,"battery":3.619740009,"Tdb_BME680":29.23,"RH_BME680":27.78,"P_BME680":102.89,"Alt_BME680":-165.99,"TVOC":404,"ECO2":1028,"RCO2":1635,"Tdb_scd30":30.79,"RH_scd30":26.68,"Lux":0.78,"PM1":0.31,"PM25":0.32,"PM10":0.32,"Air":0.12}
{"epoch":1568408848,"battery":3.623107195,"Tdb_BME680":29.16,"RH_BME680":26.15,"P_BME680":102.93,"Alt_BME680":-169.69,"TVOC":373,"ECO2":931,"RCO2":1627,"Tdb_scd30":30.66,"RH_scd30":25.56,"Lux":0.91,"PM1":0.32,"PM25":0.33,"PM10":0.34,"Air":0.14}
{"epoch":1568408910,"battery":3.613005638,"Tdb_BME680":29.09,"RH_BME680":25.82,"P_BME680":102.99,"Alt_BME680":-174.38,"TVOC":373,"ECO2":886,"RCO2":1597,"Tdb_scd30":30.54,"RH_scd30":25.21,"Lux":1.41,"PM1":0.41,"PM25":0.43,"PM10":0.43,"Air":0.1}
{"epoch":1568408971,"battery":3.618617535,"Tdb_BME680":29.03,"RH_BME680":25.01,"P_BME680":103.04,"Alt_BME680":-179.72,"TVOC":349,"ECO2":863,"RCO2":1575,"Tdb_scd30":30.47,"RH_scd30":24.55,"Lux":1.43,"PM1":0.29,"PM25":0.29,"PM10":0.29,"Air":0.13}
{"epoch":1568409033,"battery":3.617495298,"Tdb_BME680":28.95,"RH_BME680":24.62,"P_BME680":103.11,"Alt_BME680":-183.58,"TVOC":358,"ECO2":826,"RCO2":1569,"Tdb_scd30":30.31,"RH_scd30":24.25,"Lux":2.13,"PM1":0.35,"PM25":0.36,"PM10":0.36,"Air":0.11}
{"epoch":1568409095,"battery":3.62422967,"Tdb_BME680":28.87,"RH_BME680":24.14,"P_BME680":103.18,"Alt_BME680":-189.91,"TVOC":336,"ECO2":781,"RCO2":1556,"Tdb_scd30":30.22,"RH_scd30":23.83,"Lux":3.63,"PM1":0.28,"PM25":0.28,"PM10":0.28,"Air":0.11}
{"epoch":1568409156,"battery":3.617495298,"Tdb_BME680":28.81,"RH_BME680":23.62,"P_BME680":103.2,"Alt_BME680":-191.47,"TVOC":344,"ECO2":752,"RCO2":1547,"Tdb_scd30":30.15,"RH_scd30":23.33,"Lux":1.61,"PM1":0.25,"PM25":0.26,"PM10":0.26,"Air":0.07}
{"epoch":1568409218,"battery":3.592802286,"Tdb_BME680":28.73,"RH_BME680":23.92,"P_BME680":103.2,"Alt_BME680":-191.63,"TVOC":323,"ECO2":690,"RCO2":1524,"Tdb_scd30":30.05,"RH_scd30":23.97,"Lux":1.5,"PM1":0.19,"PM25":0.19,"PM10":0.19,"Air":0.09}
{"epoch":1568409280,"battery":3.608515978,"Tdb_BME680":28.66,"RH_BME680":24.85,"P_BME680":103.2,"Alt_BME680":-191.47,"TVOC":280,"ECO2":673,"RCO2":1442,"Tdb_scd30":29.97,"RH_scd30":24.81,"Lux":1.56,"PM1":0.34,"PM25":0.35,"PM10":0.35,"Air":0.13}
{"epoch":1568409342,"battery":3.618617535,"Tdb_BME680":28.62,"RH_BME680":25.51,"P_BME680":103.2,"Alt_BME680":-191.47,"TVOC":251,"ECO2":655,"RCO2":1423,"Tdb_scd30":29.93,"RH_scd30":25.42,"Lux":1.4,"PM1":0.12,"PM25":0.13,"PM10":0.13,"Air":0.09}
{"epoch":1568409404,"battery":3.614128113,"Tdb_BME680":28.58,"RH_BME680":25.91,"P_BME680":103.21,"Alt_BME680":-191.96,"TVOC":224,"ECO2":640,"RCO2":1341,"Tdb_scd30":29.86,"RH_scd30":25.93,"Lux":1.11,"PM1":0.2,"PM25":0.21,"PM10":0.21,"Air":0.15}
{"epoch":1568409465,"battery":3.613005638,"Tdb_BME680":28.55,"RH_BME680":26.56,"P_BME680":103.21,"Alt_BME680":-192.29,"TVOC":226,"ECO2":664,"RCO2":1295,"Tdb_scd30":29.83,"RH_scd30":26.47,"Lux":0.98,"PM1":0.25,"PM25":0.25,"PM10":0.25,"Air":0.1}
{"epoch":1568409527,"battery":3.604026318,"Tdb_BME680":28.54,"RH_BME680":26.65,"P_BME680":103.21,"Alt_BME680":-192.62,"TVOC":236,"ECO2":690,"RCO2":1256,"Tdb_scd30":29.8,"RH_scd30":26.44,"Lux":1.14,"PM1":0.4,"PM25":0.41,"PM10":0.41,"Air":0.14}
{"epoch":1568409589,"battery":3.595047235,"Tdb_BME680":28.51,"RH_BME680":26.5,"P_BME680":103.21,"Alt_BME680":-192.45,"TVOC":231,"ECO2":691,"RCO2":1245,"Tdb_scd30":29.76,"RH_scd30":26.29,"Lux":1.47,"PM1":0.26,"PM25":0.27,"PM10":0.27,"Air":0.15}
{"epoch":1568409650,"battery":3.600659132,"Tdb_BME680":28.47,"RH_BME680":26.72,"P_BME680":103.21,"Alt_BME680":-191.47,"TVOC":245,"ECO2":707,"RCO2":1241,"Tdb_scd30":29.73,"RH_scd30":26.45,"Lux":1.2,"PM1":0.28,"PM25":0.28,"PM10":0.28,"Air":0.14}
{"epoch":1568409712,"battery":3.609638453,"Tdb_BME680":28.38,"RH_BME680":26.39,"P_BME680":103.22,"Alt_BME680":-193.11,"TVOC":259,"ECO2":728,"RCO2":1242,"Tdb_scd30":29.64,"RH_scd30":26.35,"Lux":2.33,"PM1":0.82,"PM25":0.84,"PM10":0.84,"Air":0.06}
{"epoch":1568409774,"battery":3.610760689,"Tdb_BME680":28.37,"RH_BME680":30.66,"P_BME680":103.22,"Alt_BME680":-192.45,"TVOC":378,"ECO2":1164,"RCO2":821,"Tdb_scd30":29.79,"RH_scd30":31.74,"Lux":86.92,"PM1":1.27,"PM25":1.3,"PM10":1.3,"Air":0.17}
{"epoch":1568409836,"battery":3.599536896,"Tdb_BME680":28.59,"RH_BME680":33.61,"P_BME680":103.2,"Alt_BME680":-191.22,"TVOC":621,"ECO2":1306,"RCO2":717,"Tdb_scd30":29.91,"RH_scd30":33.52,"Lux":1.79,"PM1":1.03,"PM25":1.06,"PM10":1.06,"Air":0.11}
{"epoch":1568409897,"battery":3.600659132,"Tdb_BME680":28.75,"RH_BME680":34.9,"P_BME680":103.2,"Alt_BME680":-191.3,"TVOC":1314,"ECO2":2137,"RCO2":822,"Tdb_scd30":30.05,"RH_scd30":34.57,"Lux":7.2,"PM1":0.57,"PM25":0.58,"PM10":0.58,"Air":0.09}
{"epoch":1568409959,"battery":3.610760689,"Tdb_BME680":28.94,"RH_BME680":35.52,"P_BME680":103.2,"Alt_BME680":-191.06,"TVOC":1705,"ECO2":2724,"RCO2":863,"Tdb_scd30":30.25,"RH_scd30":35.05,"Lux":2.19,"PM1":0.5,"PM25":0.52,"PM10":0.52,"Air":0.1}
{"epoch":1568410021,"battery":3.574843884,"Tdb_BME680":29.02,"RH_BME680":34.81,"P_BME680":103.18,"Alt_BME680":-189.42,"TVOC":1453,"ECO2":1791,"RCO2":854,"Tdb_scd30":30.27,"RH_scd30":34.48,"Lux":2.49,"PM1":0.75,"PM25":0.77,"PM10":0.77,"Air":0.09}
{"epoch":1568410083,"battery":3.59616971,"Tdb_BME680":29.06,"RH_BME680":35.1,"P_BME680":103.17,"Alt_BME680":-189.09,"TVOC":1564,"ECO2":1837,"RCO2":836,"Tdb_scd30":30.34,"RH_scd30":34.54,"Lux":0.65,"PM1":0.37,"PM25":0.38,"PM10":0.38,"Air":0.11}
{"epoch":1568410144,"battery":3.602904081,"Tdb_BME680":29.18,"RH_BME680":34.77,"P_BME680":103.17,"Alt_BME680":-188.92,"TVOC":1686,"ECO2":1897,"RCO2":825,"Tdb_scd30":30.54,"RH_scd30":34.21,"Lux":0.56,"PM1":0.32,"PM25":0.33,"PM10":0.33,"Air":0.09}
{"epoch":1568410206,"battery":3.608515978,"Tdb_BME680":29.3,"RH_BME680":34.48,"P_BME680":103.17,"Alt_BME680":-189.09,"TVOC":1670,"ECO2":1943,"RCO2":790,"Tdb_scd30":30.62,"RH_scd30":34,"Lux":0.5,"PM1":0.24,"PM25":0.24,"PM10":0.24,"Air":0.12}
{"epoch":1568410268,"battery":3.597291946,"Tdb_BME680":29.4,"RH_BME680":34.32,"P_BME680":103.17,"Alt_BME680":-189.25,"TVOC":1759,"ECO2":2061,"RCO2":800,"Tdb_scd30":30.73,"RH_scd30":33.81,"Lux":0.48,"PM1":0.14,"PM25":0.14,"PM10":0.14,"Air":0.11}
{"epoch":1568410329,"battery":3.600659132,"Tdb_BME680":29.49,"RH_BME680":34.23,"P_BME680":103.17,"Alt_BME680":-189.09,"TVOC":1763,"ECO2":2132,"RCO2":796,"Tdb_scd30":30.83,"RH_scd30":33.68,"Lux":0.49,"PM1":0.05,"PM25":0.05,"PM10":0.05,"Air":0.11}
{"epoch":1568410391,"battery":3.581578493,"Tdb_BME680":29.56,"RH_BME680":34.14,"P_BME680":103.18,"Alt_BME680":-189.74,"TVOC":1838,"ECO2":2178,"RCO2":798,"Tdb_scd30":30.9,"RH_scd30":33.6,"Lux":0.56,"PM1":0.22,"PM25":0.23,"PM10":0.23,"Air":0.15}
{"epoch":1568410453,"battery":3.608515978,"Tdb_BME680":29.66,"RH_BME680":34.04,"P_BME680":103.18,"Alt_BME680":-189.91,"TVOC":1846,"ECO2":2206,"RCO2":795,"Tdb_scd30":31,"RH_scd30":33.55,"Lux":0.72,"PM1":0.2,"PM25":0.2,"PM10":0.2,"Air":0.14}
{"epoch":1568410514,"battery":3.59168005,"Tdb_BME680":29.75,"RH_BME680":33.94,"P_BME680":103.18,"Alt_BME680":-189.58,"TVOC":1829,"ECO2":2183,"RCO2":794,"Tdb_scd30":31.1,"RH_scd30":33.43,"Lux":0.72,"PM1":0.36,"PM25":0.37,"PM10":0.37,"Air":0.09}
{"epoch":1568410576,"battery":3.59168005,"Tdb_BME680":29.84,"RH_BME680":33.84,"P_BME680":103.18,"Alt_BME680":-189.74,"TVOC":1832,"ECO2":2178,"RCO2":793,"Tdb_scd30":31.19,"RH_scd30":33.33,"Lux":0.68,"PM1":0.28,"PM25":0.29,"PM10":0.29,"Air":0.12}
{"epoch":1568410638,"battery":3.589435101,"Tdb_BME680":29.91,"RH_BME680":33.75,"P_BME680":103.18,"Alt_BME680":-189.42,"TVOC":1900,"ECO2":2201,"RCO2":791,"Tdb_scd30":31.23,"RH_scd30":33.23,"Lux":0.72,"PM1":0.21,"PM25":0.21,"PM10":0.21,"Air":0.08}
{"epoch":1568410700,"battery":3.58719039,"Tdb_BME680":29.98,"RH_BME680":33.66,"P_BME680":103.18,"Alt_BME680":-189.74,"TVOC":1884,"ECO2":2238,"RCO2":792,"Tdb_scd30":31.32,"RH_scd30":33.21,"Lux":0.68,"PM1":0.16,"PM25":0.16,"PM10":0.16,"Air":0.09}
{"epoch":1568410761,"battery":3.59168005,"Tdb_BME680":30.04,"RH_BME680":33.59,"P_BME680":103.18,"Alt_BME680":-190.07,"TVOC":1876,"ECO2":2263,"RCO2":789,"Tdb_scd30":31.38,"RH_scd30":33.07,"Lux":0.62,"PM1":0.19,"PM25":0.2,"PM10":0.2,"Air":0.13}
{"epoch":1568410823,"battery":3.597291946,"Tdb_BME680":30.09,"RH_BME680":33.57,"P_BME680":103.18,"Alt_BME680":-190.07,"TVOC":1868,"ECO2":2254,"RCO2":788,"Tdb_scd30":31.43,"RH_scd30":33.07,"Lux":0.6,"PM1":0.31,"PM25":0.31,"PM10":0.31,"Air":0.03}
{"epoch":1568410885,"battery":3.601781607,"Tdb_BME680":30.14,"RH_BME680":33.47,"P_BME680":103.18,"Alt_BME680":-190.24,"TVOC":1924,"ECO2":2305,"RCO2":789,"Tdb_scd30":31.46,"RH_scd30":33.02,"Lux":0.59,"PM1":0.4,"PM25":0.41,"PM10":0.41,"Air":0.25}
{"epoch":1568410946,"battery":3.583823204,"Tdb_BME680":30.18,"RH_BME680":33.42,"P_BME680":103.19,"Alt_BME680":-190.24,"TVOC":1940,"ECO2":2277,"RCO2":789,"Tdb_scd30":31.51,"RH_scd30":32.94,"Lux":0.59,"PM1":0.18,"PM25":0.19,"PM10":0.19,"Air":0.1}
{"epoch":1568411008,"battery":3.592802286,"Tdb_BME680":30.22,"RH_BME680":33.41,"P_BME680":103.18,"Alt_BME680":-190.07,"TVOC":1932,"ECO2":2342,"RCO2":790,"Tdb_scd30":31.54,"RH_scd30":32.94,"Lux":0.66,"PM1":0.16,"PM25":0.16,"PM10":0.16,"Air":0.12}
{"epoch":1568411070,"battery":3.589435101,"Tdb_BME680":30.25,"RH_BME680":33.37,"P_BME680":103.19,"Alt_BME680":-190.24,"TVOC":1942,"ECO2":2328,"RCO2":791,"Tdb_scd30":31.57,"RH_scd30":32.9,"Lux":0.66,"PM1":0.22,"PM25":0.23,"PM10":0.23,"Air":0.19}
{"epoch":1568411132,"battery":3.55913043,"Tdb_BME680":30.28,"RH_BME680":33.28,"P_BME680":103.19,"Alt_BME680":-190.57,"TVOC":1936,"ECO2":2314,"RCO2":789,"Tdb_scd30":31.6,"RH_scd30":32.82,"Lux":0.66,"PM1":0.14,"PM25":0.14,"PM10":0.14,"Air":0.1}
{"epoch":1568411193,"battery":3.597291946,"Tdb_BME680":30.31,"RH_BME680":33.27,"P_BME680":103.19,"Alt_BME680":-190.57,"TVOC":1934,"ECO2":2286,"RCO2":790,"Tdb_scd30":31.64,"RH_scd30":32.8,"Lux":0.66,"PM1":0.15,"PM25":0.16,"PM10":0.16,"Air":0.08}
{"epoch":1568411255,"battery":3.586067915,"Tdb_BME680":30.32,"RH_BME680":33.24,"P_BME680":103.19,"Alt_BME680":-190.57,"TVOC":1973,"ECO2":2342,"RCO2":790,"Tdb_scd30":31.65,"RH_scd30":32.82,"Lux":0.68,"PM1":0.25,"PM25":0.25,"PM10":0.25,"Air":0.11}
{"epoch":1568411317,"battery":3.570354462,"Tdb_BME680":30.34,"RH_BME680":33.21,"P_BME680":103.19,"Alt_BME680":-190.57,"TVOC":1944,"ECO2":2332,"RCO2":787,"Tdb_scd30":31.67,"RH_scd30":32.77,"Lux":0.66,"PM1":0.31,"PM25":0.32,"PM10":0.32,"Air":0.11}
{"epoch":1568411378,"battery":3.58719039,"Tdb_BME680":30.36,"RH_BME680":33.17,"P_BME680":103.19,"Alt_BME680":-190.73,"TVOC":1926,"ECO2":2252,"RCO2":788,"Tdb_scd30":31.71,"RH_scd30":32.71,"Lux":0.63,"PM1":0.22,"PM25":0.23,"PM10":0.23,"Air":0.13}
{"epoch":1568411440,"battery":3.577088833,"Tdb_BME680":30.37,"RH_BME680":33.23,"P_BME680":103.19,"Alt_BME680":-190.57,"TVOC":1950,"ECO2":2369,"RCO2":787,"Tdb_scd30":31.68,"RH_scd30":32.81,"Lux":0.55,"PM1":0.24,"PM25":0.25,"PM10":0.25,"Air":0.13}
{"epoch":1568411502,"battery":3.558007956,"Tdb_BME680":30.38,"RH_BME680":33.16,"P_BME680":103.19,"Alt_BME680":-190.57,"TVOC":1928,"ECO2":2275,"RCO2":786,"Tdb_scd30":31.71,"RH_scd30":32.74,"Lux":0.53,"PM1":0.19,"PM25":0.19,"PM10":0.19,"Air":0.13}
{"epoch":1568411564,"battery":3.582700729,"Tdb_BME680":30.39,"RH_BME680":33.18,"P_BME680":103.19,"Alt_BME680":-190.24,"TVOC":1975,"ECO2":2358,"RCO2":790,"Tdb_scd30":31.74,"RH_scd30":32.81,"Lux":0.52,"PM1":0.14,"PM25":0.14,"PM10":0.14,"Air":0.13}
{"epoch":1568411625,"battery":3.595047235,"Tdb_BME680":30.41,"RH_BME680":33.18,"P_BME680":103.19,"Alt_BME680":-190.07,"TVOC":1983,"ECO2":2360,"RCO2":790,"Tdb_scd30":31.74,"RH_scd30":32.73,"Lux":0.52,"PM1":0.08,"PM25":0.08,"PM10":0.08,"Air":0.12}
{"epoch":1568411687,"battery":3.581578493,"Tdb_BME680":30.43,"RH_BME680":33.16,"P_BME680":103.18,"Alt_BME680":-190.07,"TVOC":2023,"ECO2":2411,"RCO2":789,"Tdb_scd30":31.78,"RH_scd30":32.72,"Lux":0.52,"PM1":0.18,"PM25":0.19,"PM10":0.19,"Air":0.15}
{"epoch":1568411749,"battery":3.582700729,"Tdb_BME680":30.47,"RH_BME680":33.11,"P_BME680":103.19,"Alt_BME680":-190.4,"TVOC":1985,"ECO2":2420,"RCO2":790,"Tdb_scd30":31.81,"RH_scd30":32.7,"Lux":0.55,"PM1":0.14,"PM25":0.14,"PM10":0.14,"Air":0.12}
{"epoch":1568411810,"battery":3.59616971,"Tdb_BME680":30.49,"RH_BME680":33.06,"P_BME680":103.18,"Alt_BME680":-190.07,"TVOC":2015,"ECO2":2397,"RCO2":791,"Tdb_scd30":31.83,"RH_scd30":32.64,"Lux":0.56,"PM1":0.11,"PM25":0.11,"PM10":0.11,"Air":0.18}
{"epoch":1568411872,"battery":3.569231987,"Tdb_BME680":30.52,"RH_BME680":33.09,"P_BME680":103.18,"Alt_BME680":-189.91,"TVOC":2045,"ECO2":2425,"RCO2":790,"Tdb_scd30":31.81,"RH_scd30":32.72,"Lux":0.53,"PM1":0.18,"PM25":0.18,"PM10":0.18,"Air":0.19}
{"epoch":1568411934,"battery":3.598414421,"Tdb_BME680":30.54,"RH_BME680":33.03,"P_BME680":103.19,"Alt_BME680":-190.4,"TVOC":2031,"ECO2":2418,"RCO2":792,"Tdb_scd30":31.87,"RH_scd30":32.64,"Lux":0.53,"PM1":0.13,"PM25":0.13,"PM10":0.13,"Air":0.16}
{"epoch":1568411996,"battery":3.588312864,"Tdb_BME680":30.55,"RH_BME680":32.97,"P_BME680":103.19,"Alt_BME680":-190.4,"TVOC":2035,"ECO2":2406,"RCO2":787,"Tdb_scd30":31.87,"RH_scd30":32.57,"Lux":0.52,"PM1":0.11,"PM25":0.11,"PM10":0.11,"Air":0.12}
{"epoch":1568412057,"battery":3.546783924,"Tdb_BME680":30.56,"RH_BME680":33.01,"P_BME680":103.18,"Alt_BME680":-190.07,"TVOC":2047,"ECO2":2475,"RCO2":783,"Tdb_scd30":31.88,"RH_scd30":32.65,"Lux":0.5,"PM1":0.26,"PM25":0.27,"PM10":0.27,"Air":0.16}
{"epoch":1568412119,"battery":3.595047235,"Tdb_BME680":30.57,"RH_BME680":32.97,"P_BME680":103.19,"Alt_BME680":-190.24,"TVOC":2055,"ECO2":2457,"RCO2":785,"Tdb_scd30":31.88,"RH_scd30":32.6,"Lux":0.52,"PM1":0.09,"PM25":0.09,"PM10":0.09,"Air":0.14}
{"epoch":1568412181,"battery":3.566987276,"Tdb_BME680":30.59,"RH_BME680":32.93,"P_BME680":103.19,"Alt_BME680":-190.4,"TVOC":2061,"ECO2":2443,"RCO2":785,"Tdb_scd30":31.89,"RH_scd30":32.57,"Lux":0.5,"PM1":0.14,"PM25":0.14,"PM10":0.14,"Air":0.1}
{"epoch":1568412243,"battery":3.552396059,"Tdb_BME680":30.59,"RH_BME680":32.94,"P_BME680":103.19,"Alt_BME680":-190.24,"TVOC":1999,"ECO2":2369,"RCO2":788,"Tdb_scd30":31.89,"RH_scd30":32.59,"Lux":0.58,"PM1":0.15,"PM25":0.15,"PM10":0.15,"Air":0.1}
{"epoch":1568412305,"battery":3.580456018,"Tdb_BME680":30.61,"RH_BME680":32.9,"P_BME680":103.18,"Alt_BME680":-190.07,"TVOC":2043,"ECO2":2422,"RCO2":788,"Tdb_scd30":31.89,"RH_scd30":32.56,"Lux":0.52,"PM1":0.22,"PM25":0.23,"PM10":0.23,"Air":0.14}
{"epoch":1568412366,"battery":3.586067915,"Tdb_BME680":30.62,"RH_BME680":32.87,"P_BME680":103.18,"Alt_BME680":-190.24,"TVOC":2045,"ECO2":2418,"RCO2":783,"Tdb_scd30":31.89,"RH_scd30":32.51,"Lux":0.55,"PM1":0.15,"PM25":0.16,"PM10":0.16,"Air":0.16}
{"epoch":1568412428,"battery":3.569231987,"Tdb_BME680":30.63,"RH_BME680":32.87,"P_BME680":103.18,"Alt_BME680":-189.91,"TVOC":2071,"ECO2":2408,"RCO2":782,"Tdb_scd30":31.92,"RH_scd30":32.53,"Lux":0.55,"PM1":0.31,"PM25":0.32,"PM10":0.32,"Air":0.11}
{"epoch":1568412490,"battery":3.573721647,"Tdb_BME680":30.64,"RH_BME680":32.8,"P_BME680":103.18,"Alt_BME680":-190.07,"TVOC":2075,"ECO2":2431,"RCO2":782,"Tdb_scd30":31.92,"RH_scd30":32.46,"Lux":0.49,"PM1":0.12,"PM25":0.12,"PM10":0.12,"Air":0.11}
{"epoch":1568412552,"battery":3.58719039,"Tdb_BME680":30.65,"RH_BME680":32.84,"P_BME680":103.18,"Alt_BME680":-189.74,"TVOC":2079,"ECO2":2434,"RCO2":782,"Tdb_scd30":31.94,"RH_scd30":32.47,"Lux":0.5,"PM1":0.23,"PM25":0.24,"PM10":0.24,"Air":0.14}
{"epoch":1568412613,"battery":3.578211308,"Tdb_BME680":30.66,"RH_BME680":32.76,"P_BME680":103.18,"Alt_BME680":-189.74,"TVOC":2059,"ECO2":2445,"RCO2":778,"Tdb_scd30":31.95,"RH_scd30":32.46,"Lux":0.56,"PM1":0.14,"PM25":0.15,"PM10":0.15,"Air":0.16}
{"epoch":1568412675,"battery":3.575966358,"Tdb_BME680":30.67,"RH_BME680":32.85,"P_BME680":103.18,"Alt_BME680":-189.42,"TVOC":2102,"ECO2":2524,"RCO2":778,"Tdb_scd30":31.95,"RH_scd30":32.48,"Lux":0.46,"PM1":0.23,"PM25":0.24,"PM10":0.24,"Air":0.07}
{"epoch":1568412737,"battery":3.573721647,"Tdb_BME680":30.68,"RH_BME680":32.79,"P_BME680":103.18,"Alt_BME680":-189.42,"TVOC":2071,"ECO2":2461,"RCO2":779,"Tdb_scd30":31.97,"RH_scd30":32.43,"Lux":0.52,"PM1":0.21,"PM25":0.21,"PM10":0.21,"Air":0.06}
{"epoch":1568412799,"battery":3.577088833,"Tdb_BME680":30.71,"RH_BME680":32.77,"P_BME680":103.18,"Alt_BME680":-189.58,"TVOC":2106,"ECO2":2441,"RCO2":780,"Tdb_scd30":31.98,"RH_scd30":32.48,"Lux":0.48,"PM1":0.15,"PM25":0.16,"PM10":0.16,"Air":0.08}
{"epoch":1568412860,"battery":3.566987276,"Tdb_BME680":30.73,"RH_BME680":32.7,"P_BME680":103.18,"Alt_BME680":-189.42,"TVOC":2055,"ECO2":2450,"RCO2":783,"Tdb_scd30":32.01,"RH_scd30":32.37,"Lux":0.5,"PM1":0.25,"PM25":0.26,"PM10":0.26,"Air":0.11}
{"epoch":1568412922,"battery":3.56362009,"Tdb_BME680":30.72,"RH_BME680":32.61,"P_BME680":103.18,"Alt_BME680":-189.42,"TVOC":2039,"ECO2":2395,"RCO2":785,"Tdb_scd30":31.98,"RH_scd30":32.35,"Lux":0.5,"PM1":0.14,"PM25":0.15,"PM10":0.15,"Air":0.13}
{"epoch":1568412984,"battery":3.549028873,"Tdb_BME680":30.71,"RH_BME680":32.67,"P_BME680":103.18,"Alt_BME680":-189.58,"TVOC":2073,"ECO2":2445,"RCO2":783,"Tdb_scd30":31.98,"RH_scd30":32.36,"Lux":0.49,"PM1":0.23,"PM25":0.24,"PM10":0.24,"Air":0.17}
{"epoch":1568413045,"battery":3.571476698,"Tdb_BME680":30.71,"RH_BME680":32.72,"P_BME680":103.18,"Alt_BME680":-189.58,"TVOC":2079,"ECO2":2445,"RCO2":783,"Tdb_scd30":31.95,"RH_scd30":32.42,"Lux":0.49,"PM1":0.39,"PM25":0.4,"PM10":0.4,"Air":0.11}
{"epoch":1568413107,"battery":3.55913043,"Tdb_BME680":30.72,"RH_BME680":32.72,"P_BME680":103.18,"Alt_BME680":-189.58,"TVOC":2093,"ECO2":2434,"RCO2":783,"Tdb_scd30":31.99,"RH_scd30":32.44,"Lux":0.52,"PM1":0.22,"PM25":0.22,"PM10":0.22,"Air":0.13}
{"epoch":1568413169,"battery":3.561375141,"Tdb_BME680":30.72,"RH_BME680":32.68,"P_BME680":103.18,"Alt_BME680":-189.74,"TVOC":2045,"ECO2":2461,"RCO2":783,"Tdb_scd30":31.98,"RH_scd30":32.35,"Lux":0.56,"PM1":0.16,"PM25":0.16,"PM10":0.16,"Air":0.18}
{"epoch":1568413230,"battery":3.577088833,"Tdb_BME680":30.72,"RH_BME680":32.71,"P_BME680":103.18,"Alt_BME680":-189.74,"TVOC":2095,"ECO2":2473,"RCO2":782,"Tdb_scd30":31.98,"RH_scd30":32.41,"Lux":0.46,"PM1":0.13,"PM25":0.13,"PM10":0.13,"Air":0.09}
{"epoch":1568413292,"battery":3.565864801,"Tdb_BME680":30.73,"RH_BME680":32.66,"P_BME680":103.18,"Alt_BME680":-189.42,"TVOC":2075,"ECO2":2459,"RCO2":780,"Tdb_scd30":31.98,"RH_scd30":32.42,"Lux":0.49,"PM1":0.1,"PM25":0.11,"PM10":0.11,"Air":0.09}
{"epoch":1568413354,"battery":3.572599173,"Tdb_BME680":30.74,"RH_BME680":32.65,"P_BME680":103.18,"Alt_BME680":-189.42,"TVOC":2061,"ECO2":2461,"RCO2":778,"Tdb_scd30":32.01,"RH_scd30":32.35,"Lux":0.48,"PM1":0.25,"PM25":0.25,"PM10":0.25,"Air":0.11}
{"epoch":1568413416,"battery":3.575966358,"Tdb_BME680":30.74,"RH_BME680":32.7,"P_BME680":103.18,"Alt_BME680":-189.25,"TVOC":2099,"ECO2":2448,"RCO2":782,"Tdb_scd30":31.99,"RH_scd30":32.41,"Lux":0.39,"PM1":0.16,"PM25":0.16,"PM10":0.16,"Air":0.12}
{"epoch":1568413477,"battery":3.568109512,"Tdb_BME680":30.72,"RH_BME680":32.79,"P_BME680":103.18,"Alt_BME680":-189.42,"TVOC":2079,"ECO2":2443,"RCO2":783,"Tdb_scd30":31.97,"RH_scd30":32.49,"Lux":0.5,"PM1":0.11,"PM25":0.11,"PM10":0.11,"Air":0.18}
{"epoch":1568413539,"battery":3.56362009,"Tdb_BME680":30.71,"RH_BME680":32.71,"P_BME680":103.17,"Alt_BME680":-189.09,"TVOC":2095,"ECO2":2489,"RCO2":784,"Tdb_scd30":31.95,"RH_scd30":32.46,"Lux":0.39,"PM1":0.13,"PM25":0.14,"PM10":0.14,"Air":0.13}
{"epoch":1568413601,"battery":3.566987276,"Tdb_BME680":30.71,"RH_BME680":32.73,"P_BME680":103.17,"Alt_BME680":-189.25,"TVOC":2104,"ECO2":2524,"RCO2":783,"Tdb_scd30":31.99,"RH_scd30":32.47,"Lux":0.4,"PM1":0.04,"PM25":0.04,"PM10":0.04,"Air":0.13}
{"epoch":1568413662,"battery":3.564742327,"Tdb_BME680":30.71,"RH_BME680":32.73,"P_BME680":103.17,"Alt_BME680":-188.92,"TVOC":2095,"ECO2":2489,"RCO2":779,"Tdb_scd30":31.95,"RH_scd30":32.46,"Lux":0.4,"PM1":0.04,"PM25":0.04,"PM10":0.04,"Air":0.12}
{"epoch":1568413724,"battery":3.565864801,"Tdb_BME680":30.7,"RH_BME680":32.67,"P_BME680":103.17,"Alt_BME680":-188.76,"TVOC":2146,"ECO2":2514,"RCO2":774,"Tdb_scd30":31.95,"RH_scd30":32.36,"Lux":0.4,"PM1":0.06,"PM25":0.06,"PM10":0.06,"Air":0.18}
{"epoch":1568413786,"battery":3.549028873,"Tdb_BME680":30.7,"RH_BME680":32.69,"P_BME680":103.17,"Alt_BME680":-188.43,"TVOC":2118,"ECO2":2445,"RCO2":777,"Tdb_scd30":31.94,"RH_scd30":32.4,"Lux":0.46,"PM1":0.08,"PM25":0.09,"PM10":0.09,"Air":0.18}
{"epoch":1568413848,"battery":3.555763245,"Tdb_BME680":30.7,"RH_BME680":32.73,"P_BME680":103.16,"Alt_BME680":-188.43,"TVOC":2116,"ECO2":2466,"RCO2":776,"Tdb_scd30":31.95,"RH_scd30":32.46,"Lux":0.48,"PM1":0.08,"PM25":0.08,"PM10":0.08,"Air":0.12}
{"epoch":1568413909,"battery":3.581578493,"Tdb_BME680":30.69,"RH_BME680":32.7,"P_BME680":103.16,"Alt_BME680":-188.43,"TVOC":2118,"ECO2":2484,"RCO2":774,"Tdb_scd30":31.92,"RH_scd30":32.4,"Lux":0.43,"PM1":0.21,"PM25":0.21,"PM10":0.21,"Air":0.1}
{"epoch":1568413971,"battery":3.562497616,"Tdb_BME680":30.69,"RH_BME680":32.67,"P_BME680":103.16,"Alt_BME680":-188.27,"TVOC":2079,"ECO2":2397,"RCO2":772,"Tdb_scd30":31.91,"RH_scd30":32.47,"Lux":0.43,"PM1":0.25,"PM25":0.25,"PM10":0.25,"Air":0.14}
{"epoch":1568414033,"battery":3.56362009,"Tdb_BME680":30.67,"RH_BME680":32.68,"P_BME680":103.16,"Alt_BME680":-187.94,"TVOC":2085,"ECO2":2434,"RCO2":775,"Tdb_scd30":31.89,"RH_scd30":32.48,"Lux":0.43,"PM1":0.17,"PM25":0.17,"PM10":0.17,"Air":0.08}
{"epoch":1568414094,"battery":3.566987276,"Tdb_BME680":30.65,"RH_BME680":32.74,"P_BME680":103.16,"Alt_BME680":-187.77,"TVOC":2140,"ECO2":2471,"RCO2":775,"Tdb_scd30":31.89,"RH_scd30":32.48,"Lux":0.45,"PM1":0.31,"PM25":0.32,"PM10":0.32,"Air":0.12}
{"epoch":1568414156,"battery":3.55464077,"Tdb_BME680":30.64,"RH_BME680":32.75,"P_BME680":103.16,"Alt_BME680":-188.27,"TVOC":2142,"ECO2":2501,"RCO2":772,"Tdb_scd30":31.87,"RH_scd30":32.5,"Lux":0.43,"PM1":0.14,"PM25":0.14,"PM10":0.14,"Air":0.08}
{"epoch":1568414218,"battery":3.555763245,"Tdb_BME680":30.64,"RH_BME680":32.68,"P_BME680":103.16,"Alt_BME680":-188.43,"TVOC":2118,"ECO2":2487,"RCO2":772,"Tdb_scd30":31.88,"RH_scd30":32.43,"Lux":0.49,"PM1":0.14,"PM25":0.14,"PM10":0.14,"Air":0.17}
{"epoch":1568414280,"battery":3.552396059,"Tdb_BME680":30.64,"RH_BME680":32.68,"P_BME680":103.16,"Alt_BME680":-188.43,"TVOC":2190,"ECO2":2494,"RCO2":774,"Tdb_scd30":31.85,"RH_scd30":32.41,"Lux":0.46,"PM1":0.2,"PM25":0.21,"PM10":0.21,"Air":0.11}
{"epoch":1568414341,"battery":3.551273584,"Tdb_BME680":30.63,"RH_BME680":32.7,"P_BME680":103.16,"Alt_BME680":-188.1,"TVOC":2156,"ECO2":2514,"RCO2":772,"Tdb_scd30":31.85,"RH_scd30":32.45,"Lux":0.43,"PM1":0.18,"PM25":0.19,"PM10":0.19,"Air":0.14}
{"epoch":1568414403,"battery":3.556885481,"Tdb_BME680":30.62,"RH_BME680":32.72,"P_BME680":103.15,"Alt_BME680":-187.61,"TVOC":2198,"ECO2":2537,"RCO2":770,"Tdb_scd30":31.87,"RH_scd30":32.46,"Lux":0.45,"PM1":0.09,"PM25":0.09,"PM10":0.09,"Air":0.12}
{"epoch":1568414465,"battery":3.566987276,"Tdb_BME680":30.61,"RH_BME680":32.71,"P_BME680":103.15,"Alt_BME680":-187.61,"TVOC":2204,"ECO2":2570,"RCO2":769,"Tdb_scd30":31.85,"RH_scd30":32.48,"Lux":0.45,"PM1":0.17,"PM25":0.17,"PM10":0.17,"Air":0.14}
{"epoch":1568414526,"battery":3.556885481,"Tdb_BME680":30.61,"RH_BME680":32.85,"P_BME680":103.15,"Alt_BME680":-187.03,"TVOC":2081,"ECO2":2397,"RCO2":766,"Tdb_scd30":31.83,"RH_scd30":32.61,"Lux":0.86,"PM1":0.22,"PM25":0.22,"PM10":0.22,"Air":0.09}
{"epoch":1568414588,"battery":3.553518295,"Tdb_BME680":30.52,"RH_BME680":33.22,"P_BME680":103.17,"Alt_BME680":-189.58,"TVOC":1918,"ECO2":2245,"RCO2":768,"Tdb_scd30":31.71,"RH_scd30":33.03,"Lux":2.51,"PM1":0.67,"PM25":0.69,"PM10":0.69,"Air":0.15}
{"epoch":1568414650,"battery":3.564742327,"Tdb_BME680":30.35,"RH_BME680":31.87,"P_BME680":103.19,"Alt_BME680":-190.89,"TVOC":1622,"ECO2":1466,"RCO2":735,"Tdb_scd30":31.54,"RH_scd30":31.13,"Lux":13.65,"PM1":1.19,"PM25":1.22,"PM10":1.22,"Air":0.13}
{"epoch":1568414712,"battery":3.555763245,"Tdb_BME680":29.99,"RH_BME680":30.76,"P_BME680":103.2,"Alt_BME680":-191.06,"TVOC":733,"ECO2":1135,"RCO2":549,"Tdb_scd30":31.22,"RH_scd30":30.42,"Lux":11.52,"PM1":1.68,"PM25":1.72,"PM10":1.72,"Air":0.16}
{"epoch":1568414774,"battery":3.537804842,"Tdb_BME680":29.74,"RH_BME680":30.56,"P_BME680":103.2,"Alt_BME680":-191.22,"TVOC":652,"ECO2":1045,"RCO2":533,"Tdb_scd30":31.06,"RH_scd30":30.22,"Lux":8.78,"PM1":1.37,"PM25":1.4,"PM10":1.4,"Air":0.12}
{"epoch":1568414836,"battery":3.561375141,"Tdb_BME680":29.61,"RH_BME680":30.61,"P_BME680":103.2,"Alt_BME680":-191.3,"TVOC":625,"ECO2":1006,"RCO2":531,"Tdb_scd30":30.96,"RH_scd30":30.18,"Lux":5.1,"PM1":1.32,"PM25":1.35,"PM10":1.35,"Air":0.14}
{"epoch":1568414897,"battery":3.565864801,"Tdb_BME680":29.58,"RH_BME680":30.7,"P_BME680":103.2,"Alt_BME680":-191.3,"TVOC":620,"ECO2":1049,"RCO2":549,"Tdb_scd30":30.92,"RH_scd30":30.36,"Lux":4.75,"PM1":0.82,"PM25":0.85,"PM10":0.85,"Air":0.14}
{"epoch":1568414959,"battery":3.540049553,"Tdb_BME680":29.55,"RH_BME680":29.9,"P_BME680":103.2,"Alt_BME680":-191.22,"TVOC":582,"ECO2":892,"RCO2":556,"Tdb_scd30":30.81,"RH_scd30":29.63,"Lux":17.4,"PM1":0.98,"PM25":1,"PM10":1,"Air":0.13}
{"epoch":1568415021,"battery":3.55913043,"Tdb_BME680":29.38,"RH_BME680":30.12,"P_BME680":103.2,"Alt_BME680":-191.3,"TVOC":548,"ECO2":888,"RCO2":547,"Tdb_scd30":30.66,"RH_scd30":29.9,"Lux":4.23,"PM1":1.11,"PM25":1.14,"PM10":1.14,"Air":0.16}
{"epoch":1568415083,"battery":3.545661688,"Tdb_BME680":29.29,"RH_BME680":30.42,"P_BME680":103.2,"Alt_BME680":-191.3,"TVOC":573,"ECO2":950,"RCO2":542,"Tdb_scd30":30.62,"RH_scd30":30.2,"Lux":4.2,"PM1":0.67,"PM25":0.68,"PM10":0.68,"Air":0.08}
{"epoch":1568415144,"battery":3.546783924,"Tdb_BME680":29.32,"RH_BME680":30.68,"P_BME680":103.19,"Alt_BME680":-190.57,"TVOC":583,"ECO2":1011,"RCO2":586,"Tdb_scd30":30.62,"RH_scd30":31,"Lux":0.27,"PM1":1.28,"PM25":1.32,"PM10":1.32,"Air":0.09}
{"epoch":1568415206,"battery":3.547906399,"Tdb_BME680":29.31,"RH_BME680":32.21,"P_BME680":103.2,"Alt_BME680":-191.8,"TVOC":568,"ECO2":1252,"RCO2":1096,"Tdb_scd30":30.66,"RH_scd30":31.96,"Lux":0.2,"PM1":0.81,"PM25":0.83,"PM10":0.83,"Air":0.13}
{"epoch":1568415268,"battery":3.553518295,"Tdb_BME680":29.4,"RH_BME680":32.86,"P_BME680":103.21,"Alt_BME680":-191.63,"TVOC":600,"ECO2":1368,"RCO2":1293,"Tdb_scd30":30.76,"RH_scd30":32.34,"Lux":0.6,"PM1":0.95,"PM25":0.97,"PM10":0.97,"Air":0.09}
{"epoch":1568415330,"battery":3.541172028,"Tdb_BME680":29.52,"RH_BME680":33.04,"P_BME680":103.19,"Alt_BME680":-190.07,"TVOC":654,"ECO2":1428,"RCO2":1337,"Tdb_scd30":30.89,"RH_scd30":32.59,"Lux":0.5,"PM1":0.74,"PM25":0.76,"PM10":0.76,"Air":0.14}
{"epoch":1568415391,"battery":3.545661688,"Tdb_BME680":29.61,"RH_BME680":33.11,"P_BME680":103.19,"Alt_BME680":-190.4,"TVOC":678,"ECO2":1457,"RCO2":1378,"Tdb_scd30":30.97,"RH_scd30":32.66,"Lux":0.76,"PM1":0.52,"PM25":0.54,"PM10":0.54,"Air":0.14}
{"epoch":1568415453,"battery":3.543416739,"Tdb_BME680":29.7,"RH_BME680":33.13,"P_BME680":103.18,"Alt_BME680":-189.91,"TVOC":683,"ECO2":1493,"RCO2":1416,"Tdb_scd30":31.06,"RH_scd30":32.67,"Lux":0.23,"PM1":0.72,"PM25":0.74,"PM10":0.74,"Air":0.12}
{"epoch":1568415515,"battery":3.51760149,"Tdb_BME680":29.77,"RH_BME680":33.27,"P_BME680":103.15,"Alt_BME680":-187.2,"TVOC":687,"ECO2":1529,"RCO2":1466,"Tdb_scd30":31.12,"RH_scd30":32.86,"Lux":0.22,"PM1":0.68,"PM25":0.7,"PM10":0.7,"Air":0.15}
{"epoch":1568415577,"battery":3.543416739,"Tdb_BME680":29.84,"RH_BME680":33.43,"P_BME680":103.13,"Alt_BME680":-185.56,"TVOC":741,"ECO2":1584,"RCO2":1512,"Tdb_scd30":31.17,"RH_scd30":33.01,"Lux":0.22,"PM1":0.68,"PM25":0.69,"PM10":0.69,"Air":0.09}
{"epoch":1568415638,"battery":3.555763245,"Tdb_BME680":29.9,"RH_BME680":33.51,"P_BME680":103.1,"Alt_BME680":-183.58,"TVOC":711,"ECO2":1604,"RCO2":1528,"Tdb_scd30":31.23,"RH_scd30":33.11,"Lux":0.14,"PM1":0.64,"PM25":0.66,"PM10":0.66,"Air":0.12}
{"epoch":1568415700,"battery":3.526580811,"Tdb_BME680":29.94,"RH_BME680":33.61,"P_BME680":103.1,"Alt_BME680":-182.76,"TVOC":737,"ECO2":1699,"RCO2":1564,"Tdb_scd30":31.26,"RH_scd30":33.17,"Lux":0.42,"PM1":0.54,"PM25":0.55,"PM10":0.55,"Air":0.09}
{"epoch":1568415762,"battery":3.547906399,"Tdb_BME680":29.97,"RH_BME680":32.76,"P_BME680":103.08,"Alt_BME680":-181.78,"TVOC":635,"ECO2":1301,"RCO2":1203,"Tdb_scd30":31.24,"RH_scd30":31.58,"Lux":5.5,"PM1":1.64,"PM25":1.68,"PM10":1.68,"Air":0.17}
{"epoch":1568415824,"battery":3.52209115,"Tdb_BME680":29.45,"RH_BME680":30.87,"P_BME680":103.08,"Alt_BME680":-181.12,"TVOC":525,"ECO2":849,"RCO2":606,"Tdb_scd30":30.73,"RH_scd30":30.36,"Lux":4.82,"PM1":1.91,"PM25":1.96,"PM10":1.96,"Air":0.13}
{"epoch":1568415885,"battery":3.545661688,"Tdb_BME680":28.97,"RH_BME680":32.01,"P_BME680":103.06,"Alt_BME680":-179.8,"TVOC":528,"ECO2":929,"RCO2":567,"Tdb_scd30":30.45,"RH_scd30":31.2,"Lux":0.82,"PM1":3.12,"PM25":3.2,"PM10":3.2,"Air":0.2}
{"epoch":1568415947,"battery":3.552396059,"Tdb_BME680":28.69,"RH_BME680":31.89,"P_BME680":103.04,"Alt_BME680":-178.41,"TVOC":494,"ECO2":867,"RCO2":559,"Tdb_scd30":30.24,"RH_scd30":31.12,"Lux":0.95,"PM1":1.22,"PM25":1.25,"PM10":1.25,"Air":0.13}
{"epoch":1568416009,"battery":3.551273584,"Tdb_BME680":28.3,"RH_BME680":32.05,"P_BME680":103.04,"Alt_BME680":-178.41,"TVOC":420,"ECO2":792,"RCO2":558,"Tdb_scd30":29.84,"RH_scd30":31.09,"Lux":0.49,"PM1":3.03,"PM25":3.11,"PM10":3.11,"Air":0.07}
{"epoch":1568416071,"battery":3.546783924,"Tdb_BME680":28.27,"RH_BME680":34.5,"P_BME680":103.11,"Alt_BME680":-183.58,"TVOC":642,"ECO2":1402,"RCO2":636,"Tdb_scd30":30.1,"RH_scd30":33.47,"Lux":0.79,"PM1":2.95,"PM25":3.03,"PM10":3.03,"Air":0.11}
{"epoch":1568416132,"battery":3.542294502,"Tdb_BME680":28.71,"RH_BME680":34.53,"P_BME680":103.15,"Alt_BME680":-187.61,"TVOC":678,"ECO2":1393,"RCO2":659,"Tdb_scd30":30.47,"RH_scd30":33.39,"Lux":3.84,"PM1":6.01,"PM25":6.3,"PM10":6.42,"Air":0.13}
{"epoch":1568416194,"battery":3.534437656,"Tdb_BME680":29.18,"RH_BME680":35.57,"P_BME680":103.13,"Alt_BME680":-184.16,"TVOC":858,"ECO2":1600,"RCO2":795,"Tdb_scd30":30.83,"RH_scd30":34.74,"Lux":2.59,"PM1":11.05,"PM25":13.31,"PM10":15.13,"Air":0.11}
{"epoch":1568416256,"battery":3.545661688,"Tdb_BME680":29.75,"RH_BME680":35,"P_BME680":103.11,"Alt_BME680":-184.16,"TVOC":1046,"ECO2":1699,"RCO2":841,"Tdb_scd30":31.33,"RH_scd30":34.09,"Lux":1.79,"PM1":12.68,"PM25":19.74,"PM10":25.95,"Air":0.11}
{"epoch":1568416317,"battery":3.537804842,"Tdb_BME680":30.25,"RH_BME680":34.35,"P_BME680":103.11,"Alt_BME680":-183.83,"TVOC":1179,"ECO2":2107,"RCO2":827,"Tdb_scd30":31.77,"RH_scd30":33.78,"Lux":3.41,"PM1":8.76,"PM25":14.43,"PM10":19.44,"Air":0.09}
{"epoch":1568416379,"battery":3.532192707,"Tdb_BME680":30.67,"RH_BME680":34.42,"P_BME680":103.11,"Alt_BME680":-184.16,"TVOC":1612,"ECO2":3369,"RCO2":1189,"Tdb_scd30":32.07,"RH_scd30":33.85,"Lux":1.99,"PM1":8.3,"PM25":14.07,"PM10":19.19,"Air":0.08}
{"epoch":1568416441,"battery":3.534437656,"Tdb_BME680":30.73,"RH_BME680":33.96,"P_BME680":103.12,"Alt_BME680":-184.16,"TVOC":1924,"ECO2":3238,"RCO2":1373,"Tdb_scd30":32.04,"RH_scd30":33.44,"Lux":0.56,"PM1":2.5,"PM25":4.19,"PM10":5.69,"Air":0.13}
{"epoch":1568416503,"battery":3.538927317,"Tdb_BME680":30.69,"RH_BME680":33.06,"P_BME680":103.06,"Alt_BME680":-179.06,"TVOC":1995,"ECO2":3383,"RCO2":1527,"Tdb_scd30":32.01,"RH_scd30":32.57,"Lux":0.55,"PM1":1.81,"PM25":2.95,"PM10":3.96,"Air":0.15}
{"epoch":1568416564,"battery":3.515356779,"Tdb_BME680":30.64,"RH_BME680":32,"P_BME680":103.05,"Alt_BME680":-178.57,"TVOC":1983,"ECO2":3466,"RCO2":1628,"Tdb_scd30":31.99,"RH_scd30":31.62,"Lux":0.63,"PM1":1.72,"PM25":2.74,"PM10":3.64,"Air":0.11}
{"epoch":1568416626,"battery":3.542294502,"Tdb_BME680":30.62,"RH_BME680":32.7,"P_BME680":102.89,"Alt_BME680":-163.93,"TVOC":2184,"ECO2":3964,"RCO2":1727,"Tdb_scd30":31.98,"RH_scd30":32.59,"Lux":-98,"PM1":1.27,"PM25":1.97,"PM10":2.59,"Air":0.14}
{"epoch":1568416688,"battery":3.555763245,"Tdb_BME680":30.68,"RH_BME680":35.39,"P_BME680":102.83,"Alt_BME680":-161.21,"TVOC":2531,"ECO2":4537,"RCO2":1833,"Tdb_scd30":32.04,"RH_scd30":35.17,"Lux":0.53,"PM1":0.96,"PM25":1.47,"PM10":1.91,"Air":0.18}
{"epoch":1568416750,"battery":3.519846439,"Tdb_BME680":30.78,"RH_BME680":36.88,"P_BME680":102.83,"Alt_BME680":-161.13,"TVOC":2738,"ECO2":4669,"RCO2":1897,"Tdb_scd30":32.14,"RH_scd30":36.2,"Lux":0.63,"PM1":0.93,"PM25":1.38,"PM10":1.78,"Air":0.16}
{"epoch":1568416812,"battery":3.540049553,"Tdb_BME680":30.82,"RH_BME680":34.95,"P_BME680":102.82,"Alt_BME680":-160.47,"TVOC":2454,"ECO2":4058,"RCO2":1852,"Tdb_scd30":32.18,"RH_scd30":34.35,"Lux":0.45,"PM1":0.95,"PM25":1.36,"PM10":1.72,"Air":0.12}
{"epoch":1568416874,"battery":3.538927317,"Tdb_BME680":30.83,"RH_BME680":33.23,"P_BME680":102.83,"Alt_BME680":-160.97,"TVOC":2176,"ECO2":3461,"RCO2":1599,"Tdb_scd30":32.19,"RH_scd30":32.8,"Lux":0.58,"PM1":1.06,"PM25":1.52,"PM10":1.91,"Air":0.12}
{"epoch":1568416936,"battery":3.518723965,"Tdb_BME680":30.82,"RH_BME680":31.5,"P_BME680":102.91,"Alt_BME680":-167.47,"TVOC":2182,"ECO2":4217,"RCO2":1595,"Tdb_scd30":32.16,"RH_scd30":31.02,"Lux":0.69,"PM1":1.26,"PM25":1.81,"PM10":2.28,"Air":0.11}
{"epoch":1568416998,"battery":3.545661688,"Tdb_BME680":30.78,"RH_BME680":30.55,"P_BME680":102.93,"Alt_BME680":-168.62,"TVOC":2263,"ECO2":4307,"RCO2":1731,"Tdb_scd30":32.12,"RH_scd30":30.25,"Lux":0.68,"PM1":0.7,"PM25":0.98,"PM10":1.23,"Air":0.18}
{"epoch":1568417059,"battery":3.533315182,"Tdb_BME680":30.76,"RH_BME680":30.33,"P_BME680":102.91,"Alt_BME680":-166.98,"TVOC":2275,"ECO2":4208,"RCO2":1856,"Tdb_scd30":32.1,"RH_scd30":30.18,"Lux":2.06,"PM1":0.77,"PM25":1.05,"PM10":1.29,"Air":0.08}
{"epoch":1568417121,"battery":3.534437656,"Tdb_BME680":30.96,"RH_BME680":32.13,"P_BME680":102.88,"Alt_BME680":-164.42,"TVOC":1144,"ECO2":1522,"RCO2":925,"Tdb_scd30":32.43,"RH_scd30":31.92,"Lux":3.89,"PM1":21.44,"PM25":27.82,"PM10":33.18,"Air":0.09}
{"epoch":1568417183,"battery":3.536682367,"Tdb_BME680":31.25,"RH_BME680":29.63,"P_BME680":102.8,"Alt_BME680":-158.5,"TVOC":997,"ECO2":1443,"RCO2":753,"Tdb_scd30":32.52,"RH_scd30":29.2,"Lux":0.5,"PM1":13.98,"PM25":16.54,"PM10":18.56,"Air":0.15}
{"epoch":1568417245,"battery":3.536682367,"Tdb_BME680":30.86,"RH_BME680":29.04,"P_BME680":102.79,"Alt_BME680":-158,"TVOC":658,"ECO2":1175,"RCO2":593,"Tdb_scd30":32.12,"RH_scd30":28.79,"Lux":0.66,"PM1":4.17,"PM25":4.28,"PM10":4.29,"Air":0.17}
{"epoch":1568417307,"battery":3.533315182,"Tdb_BME680":30.32,"RH_BME680":28.76,"P_BME680":102.8,"Alt_BME680":-158,"TVOC":557,"ECO2":979,"RCO2":552,"Tdb_scd30":31.6,"RH_scd30":28.25,"Lux":0.89,"PM1":7.54,"PM25":7.73,"PM10":7.73,"Air":0.17}
{"epoch":1568417368,"battery":3.547906399,"Tdb_BME680":29.9,"RH_BME680":30.4,"P_BME680":102.79,"Alt_BME680":-157.26,"TVOC":5067,"ECO2":4553,"RCO2":912,"Tdb_scd30":31.54,"RH_scd30":29.99,"Lux":0.37,"PM1":3.17,"PM25":3.26,"PM10":3.26,"Air":0.13}
{"epoch":1568417430,"battery":3.551273584,"Tdb_BME680":29.94,"RH_BME680":30.57,"P_BME680":102.82,"Alt_BME680":-160.31,"TVOC":6410,"ECO2":4874,"RCO2":947,"Tdb_scd30":31.6,"RH_scd30":29.91,"Lux":0.39,"PM1":2.04,"PM25":2.09,"PM10":2.09,"Air":0.11}
{"epoch":1568417492,"battery":3.531070471,"Tdb_BME680":30.07,"RH_BME680":30.61,"P_BME680":102.87,"Alt_BME680":-164.75,"TVOC":6677,"ECO2":4984,"RCO2":1008,"Tdb_scd30":31.67,"RH_scd30":29.89,"Lux":0.29,"PM1":1.24,"PM25":1.28,"PM10":1.28,"Air":0.12}
{"epoch":1568417553,"battery":3.527703285,"Tdb_BME680":30.18,"RH_BME680":30.49,"P_BME680":102.96,"Alt_BME680":-172.9,"TVOC":6596,"ECO2":5016,"RCO2":1034,"Tdb_scd30":31.73,"RH_scd30":29.89,"Lux":0.33,"PM1":1.03,"PM25":1.06,"PM10":1.06,"Air":0.11}
{"epoch":1568417615,"battery":3.51760149,"Tdb_BME680":30.26,"RH_BME680":30.61,"P_BME680":103.01,"Alt_BME680":-176.1,"TVOC":6693,"ECO2":5065,"RCO2":1076,"Tdb_scd30":31.77,"RH_scd30":30.09,"Lux":0.29,"PM1":0.78,"PM25":0.8,"PM10":0.8,"Air":0.12}
{"epoch":1568417677,"battery":3.537804842,"Tdb_BME680":30.32,"RH_BME680":31.1,"P_BME680":103.04,"Alt_BME680":-177.91,"TVOC":7356,"ECO2":5568,"RCO2":1242,"Tdb_scd30":31.78,"RH_scd30":30.61,"Lux":0.37,"PM1":0.67,"PM25":0.69,"PM10":0.69,"Air":0.2}
{"epoch":1568417739,"battery":3.542294502,"Tdb_BME680":30.38,"RH_BME680":31.47,"P_BME680":103.03,"Alt_BME680":-177.42,"TVOC":7534,"ECO2":6133,"RCO2":1476,"Tdb_scd30":31.8,"RH_scd30":30.96,"Lux":0.33,"PM1":0.86,"PM25":0.88,"PM10":0.88,"Air":0.1}
{"epoch":1568417800,"battery":3.52209115,"Tdb_BME680":30.41,"RH_BME680":31.67,"P_BME680":103.05,"Alt_BME680":-179.39,"TVOC":8108,"ECO2":7140,"RCO2":1473,"Tdb_scd30":31.81,"RH_scd30":31.24,"Lux":0.33,"PM1":0.73,"PM25":0.75,"PM10":0.75,"Air":0.08}
{"epoch":1568417862,"battery":3.529947996,"Tdb_BME680":30.45,"RH_BME680":31.99,"P_BME680":103.04,"Alt_BME680":-178.08,"TVOC":8092,"ECO2":7613,"RCO2":1476,"Tdb_scd30":31.84,"RH_scd30":31.55,"Lux":0.36,"PM1":0.85,"PM25":0.88,"PM10":0.88,"Air":0.07}
{"epoch":1568417924,"battery":3.534437656,"Tdb_BME680":30.49,"RH_BME680":31.89,"P_BME680":103.07,"Alt_BME680":-181.28,"TVOC":7801,"ECO2":7033,"RCO2":1465,"Tdb_scd30":31.85,"RH_scd30":31.52,"Lux":0.37,"PM1":0.69,"PM25":0.71,"PM10":0.71,"Air":0.14}
{"epoch":1568417987,"battery":3.504132748,"Tdb_BME680":30.51,"RH_BME680":31.74,"P_BME680":103.07,"Alt_BME680":-180.79,"TVOC":7550,"ECO2":6362,"RCO2":1353,"Tdb_scd30":31.85,"RH_scd30":31.31,"Lux":0.36,"PM1":0.58,"PM25":0.6,"PM10":0.6,"Air":0.09}
{"epoch":1568418048,"battery":3.535559893,"Tdb_BME680":30.53,"RH_BME680":31.6,"P_BME680":103.06,"Alt_BME680":-179.97,"TVOC":7348,"ECO2":5934,"RCO2":1328,"Tdb_scd30":31.89,"RH_scd30":31.21,"Lux":0.36,"PM1":0.8,"PM25":0.82,"PM10":0.82,"Air":0.11}
{"epoch":1568418110,"battery":3.523213625,"Tdb_BME680":30.54,"RH_BME680":31.54,"P_BME680":103.06,"Alt_BME680":-180.3,"TVOC":7097,"ECO2":5652,"RCO2":1236,"Tdb_scd30":31.94,"RH_scd30":31.14,"Lux":0.35,"PM1":0.57,"PM25":0.58,"PM10":0.58,"Air":0.12}
{"epoch":1568418172,"battery":3.500765562,"Tdb_BME680":30.56,"RH_BME680":31.69,"P_BME680":103.07,"Alt_BME680":-180.63,"TVOC":7267,"ECO2":6079,"RCO2":1224,"Tdb_scd30":31.92,"RH_scd30":31.28,"Lux":0.36,"PM1":0.49,"PM25":0.51,"PM10":0.51,"Air":0.1}
{"epoch":1568418234,"battery":3.537804842,"Tdb_BME680":30.6,"RH_BME680":31.6,"P_BME680":103.05,"Alt_BME680":-179.56,"TVOC":7308,"ECO2":5934,"RCO2":1227,"Tdb_scd30":31.99,"RH_scd30":31.28,"Lux":0.35,"PM1":0.32,"PM25":0.33,"PM10":0.33,"Air":0.12}
{"epoch":1568418296,"battery":3.540049553,"Tdb_BME680":30.71,"RH_BME680":31.93,"P_BME680":103.07,"Alt_BME680":-180.96,"TVOC":7477,"ECO2":5431,"RCO2":1222,"Tdb_scd30":32.1,"RH_scd30":30.78,"Lux":0.35,"PM1":1.67,"PM25":1.71,"PM10":1.71,"Air":0.13}
{"epoch":1568418357,"battery":3.500765562,"Tdb_BME680":30.47,"RH_BME680":29.43,"P_BME680":103.09,"Alt_BME680":-181.94,"TVOC":2224,"ECO2":1524,"RCO2":651,"Tdb_scd30":31.63,"RH_scd30":29.31,"Lux":0.6,"PM1":1.4,"PM25":1.44,"PM10":1.44,"Air":0.13}
{"epoch":1568418419,"battery":3.538927317,"Tdb_BME680":30,"RH_BME680":29.79,"P_BME680":103.09,"Alt_BME680":-182.43,"TVOC":1287,"ECO2":1228,"RCO2":563,"Tdb_scd30":31.23,"RH_scd30":29.51,"Lux":0.2,"PM1":1.06,"PM25":1.09,"PM10":1.09,"Air":0.11}
{"epoch":1568418481,"battery":3.525458336,"Tdb_BME680":29.45,"RH_BME680":30.15,"P_BME680":103.1,"Alt_BME680":-182.93,"TVOC":694,"ECO2":1027,"RCO2":550,"Tdb_scd30":30.82,"RH_scd30":29.79,"Lux":0.32,"PM1":1.35,"PM25":1.39,"PM10":1.39,"Air":0.14}
{"epoch":1568418542,"battery":3.505255222,"Tdb_BME680":29.04,"RH_BME680":30.56,"P_BME680":103.1,"Alt_BME680":-183.09,"TVOC":669,"ECO2":954,"RCO2":538,"Tdb_scd30":30.51,"RH_scd30":30,"Lux":0.33,"PM1":1.24,"PM25":1.28,"PM10":1.28,"Air":0.18}
{"epoch":1568418604,"battery":3.542294502,"Tdb_BME680":28.73,"RH_BME680":31.1,"P_BME680":103.11,"Alt_BME680":-183.58,"TVOC":618,"ECO2":961,"RCO2":535,"Tdb_scd30":30.28,"RH_scd30":30.43,"Lux":0.29,"PM1":1.12,"PM25":1.15,"PM10":1.15,"Air":0.15}
{"epoch":1568418666,"battery":3.525458336,"Tdb_BME680":28.53,"RH_BME680":31.42,"P_BME680":103.11,"Alt_BME680":-183.58,"TVOC":603,"ECO2":931,"RCO2":538,"Tdb_scd30":30.05,"RH_scd30":30.65,"Lux":0.13,"PM1":1.74,"PM25":1.78,"PM10":1.78,"Air":0.21}
{"epoch":1568418728,"battery":3.518723965,"Tdb_BME680":28.35,"RH_BME680":31.56,"P_BME680":103.11,"Alt_BME680":-183.67,"TVOC":581,"ECO2":930,"RCO2":542,"Tdb_scd30":29.87,"RH_scd30":30.86,"Lux":0.23,"PM1":1.48,"PM25":1.52,"PM10":1.52,"Air":0.1}
{"epoch":1568418790,"battery":3.525458336,"Tdb_BME680":28.2,"RH_BME680":32.36,"P_BME680":103.08,"Alt_BME680":-181.78,"TVOC":593,"ECO2":988,"RCO2":542,"Tdb_scd30":29.74,"RH_scd30":32.25,"Lux":0.26,"PM1":1.2,"PM25":1.23,"PM10":1.23,"Air":0.12}
{"epoch":1568418851,"battery":3.52209115,"Tdb_BME680":28.32,"RH_BME680":34.93,"P_BME680":103.09,"Alt_BME680":-182.11,"TVOC":840,"ECO2":1227,"RCO2":634,"Tdb_scd30":29.97,"RH_scd30":33.97,"Lux":0.16,"PM1":0.99,"PM25":1.02,"PM10":1.02,"Air":0.08}
{"epoch":1568418913,"battery":3.500765562,"Tdb_BME680":28.61,"RH_BME680":34.97,"P_BME680":103.09,"Alt_BME680":-182.43,"TVOC":1163,"ECO2":1362,"RCO2":631,"Tdb_scd30":30.17,"RH_scd30":34.16,"Lux":0.12,"PM1":0.49,"PM25":0.5,"PM10":0.5,"Air":0.08}
{"epoch":1568418975,"battery":3.515356779,"Tdb_BME680":28.87,"RH_BME680":34.68,"P_BME680":103.09,"Alt_BME680":-182.27,"TVOC":1348,"ECO2":1413,"RCO2":617,"Tdb_scd30":30.36,"RH_scd30":33.95,"Lux":-98,"PM1":0.45,"PM25":0.46,"PM10":0.46,"Air":0.18}
{"epoch":1568419036,"battery":3.527703285,"Tdb_BME680":29.07,"RH_BME680":34.52,"P_BME680":103.09,"Alt_BME680":-182.6,"TVOC":1437,"ECO2":1452,"RCO2":608,"Tdb_scd30":30.54,"RH_scd30":33.91,"Lux":0.13,"PM1":0.35,"PM25":0.36,"PM10":0.36,"Air":0.11}
{"epoch":1568419098,"battery":3.506377697,"Tdb_BME680":29.23,"RH_BME680":34.29,"P_BME680":103.09,"Alt_BME680":-182.27,"TVOC":1501,"ECO2":1470,"RCO2":601,"Tdb_scd30":30.61,"RH_scd30":33.72,"Lux":0.09,"PM1":0.21,"PM25":0.22,"PM10":0.22,"Air":0.14}
{"epoch":1568419160,"battery":3.535559893,"Tdb_BME680":29.37,"RH_BME680":34.17,"P_BME680":103.09,"Alt_BME680":-182.43,"TVOC":1551,"ECO2":1489,"RCO2":596,"Tdb_scd30":30.73,"RH_scd30":33.61,"Lux":0.16,"PM1":0.21,"PM25":0.21,"PM10":0.21,"Air":0.16}
