{"epoch":1573257636,"battery":4.052986622,"Tdb_BME680":25.22,"RH_BME680":16.71,"P_BME680":102.55,"Alt_BME680":-137.56,"TVOC":24,"ECO2":400,"RCO2":467,"Tdb_scd30":28.23,"RH_scd30":14.41,"Lux":0.071999997,"PM1":1.9,"PM25":2.92,"PM10":3.82,"Air":0}
{"epoch":1573257698,"battery":4.046251774,"Tdb_BME680":25.24,"RH_BME680":16.83,"P_BME680":102.55,"Alt_BME680":-137.56,"TVOC":42,"ECO2":400,"RCO2":473,"Tdb_scd30":28.28,"RH_scd30":14.49,"Lux":0.071999997,"PM1":1.92,"PM25":2.93,"PM10":3.83,"Air":null}
{"epoch":1573257759,"battery":4.039517403,"Tdb_BME680":25.27,"RH_BME680":16.97,"P_BME680":102.54,"Alt_BME680":-137.56,"TVOC":54,"ECO2":400,"RCO2":478,"Tdb_scd30":28.3,"RH_scd30":14.58,"Lux":0.057599999,"PM1":1.34,"PM25":2.07,"PM10":2.72,"Air":0}
{"epoch":1573257821,"battery":4.047374249,"Tdb_BME680":25.28,"RH_BME680":17.05,"P_BME680":102.55,"Alt_BME680":-138.05,"TVOC":62,"ECO2":400,"RCO2":481,"Tdb_scd30":28.31,"RH_scd30":14.69,"Lux":0.071999997,"PM1":1.87,"PM25":2.89,"PM10":3.8,"Air":0}
{"epoch":1573257883,"battery":4.050741673,"Tdb_BME680":25.28,"RH_BME680":17.14,"P_BME680":102.55,"Alt_BME680":-138.05,"TVOC":66,"ECO2":400,"RCO2":483,"Tdb_scd30":28.33,"RH_scd30":14.75,"Lux":0.057599999,"PM1":1.78,"PM25":2.75,"PM10":3.62,"Air":0}
{"epoch":1573257945,"battery":4.041762352,"Tdb_BME680":25.29,"RH_BME680":16.97,"P_BME680":102.56,"Alt_BME680":-138.38,"TVOC":57,"ECO2":400,"RCO2":486,"Tdb_scd30":28.31,"RH_scd30":14.56,"Lux":0.071999997,"PM1":2.01,"PM25":3.13,"PM10":4.12,"Air":0}
{"epoch":1573258006,"battery":4.055231094,"Tdb_BME680":25.27,"RH_BME680":16.57,"P_BME680":102.56,"Alt_BME680":-138.38,"TVOC":28,"ECO2":400,"RCO2":481,"Tdb_scd30":28.27,"RH_scd30":14.24,"Lux":0.057599999,"PM1":2.39,"PM25":3.78,"PM10":5.02,"Air":0}
{"epoch":1573258068,"battery":4.06308794,"Tdb_BME680":25.23,"RH_BME680":16.18,"P_BME680":102.56,"Alt_BME680":-138.55,"TVOC":0,"ECO2":400,"RCO2":473,"Tdb_scd30":28.26,"RH_scd30":13.82,"Lux":0.071999997,"PM1":2.42,"PM25":3.84,"PM10":5.1,"Air":null}
{"epoch":1573258130,"battery":4.044007301,"Tdb_BME680":25.19,"RH_BME680":16.22,"P_BME680":102.55,"Alt_BME680":-138.22,"TVOC":0,"ECO2":400,"RCO2":461,"Tdb_scd30":28.22,"RH_scd30":13.89,"Lux":0.057599999,"PM1":3.3,"PM25":5.32,"PM10":7.12,"Air":null}
{"epoch":1573258192,"battery":4.050741673,"Tdb_BME680":25.17,"RH_BME680":16.39,"P_BME680":102.55,"Alt_BME680":-138.05,"TVOC":21,"ECO2":400,"RCO2":460,"Tdb_scd30":28.2,"RH_scd30":14.14,"Lux":0.057599999,"PM1":2.48,"PM25":4.21,"PM10":5.76,"Air":0}
{"epoch":1573258253,"battery":4.045129776,"Tdb_BME680":25.17,"RH_BME680":16.71,"P_BME680":102.55,"Alt_BME680":-138.05,"TVOC":38,"ECO2":400,"RCO2":459,"Tdb_scd30":28.23,"RH_scd30":14.4,"Lux":0.071999997,"PM1":1.94,"PM25":3.21,"PM10":4.35,"Air":0}
{"epoch":1573258315,"battery":4.041762352,"Tdb_BME680":25.17,"RH_BME680":16.59,"P_BME680":102.55,"Alt_BME680":-138.22,"TVOC":25,"ECO2":400,"RCO2":459,"Tdb_scd30":28.22,"RH_scd30":14.3,"Lux":0.057599999,"PM1":2.41,"PM25":4.07,"PM10":5.57,"Air":0}
{"epoch":1573258377,"battery":4.052986622,"Tdb_BME680":25.17,"RH_BME680":16.69,"P_BME680":102.55,"Alt_BME680":-138.22,"TVOC":33,"ECO2":400,"RCO2":459,"Tdb_scd30":28.2,"RH_scd30":14.28,"Lux":0.071999997,"PM1":2.39,"PM25":3.92,"PM10":5.28,"Air":0}
{"epoch":1573258438,"battery":4.052986622,"Tdb_BME680":25.15,"RH_BME680":16.55,"P_BME680":102.55,"Alt_BME680":-138.22,"TVOC":26,"ECO2":400,"RCO2":456,"Tdb_scd30":28.17,"RH_scd30":14.28,"Lux":0.071999997,"PM1":2.23,"PM25":3.67,"PM10":4.96,"Air":0}
{"epoch":1573258500,"battery":4.039517403,"Tdb_BME680":25.14,"RH_BME680":16.72,"P_BME680":102.56,"Alt_BME680":-138.38,"TVOC":38,"ECO2":400,"RCO2":458,"Tdb_scd30":28.22,"RH_scd30":14.41,"Lux":0.043200001,"PM1":2.4,"PM25":3.93,"PM10":5.3,"Air":null}
{"epoch":1573258562,"battery":4.052986622,"Tdb_BME680":25.18,"RH_BME680":16.86,"P_BME680":102.56,"Alt_BME680":-138.71,"TVOC":54,"ECO2":400,"RCO2":470,"Tdb_scd30":28.24,"RH_scd30":14.51,"Lux":0.086400002,"PM1":1.65,"PM25":2.75,"PM10":3.73,"Air":0}
{"epoch":1573258624,"battery":4.05410862,"Tdb_BME680":25.2,"RH_BME680":16.96,"P_BME680":102.56,"Alt_BME680":-138.88,"TVOC":61,"ECO2":400,"RCO2":475,"Tdb_scd30":28.27,"RH_scd30":14.59,"Lux":0.057599999,"PM1":1.91,"PM25":3.29,"PM10":4.54,"Air":0.02}
{"epoch":1573258685,"battery":4.057476044,"Tdb_BME680":25.24,"RH_BME680":17,"P_BME680":102.56,"Alt_BME680":-138.88,"TVOC":70,"ECO2":400,"RCO2":478,"Tdb_scd30":28.28,"RH_scd30":14.59,"Lux":0.071999997,"PM1":1.88,"PM25":3.19,"PM10":4.38,"Air":0}
{"epoch":1573258747,"battery":4.039517403,"Tdb_BME680":25.24,"RH_BME680":17.01,"P_BME680":102.56,"Alt_BME680":-138.71,"TVOC":69,"ECO2":400,"RCO2":475,"Tdb_scd30":28.28,"RH_scd30":14.6,"Lux":0.086400002,"PM1":1.88,"PM25":3.21,"PM10":4.42,"Air":null}
{"epoch":1573258809,"battery":4.055231094,"Tdb_BME680":25.25,"RH_BME680":17.05,"P_BME680":102.56,"Alt_BME680":-138.88,"TVOC":74,"ECO2":400,"RCO2":474,"Tdb_scd30":28.3,"RH_scd30":14.67,"Lux":0.057599999,"PM1":1.66,"PM25":2.9,"PM10":4.01,"Air":null}
{"epoch":1573258870,"battery":4.06308794,"Tdb_BME680":25.26,"RH_BME680":17,"P_BME680":102.56,"Alt_BME680":-139.04,"TVOC":71,"ECO2":400,"RCO2":474,"Tdb_scd30":28.31,"RH_scd30":14.58,"Lux":0.086400002,"PM1":2.03,"PM25":3.49,"PM10":4.81,"Air":0}
{"epoch":1573258932,"battery":4.05410862,"Tdb_BME680":25.23,"RH_BME680":16.87,"P_BME680":102.56,"Alt_BME680":-139.04,"TVOC":52,"ECO2":400,"RCO2":472,"Tdb_scd30":28.27,"RH_scd30":14.48,"Lux":0.057599999,"PM1":1.89,"PM25":3.18,"PM10":4.34,"Air":0}
{"epoch":1573258994,"battery":4.039517403,"Tdb_BME680":25.23,"RH_BME680":16.87,"P_BME680":102.56,"Alt_BME680":-139.37,"TVOC":54,"ECO2":400,"RCO2":468,"Tdb_scd30":28.26,"RH_scd30":14.54,"Lux":0.071999997,"PM1":1.62,"PM25":2.7,"PM10":3.67,"Air":0}
{"epoch":1573259056,"battery":4.05410862,"Tdb_BME680":25.26,"RH_BME680":16.96,"P_BME680":102.57,"Alt_BME680":-140.03,"TVOC":64,"ECO2":400,"RCO2":468,"Tdb_scd30":28.28,"RH_scd30":14.58,"Lux":0.057599999,"PM1":1.5,"PM25":2.46,"PM10":3.33,"Air":0}
{"epoch":1573259117,"battery":4.06533289,"Tdb_BME680":25.26,"RH_BME680":16.99,"P_BME680":102.58,"Alt_BME680":-140.03,"TVOC":68,"ECO2":400,"RCO2":469,"Tdb_scd30":28.28,"RH_scd30":14.59,"Lux":0.057599999,"PM1":2.02,"PM25":3.39,"PM10":4.63,"Air":null}
{"epoch":1573259179,"battery":4.06533289,"Tdb_BME680":25.25,"RH_BME680":17.06,"P_BME680":102.57,"Alt_BME680":-139.87,"TVOC":67,"ECO2":400,"RCO2":467,"Tdb_scd30":28.3,"RH_scd30":14.67,"Lux":0.071999997,"PM1":2.1,"PM25":3.56,"PM10":4.88,"Air":0}
{"epoch":1573259241,"battery":4.059720993,"Tdb_BME680":25.26,"RH_BME680":17.11,"P_BME680":102.58,"Alt_BME680":-140.28,"TVOC":74,"ECO2":405,"RCO2":467,"Tdb_scd30":28.33,"RH_scd30":14.69,"Lux":0.057599999,"PM1":1.71,"PM25":2.94,"PM10":4.05,"Air":0}
{"epoch":1573259302,"battery":4.068699837,"Tdb_BME680":25.26,"RH_BME680":17.15,"P_BME680":102.58,"Alt_BME680":-140.44,"TVOC":83,"ECO2":417,"RCO2":471,"Tdb_scd30":28.3,"RH_scd30":14.76,"Lux":0.071999997,"PM1":1.69,"PM25":2.89,"PM10":3.98,"Air":0}
{"epoch":1573259364,"battery":4.050741673,"Tdb_BME680":25.27,"RH_BME680":17.16,"P_BME680":102.58,"Alt_BME680":-140.61,"TVOC":90,"ECO2":421,"RCO2":473,"Tdb_scd30":28.33,"RH_scd30":14.75,"Lux":0.057599999,"PM1":1.86,"PM25":3.15,"PM10":4.31,"Air":0}
{"epoch":1573259426,"battery":4.059720993,"Tdb_BME680":25.28,"RH_BME680":17.15,"P_BME680":102.58,"Alt_BME680":-140.61,"TVOC":87,"ECO2":414,"RCO2":472,"Tdb_scd30":28.34,"RH_scd30":14.69,"Lux":0.071999997,"PM1":1.72,"PM25":2.9,"PM10":3.95,"Air":0}
{"epoch":1573259488,"battery":4.064210415,"Tdb_BME680":25.28,"RH_BME680":17.2,"P_BME680":102.58,"Alt_BME680":-140.61,"TVOC":91,"ECO2":433,"RCO2":474,"Tdb_scd30":28.36,"RH_scd30":14.77,"Lux":0.057599999,"PM1":1.89,"PM25":3.19,"PM10":4.36,"Air":null}
{"epoch":1573259549,"battery":4.056353569,"Tdb_BME680":25.29,"RH_BME680":17.12,"P_BME680":102.58,"Alt_BME680":-140.61,"TVOC":77,"ECO2":400,"RCO2":478,"Tdb_scd30":28.33,"RH_scd30":14.67,"Lux":0.071999997,"PM1":1.8,"PM25":2.95,"PM10":3.99,"Air":0.01}
{"epoch":1573259611,"battery":4.057476044,"Tdb_BME680":25.29,"RH_BME680":17.06,"P_BME680":102.58,"Alt_BME680":-140.77,"TVOC":77,"ECO2":400,"RCO2":478,"Tdb_scd30":28.34,"RH_scd30":14.64,"Lux":0.057599999,"PM1":2.22,"PM25":3.54,"PM10":4.72,"Air":0}
{"epoch":1573259617,"battery":4.057476044,"Tdb_BME680":25.29,"RH_BME680":17.08,"P_BME680":102.59,"Alt_BME680":-140.61,"TVOC":73,"ECO2":400,"RCO2":478,"Tdb_scd30":28.34,"RH_scd30":14.67,"Lux":0.071999997,"PM1":2.11,"PM25":3.38,"PM10":4.51,"Air":null}
{"epoch":1573259678,"battery":4.067577362,"Tdb_BME680":25.28,"RH_BME680":17.11,"P_BME680":102.58,"Alt_BME680":-140.61,"TVOC":70,"ECO2":400,"RCO2":483,"Tdb_scd30":28.34,"RH_scd30":14.7,"Lux":0.057599999,"PM1":1.51,"PM25":2.46,"PM10":3.31,"Air":0}
{"epoch":1573259740,"battery":4.07431221,"Tdb_BME680":25.3,"RH_BME680":17.11,"P_BME680":102.59,"Alt_BME680":-140.94,"TVOC":73,"ECO2":400,"RCO2":485,"Tdb_scd30":28.37,"RH_scd30":14.64,"Lux":0.071999997,"PM1":1.63,"PM25":2.58,"PM10":3.44,"Air":0}
{"epoch":1573259802,"battery":4.072067261,"Tdb_BME680":25.3,"RH_BME680":17.1,"P_BME680":102.59,"Alt_BME680":-140.94,"TVOC":76,"ECO2":400,"RCO2":483,"Tdb_scd30":28.37,"RH_scd30":14.64,"Lux":0.057599999,"PM1":1.57,"PM25":2.47,"PM10":3.28,"Air":null}
{"epoch":1573259864,"battery":4.061965466,"Tdb_BME680":25.29,"RH_BME680":17.08,"P_BME680":102.59,"Alt_BME680":-141.1,"TVOC":70,"ECO2":400,"RCO2":486,"Tdb_scd30":28.31,"RH_scd30":14.63,"Lux":0.071999997,"PM1":1.8,"PM25":2.87,"PM10":3.82,"Air":0.04}
{"epoch":1573259925,"battery":4.058598518,"Tdb_BME680":25.29,"RH_BME680":17.08,"P_BME680":102.58,"Alt_BME680":-140.61,"TVOC":71,"ECO2":400,"RCO2":487,"Tdb_scd30":28.33,"RH_scd30":14.66,"Lux":0.057599999,"PM1":1.8,"PM25":2.83,"PM10":3.76,"Air":null}
{"epoch":1573259987,"battery":4.052986622,"Tdb_BME680":25.29,"RH_BME680":17.09,"P_BME680":102.59,"Alt_BME680":-140.77,"TVOC":75,"ECO2":400,"RCO2":486,"Tdb_scd30":28.36,"RH_scd30":14.67,"Lux":0.071999997,"PM1":1.51,"PM25":2.4,"PM10":3.19,"Air":0}
{"epoch":1573260049,"battery":4.056353569,"Tdb_BME680":25.29,"RH_BME680":17.08,"P_BME680":102.59,"Alt_BME680":-140.77,"TVOC":74,"ECO2":413,"RCO2":483,"Tdb_scd30":28.36,"RH_scd30":14.66,"Lux":0.071999997,"PM1":1.59,"PM25":2.49,"PM10":3.29,"Air":0}
{"epoch":1573260110,"battery":4.06533289,"Tdb_BME680":25.29,"RH_BME680":16.94,"P_BME680":102.59,"Alt_BME680":-140.77,"TVOC":65,"ECO2":400,"RCO2":485,"Tdb_scd30":28.33,"RH_scd30":14.42,"Lux":0.057599999,"PM1":1.35,"PM25":2.08,"PM10":2.73,"Air":null}
{"epoch":1573260172,"battery":4.081046581,"Tdb_BME680":25.27,"RH_BME680":16.62,"P_BME680":102.58,"Alt_BME680":-140.28,"TVOC":54,"ECO2":400,"RCO2":479,"Tdb_scd30":28.3,"RH_scd30":14.26,"Lux":0.071999997,"PM1":2.3,"PM25":3.55,"PM10":4.66,"Air":0}
{"epoch":1573260234,"battery":4.06308794,"Tdb_BME680":25.26,"RH_BME680":16.64,"P_BME680":102.58,"Alt_BME680":-140.61,"TVOC":44,"ECO2":400,"RCO2":474,"Tdb_scd30":28.27,"RH_scd30":14.26,"Lux":0.043200001,"PM1":2,"PM25":3.11,"PM10":4.09,"Air":null}
{"epoch":1573260296,"battery":4.072067261,"Tdb_BME680":25.26,"RH_BME680":16.84,"P_BME680":102.6,"Alt_BME680":-142.18,"TVOC":59,"ECO2":400,"RCO2":473,"Tdb_scd30":28.28,"RH_scd30":14.48,"Lux":0.071999997,"PM1":2.18,"PM25":3.4,"PM10":4.48,"Air":0.01}
{"epoch":1573260357,"battery":4.075434208,"Tdb_BME680":25.26,"RH_BME680":16.92,"P_BME680":102.59,"Alt_BME680":-140.94,"TVOC":70,"ECO2":400,"RCO2":475,"Tdb_scd30":28.34,"RH_scd30":14.56,"Lux":0.057599999,"PM1":2.11,"PM25":3.22,"PM10":4.21,"Air":0}
{"epoch":1573260419,"battery":4.070944786,"Tdb_BME680":25.25,"RH_BME680":16.97,"P_BME680":102.59,"Alt_BME680":-141.1,"TVOC":70,"ECO2":400,"RCO2":476,"Tdb_scd30":28.33,"RH_scd30":14.61,"Lux":0.071999997,"PM1":1.82,"PM25":2.83,"PM10":3.74,"Air":0}
{"epoch":1573260481,"battery":4.076556683,"Tdb_BME680":25.28,"RH_BME680":17.08,"P_BME680":102.59,"Alt_BME680":-140.94,"TVOC":91,"ECO2":404,"RCO2":480,"Tdb_scd30":28.38,"RH_scd30":14.63,"Lux":0.057599999,"PM1":1.19,"PM25":1.86,"PM10":2.45,"Air":0}
{"epoch":1573260543,"battery":4.064210415,"Tdb_BME680":25.27,"RH_BME680":16.92,"P_BME680":102.58,"Alt_BME680":-140.61,"TVOC":71,"ECO2":400,"RCO2":479,"Tdb_scd30":28.34,"RH_scd30":14.54,"Lux":0.057599999,"PM1":1.83,"PM25":2.9,"PM10":3.84,"Air":0}
{"epoch":1573260604,"battery":4.064210415,"Tdb_BME680":25.27,"RH_BME680":16.91,"P_BME680":102.58,"Alt_BME680":-140.61,"TVOC":64,"ECO2":400,"RCO2":476,"Tdb_scd30":28.33,"RH_scd30":14.53,"Lux":0.071999997,"PM1":1.94,"PM25":3.05,"PM10":4.04,"Air":0}
{"epoch":1573260666,"battery":4.06533289,"Tdb_BME680":25.26,"RH_BME680":17.05,"P_BME680":102.59,"Alt_BME680":-140.77,"TVOC":83,"ECO2":410,"RCO2":476,"Tdb_scd30":28.34,"RH_scd30":14.67,"Lux":0.057599999,"PM1":1.76,"PM25":2.72,"PM10":3.57,"Air":null}
{"epoch":1573260728,"battery":4.064210415,"Tdb_BME680":25.27,"RH_BME680":16.84,"P_BME680":102.58,"Alt_BME680":-140.61,"TVOC":58,"ECO2":400,"RCO2":475,"Tdb_scd30":28.33,"RH_scd30":14.39,"Lux":0.071999997,"PM1":1.93,"PM25":3,"PM10":3.95,"Air":null}
{"epoch":1573260789,"battery":4.073189735,"Tdb_BME680":25.26,"RH_BME680":16.9,"P_BME680":102.59,"Alt_BME680":-140.77,"TVOC":65,"ECO2":400,"RCO2":473,"Tdb_scd30":28.34,"RH_scd30":14.51,"Lux":0.057599999,"PM1":1.39,"PM25":2.14,"PM10":2.81,"Air":0}
{"epoch":1573260851,"battery":4.077679157,"Tdb_BME680":25.27,"RH_BME680":16.75,"P_BME680":102.59,"Alt_BME680":-140.94,"TVOC":47,"ECO2":400,"RCO2":472,"Tdb_scd30":28.31,"RH_scd30":14.29,"Lux":0.071999997,"PM1":1.64,"PM25":2.63,"PM10":3.52,"Air":0}
{"epoch":1573260913,"battery":4.068699837,"Tdb_BME680":25.25,"RH_BME680":16.74,"P_BME680":102.59,"Alt_BME680":-140.94,"TVOC":55,"ECO2":400,"RCO2":470,"Tdb_scd30":28.3,"RH_scd30":14.39,"Lux":0.071999997,"PM1":1.67,"PM25":2.8,"PM10":3.81,"Air":0}
{"epoch":1573260975,"battery":4.076556683,"Tdb_BME680":25.26,"RH_BME680":16.84,"P_BME680":102.59,"Alt_BME680":-141.27,"TVOC":64,"ECO2":400,"RCO2":472,"Tdb_scd30":28.33,"RH_scd30":14.47,"Lux":0.057599999,"PM1":2.1,"PM25":3.51,"PM10":4.77,"Air":0}
{"epoch":1573261036,"battery":4.066455364,"Tdb_BME680":25.26,"RH_BME680":16.84,"P_BME680":102.59,"Alt_BME680":-141.43,"TVOC":64,"ECO2":400,"RCO2":477,"Tdb_scd30":28.31,"RH_scd30":14.39,"Lux":0.057599999,"PM1":1.85,"PM25":3.08,"PM10":4.18,"Air":null}
{"epoch":1573261098,"battery":4.068699837,"Tdb_BME680":25.24,"RH_BME680":16.71,"P_BME680":102.61,"Alt_BME680":-142.51,"TVOC":49,"ECO2":400,"RCO2":478,"Tdb_scd30":28.3,"RH_scd30":14.34,"Lux":0.071999997,"PM1":1.46,"PM25":2.39,"PM10":3.21,"Air":0}
{"epoch":1573261160,"battery":4.056353569,"Tdb_BME680":25.24,"RH_BME680":16.73,"P_BME680":102.61,"Alt_BME680":-142.67,"TVOC":54,"ECO2":400,"RCO2":475,"Tdb_scd30":28.31,"RH_scd30":14.34,"Lux":0.057599999,"PM1":1.87,"PM25":3.07,"PM10":4.14,"Air":0}
{"epoch":1573261221,"battery":4.06308794,"Tdb_BME680":25.24,"RH_BME680":16.83,"P_BME680":102.61,"Alt_BME680":-143,"TVOC":59,"ECO2":400,"RCO2":477,"Tdb_scd30":28.33,"RH_scd30":14.43,"Lux":0.1008,"PM1":1.78,"PM25":2.82,"PM10":3.76,"Air":0}
{"epoch":1573261283,"battery":4.049619198,"Tdb_BME680":25.27,"RH_BME680":17.15,"P_BME680":102.61,"Alt_BME680":-143.17,"TVOC":91,"ECO2":433,"RCO2":491,"Tdb_scd30":28.36,"RH_scd30":14.83,"Lux":0.143999994,"PM1":2.11,"PM25":3.36,"PM10":4.47,"Air":null}
{"epoch":1573261345,"battery":4.072067261,"Tdb_BME680":25.31,"RH_BME680":17.47,"P_BME680":102.61,"Alt_BME680":-143.33,"TVOC":105,"ECO2":426,"RCO2":588,"Tdb_scd30":28.41,"RH_scd30":14.96,"Lux":0.2016,"PM1":3.09,"PM25":5.38,"PM10":7.46,"Air":0}
{"epoch":1573261407,"battery":4.081046581,"Tdb_BME680":25.34,"RH_BME680":17.69,"P_BME680":102.62,"Alt_BME680":-143.66,"TVOC":107,"ECO2":439,"RCO2":538,"Tdb_scd30":28.38,"RH_scd30":15.2,"Lux":0.187199995,"PM1":2.35,"PM25":4.39,"PM10":6.25,"Air":null}
{"epoch":1573261468,"battery":4.076556683,"Tdb_BME680":25.34,"RH_BME680":17.72,"P_BME680":102.62,"Alt_BME680":-143.83,"TVOC":121,"ECO2":457,"RCO2":528,"Tdb_scd30":28.41,"RH_scd30":15.18,"Lux":0.2016,"PM1":2.12,"PM25":4.02,"PM10":5.76,"Air":0}
{"epoch":1573261530,"battery":4.05410862,"Tdb_BME680":25.35,"RH_BME680":17.69,"P_BME680":102.62,"Alt_BME680":-143.99,"TVOC":116,"ECO2":440,"RCO2":526,"Tdb_scd30":28.44,"RH_scd30":15.15,"Lux":0.187199995,"PM1":1.79,"PM25":3.34,"PM10":4.76,"Air":null}
{"epoch":1573261592,"battery":4.055231094,"Tdb_BME680":25.36,"RH_BME680":17.52,"P_BME680":102.62,"Alt_BME680":-143.99,"TVOC":94,"ECO2":426,"RCO2":520,"Tdb_scd30":28.43,"RH_scd30":15.01,"Lux":0.2016,"PM1":1.82,"PM25":3.29,"PM10":4.62,"Air":0}
{"epoch":1573261653,"battery":4.066455364,"Tdb_BME680":25.37,"RH_BME680":17.49,"P_BME680":102.63,"Alt_BME680":-144.07,"TVOC":98,"ECO2":418,"RCO2":518,"Tdb_scd30":28.43,"RH_scd30":15.03,"Lux":0.2016,"PM1":1.29,"PM25":2.26,"PM10":3.15,"Air":0}
{"epoch":1573261715,"battery":4.072067261,"Tdb_BME680":25.39,"RH_BME680":17.61,"P_BME680":102.62,"Alt_BME680":-143.66,"TVOC":105,"ECO2":431,"RCO2":518,"Tdb_scd30":28.47,"RH_scd30":15,"Lux":0.187199995,"PM1":1.71,"PM25":2.95,"PM10":4.06,"Air":0}
{"epoch":1573261777,"battery":4.070944786,"Tdb_BME680":25.4,"RH_BME680":17.55,"P_BME680":102.62,"Alt_BME680":-143.66,"TVOC":99,"ECO2":416,"RCO2":518,"Tdb_scd30":28.47,"RH_scd30":15.04,"Lux":0.216000006,"PM1":1.66,"PM25":2.83,"PM10":3.88,"Air":0}
{"epoch":1573261839,"battery":4.081046581,"Tdb_BME680":25.42,"RH_BME680":17.23,"P_BME680":102.62,"Alt_BME680":-143.83,"TVOC":90,"ECO2":404,"RCO2":523,"Tdb_scd30":28.52,"RH_scd30":14.67,"Lux":0.216000006,"PM1":1.46,"PM25":2.49,"PM10":3.42,"Air":0.02}
{"epoch":1573261900,"battery":4.067577362,"Tdb_BME680":25.44,"RH_BME680":17.26,"P_BME680":102.62,"Alt_BME680":-143.83,"TVOC":95,"ECO2":416,"RCO2":525,"Tdb_scd30":28.51,"RH_scd30":14.82,"Lux":0.187199995,"PM1":1.59,"PM25":2.7,"PM10":3.7,"Air":0}
{"epoch":1573261962,"battery":4.060842991,"Tdb_BME680":25.44,"RH_BME680":17.23,"P_BME680":102.63,"Alt_BME680":-144.07,"TVOC":85,"ECO2":400,"RCO2":523,"Tdb_scd30":28.48,"RH_scd30":14.74,"Lux":0.2016,"PM1":1.56,"PM25":2.65,"PM10":3.63,"Air":null}
{"epoch":1573262024,"battery":4.061965466,"Tdb_BME680":25.44,"RH_BME680":17.28,"P_BME680":102.63,"Alt_BME680":-144.24,"TVOC":86,"ECO2":410,"RCO2":524,"Tdb_scd30":28.48,"RH_scd30":14.87,"Lux":0.187199995,"PM1":2.02,"PM25":3.42,"PM10":4.68,"Air":0}
{"epoch":1573262085,"battery":4.060842991,"Tdb_BME680":25.45,"RH_BME680":17.3,"P_BME680":102.63,"Alt_BME680":-144.4,"TVOC":98,"ECO2":415,"RCO2":522,"Tdb_scd30":28.55,"RH_scd30":14.71,"Lux":0.2016,"PM1":1.41,"PM25":2.36,"PM10":3.22,"Air":null}
{"epoch":1573262147,"battery":4.061965466,"Tdb_BME680":25.48,"RH_BME680":17.15,"P_BME680":102.63,"Alt_BME680":-144.07,"TVOC":86,"ECO2":400,"RCO2":520,"Tdb_scd30":28.55,"RH_scd30":14.75,"Lux":0.187199995,"PM1":1.33,"PM25":2.22,"PM10":3.01,"Air":0}
{"epoch":1573262209,"battery":4.061965466,"Tdb_BME680":25.48,"RH_BME680":17.14,"P_BME680":102.63,"Alt_BME680":-144.4,"TVOC":85,"ECO2":400,"RCO2":520,"Tdb_scd30":28.52,"RH_scd30":14.7,"Lux":0.187199995,"PM1":1.06,"PM25":1.76,"PM10":2.39,"Air":0}
{"epoch":1573262271,"battery":4.067577362,"Tdb_BME680":25.49,"RH_BME680":17.1,"P_BME680":102.64,"Alt_BME680":-144.73,"TVOC":93,"ECO2":412,"RCO2":519,"Tdb_scd30":28.58,"RH_scd30":14.67,"Lux":0.2016,"PM1":1.48,"PM25":2.44,"PM10":3.3,"Air":0}
{"epoch":1573262332,"battery":4.068699837,"Tdb_BME680":25.51,"RH_BME680":17.04,"P_BME680":102.64,"Alt_BME680":-144.9,"TVOC":88,"ECO2":400,"RCO2":521,"Tdb_scd30":28.6,"RH_scd30":14.61,"Lux":0.187199995,"PM1":1.31,"PM25":2.08,"PM10":2.77,"Air":0.03}
{"epoch":1573262394,"battery":4.076556683,"Tdb_BME680":25.53,"RH_BME680":16.91,"P_BME680":102.64,"Alt_BME680":-145.06,"TVOC":77,"ECO2":400,"RCO2":519,"Tdb_scd30":28.54,"RH_scd30":14.56,"Lux":0.216000006,"PM1":1.22,"PM25":1.91,"PM10":2.52,"Air":0}
{"epoch":1573262456,"battery":4.061965466,"Tdb_BME680":25.53,"RH_BME680":16.94,"P_BME680":102.65,"Alt_BME680":-145.39,"TVOC":85,"ECO2":400,"RCO2":519,"Tdb_scd30":28.54,"RH_scd30":14.54,"Lux":0.187199995,"PM1":1.05,"PM25":1.64,"PM10":2.16,"Air":0}
{"epoch":1573262518,"battery":4.060842991,"Tdb_BME680":25.52,"RH_BME680":16.95,"P_BME680":102.65,"Alt_BME680":-145.72,"TVOC":76,"ECO2":400,"RCO2":519,"Tdb_scd30":28.54,"RH_scd30":14.48,"Lux":0.187199995,"PM1":1.06,"PM25":1.62,"PM10":2.13,"Air":0.01}
{"epoch":1573262579,"battery":4.067577362,"Tdb_BME680":25.53,"RH_BME680":17.08,"P_BME680":102.65,"Alt_BME680":-146.05,"TVOC":78,"ECO2":400,"RCO2":522,"Tdb_scd30":28.57,"RH_scd30":14.68,"Lux":0.172800004,"PM1":1.9,"PM25":2.92,"PM10":3.83,"Air":0}
{"epoch":1573262641,"battery":4.073189735,"Tdb_BME680":25.52,"RH_BME680":17.02,"P_BME680":102.65,"Alt_BME680":-145.56,"TVOC":97,"ECO2":414,"RCO2":521,"Tdb_scd30":28.55,"RH_scd30":14.64,"Lux":0.172800004,"PM1":1.55,"PM25":2.36,"PM10":3.07,"Air":0.01}
{"epoch":1573262703,"battery":4.058598518,"Tdb_BME680":25.52,"RH_BME680":16.92,"P_BME680":102.64,"Alt_BME680":-145.56,"TVOC":83,"ECO2":400,"RCO2":521,"Tdb_scd30":28.57,"RH_scd30":14.54,"Lux":0.2016,"PM1":1.71,"PM25":2.57,"PM10":3.34,"Air":0}
{"epoch":1573262764,"battery":4.06308794,"Tdb_BME680":25.53,"RH_BME680":17.08,"P_BME680":102.65,"Alt_BME680":-145.72,"TVOC":94,"ECO2":407,"RCO2":520,"Tdb_scd30":28.54,"RH_scd30":14.71,"Lux":0.172800004,"PM1":1.35,"PM25":2.03,"PM10":2.64,"Air":0}
{"epoch":1573262826,"battery":4.058598518,"Tdb_BME680":25.53,"RH_BME680":16.96,"P_BME680":102.65,"Alt_BME680":-145.89,"TVOC":86,"ECO2":400,"RCO2":517,"Tdb_scd30":28.58,"RH_scd30":14.59,"Lux":0.2016,"PM1":1.26,"PM25":1.87,"PM10":2.41,"Air":0}
{"epoch":1573262888,"battery":4.055231094,"Tdb_BME680":25.55,"RH_BME680":16.94,"P_BME680":102.65,"Alt_BME680":-145.89,"TVOC":88,"ECO2":400,"RCO2":514,"Tdb_scd30":28.58,"RH_scd30":14.58,"Lux":0.691200018,"PM1":1.44,"PM25":2.13,"PM10":2.74,"Air":0}
{"epoch":1573262950,"battery":4.066455364,"Tdb_BME680":25.56,"RH_BME680":17.23,"P_BME680":102.65,"Alt_BME680":-145.89,"TVOC":102,"ECO2":410,"RCO2":514,"Tdb_scd30":28.57,"RH_scd30":14.81,"Lux":0.187199995,"PM1":1.1,"PM25":1.6,"PM10":2.05,"Air":0.01}
{"epoch":1573263011,"battery":4.061965466,"Tdb_BME680":25.56,"RH_BME680":17.17,"P_BME680":102.65,"Alt_BME680":-145.89,"TVOC":102,"ECO2":404,"RCO2":516,"Tdb_scd30":28.64,"RH_scd30":14.78,"Lux":0.172800004,"PM1":1.11,"PM25":1.63,"PM10":2.09,"Air":0}
{"epoch":1573263073,"battery":4.068699837,"Tdb_BME680":25.57,"RH_BME680":17.07,"P_BME680":102.65,"Alt_BME680":-146.05,"TVOC":103,"ECO2":408,"RCO2":514,"Tdb_scd30":28.63,"RH_scd30":14.62,"Lux":0.172800004,"PM1":1.05,"PM25":1.51,"PM10":1.92,"Air":0}
{"epoch":1573263135,"battery":4.056353569,"Tdb_BME680":25.57,"RH_BME680":17.08,"P_BME680":102.65,"Alt_BME680":-146.05,"TVOC":90,"ECO2":400,"RCO2":513,"Tdb_scd30":28.57,"RH_scd30":14.73,"Lux":0.2016,"PM1":1.04,"PM25":1.51,"PM10":1.93,"Air":0}
{"epoch":1573263196,"battery":4.066455364,"Tdb_BME680":25.56,"RH_BME680":17.19,"P_BME680":102.65,"Alt_BME680":-145.89,"TVOC":105,"ECO2":415,"RCO2":514,"Tdb_scd30":28.58,"RH_scd30":14.76,"Lux":0.172800004,"PM1":1.31,"PM25":1.94,"PM10":2.5,"Air":null}
{"epoch":1573263258,"battery":4.070944786,"Tdb_BME680":25.56,"RH_BME680":17.16,"P_BME680":102.65,"Alt_BME680":-146.22,"TVOC":98,"ECO2":406,"RCO2":515,"Tdb_scd30":28.57,"RH_scd30":14.78,"Lux":0.187199995,"PM1":1.07,"PM25":1.59,"PM10":2.05,"Air":0}
{"epoch":1573263320,"battery":4.058598518,"Tdb_BME680":25.56,"RH_BME680":17.18,"P_BME680":102.65,"Alt_BME680":-146.55,"TVOC":101,"ECO2":411,"RCO2":513,"Tdb_scd30":28.6,"RH_scd30":14.75,"Lux":0.158399999,"PM1":1.23,"PM25":1.83,"PM10":2.37,"Air":0}
{"epoch":1573263382,"battery":4.067577362,"Tdb_BME680":25.58,"RH_BME680":16.96,"P_BME680":102.66,"Alt_BME680":-146.88,"TVOC":88,"ECO2":400,"RCO2":516,"Tdb_scd30":28.64,"RH_scd30":14.53,"Lux":0.172800004,"PM1":1.08,"PM25":1.63,"PM10":2.12,"Air":null}
{"epoch":1573263443,"battery":4.066455364,"Tdb_BME680":25.57,"RH_BME680":16.76,"P_BME680":102.66,"Alt_BME680":-146.88,"TVOC":64,"ECO2":400,"RCO2":514,"Tdb_scd30":28.55,"RH_scd30":14.35,"Lux":0.172800004,"PM1":0.66,"PM25":0.98,"PM10":1.26,"Air":0.03}
{"epoch":1573263505,"battery":4.044007301,"Tdb_BME680":25.58,"RH_BME680":16.64,"P_BME680":102.66,"Alt_BME680":-147.21,"TVOC":51,"ECO2":400,"RCO2":514,"Tdb_scd30":28.63,"RH_scd30":14.26,"Lux":0.172800004,"PM1":1.01,"PM25":1.5,"PM10":1.92,"Air":null}
{"epoch":1573263567,"battery":4.076556683,"Tdb_BME680":25.59,"RH_BME680":16.74,"P_BME680":102.67,"Alt_BME680":-147.21,"TVOC":72,"ECO2":400,"RCO2":510,"Tdb_scd30":28.57,"RH_scd30":14.4,"Lux":0.172800004,"PM1":1.11,"PM25":1.63,"PM10":2.09,"Air":0.12}
{"epoch":1573263628,"battery":4.017069817,"Tdb_BME680":25.59,"RH_BME680":16.91,"P_BME680":102.67,"Alt_BME680":-147.54,"TVOC":99,"ECO2":400,"RCO2":552,"Tdb_scd30":28.6,"RH_scd30":14.51,"Lux":0.129600003,"PM1":1.05,"PM25":1.56,"PM10":2,"Air":null}
{"epoch":1573263690,"battery":4.03727293,"Tdb_BME680":25.58,"RH_BME680":17.02,"P_BME680":102.67,"Alt_BME680":-147.37,"TVOC":92,"ECO2":401,"RCO2":533,"Tdb_scd30":28.6,"RH_scd30":14.62,"Lux":0.143999994,"PM1":0.97,"PM25":1.41,"PM10":1.79,"Air":0.04}
{"epoch":1573263752,"battery":4.061965466,"Tdb_BME680":25.6,"RH_BME680":17,"P_BME680":102.66,"Alt_BME680":-147.04,"TVOC":91,"ECO2":403,"RCO2":530,"Tdb_scd30":28.64,"RH_scd30":14.65,"Lux":0.158399999,"PM1":0.92,"PM25":1.31,"PM10":1.65,"Air":null}
{"epoch":1573263814,"battery":4.130432129,"Tdb_BME680":25.6,"RH_BME680":17.05,"P_BME680":102.66,"Alt_BME680":-147.04,"TVOC":100,"ECO2":424,"RCO2":527,"Tdb_scd30":28.6,"RH_scd30":14.7,"Lux":0.143999994,"PM1":1.2,"PM25":1.71,"PM10":2.15,"Air":0}
{"epoch":1573263875,"battery":4.094515324,"Tdb_BME680":25.58,"RH_BME680":17.04,"P_BME680":102.66,"Alt_BME680":-146.71,"TVOC":93,"ECO2":400,"RCO2":525,"Tdb_scd30":28.55,"RH_scd30":14.67,"Lux":0.158399999,"PM1":1.08,"PM25":1.54,"PM10":1.94,"Air":null}
{"epoch":1573263937,"battery":4.027171135,"Tdb_BME680":25.57,"RH_BME680":17.03,"P_BME680":102.66,"Alt_BME680":-146.55,"TVOC":94,"ECO2":407,"RCO2":523,"Tdb_scd30":28.58,"RH_scd30":14.69,"Lux":0.129600003,"PM1":0.86,"PM25":1.2,"PM10":1.5,"Air":0.03}
{"epoch":1573263999,"battery":4.121452808,"Tdb_BME680":25.58,"RH_BME680":16.95,"P_BME680":102.65,"Alt_BME680":-146.38,"TVOC":78,"ECO2":400,"RCO2":517,"Tdb_scd30":28.65,"RH_scd30":14.43,"Lux":0.143999994,"PM1":1.06,"PM25":1.47,"PM10":1.83,"Air":null}
{"epoch":1573264061,"battery":4.16298151,"Tdb_BME680":25.59,"RH_BME680":16.92,"P_BME680":102.66,"Alt_BME680":-146.38,"TVOC":87,"ECO2":400,"RCO2":513,"Tdb_scd30":28.6,"RH_scd30":14.58,"Lux":0.143999994,"PM1":0.98,"PM25":1.35,"PM10":1.67,"Air":0}
{"epoch":1573264122,"battery":4.078801632,"Tdb_BME680":25.61,"RH_BME680":16.85,"P_BME680":102.66,"Alt_BME680":-146.55,"TVOC":80,"ECO2":400,"RCO2":510,"Tdb_scd30":28.65,"RH_scd30":14.47,"Lux":0.129600003,"PM1":1.17,"PM25":1.62,"PM10":2.01,"Air":null}
{"epoch":1573264184,"battery":4.057476044,"Tdb_BME680":25.61,"RH_BME680":16.89,"P_BME680":102.66,"Alt_BME680":-147.37,"TVOC":78,"ECO2":400,"RCO2":509,"Tdb_scd30":28.63,"RH_scd30":14.53,"Lux":0.158399999,"PM1":1,"PM25":1.35,"PM10":1.65,"Air":0.01}
{"epoch":1573264246,"battery":4.205632687,"Tdb_BME680":25.62,"RH_BME680":16.91,"P_BME680":102.67,"Alt_BME680":-147.7,"TVOC":96,"ECO2":400,"RCO2":509,"Tdb_scd30":28.67,"RH_scd30":14.51,"Lux":0.129600003,"PM1":1.17,"PM25":1.58,"PM10":1.93,"Air":null}
{"epoch":1573264307,"battery":4.107984066,"Tdb_BME680":25.64,"RH_BME680":16.88,"P_BME680":102.67,"Alt_BME680":-148.11,"TVOC":95,"ECO2":400,"RCO2":508,"Tdb_scd30":28.65,"RH_scd30":14.54,"Lux":0.143999994,"PM1":1.21,"PM25":1.64,"PM10":2.02,"Air":0}
{"epoch":1573264369,"battery":4.032783031,"Tdb_BME680":25.63,"RH_BME680":16.87,"P_BME680":102.68,"Alt_BME680":-148.61,"TVOC":90,"ECO2":400,"RCO2":509,"Tdb_scd30":28.65,"RH_scd30":14.5,"Lux":0.129600003,"PM1":1.19,"PM25":1.63,"PM10":2.02,"Air":null}
{"epoch":1573264431,"battery":4.059720993,"Tdb_BME680":25.63,"RH_BME680":16.83,"P_BME680":102.69,"Alt_BME680":-148.94,"TVOC":772,"ECO2":1290,"RCO2":516,"Tdb_scd30":28.64,"RH_scd30":14.48,"Lux":0.143999994,"PM1":1.12,"PM25":1.54,"PM10":1.9,"Air":0.01}
{"epoch":1573264493,"battery":4.066455364,"Tdb_BME680":25.62,"RH_BME680":16.88,"P_BME680":102.69,"Alt_BME680":-148.94,"TVOC":628,"ECO2":1065,"RCO2":516,"Tdb_scd30":28.65,"RH_scd30":14.54,"Lux":0.143999994,"PM1":1.25,"PM25":1.7,"PM10":2.09,"Air":0.03}
{"epoch":1573264554,"battery":4.058598518,"Tdb_BME680":25.63,"RH_BME680":16.92,"P_BME680":102.69,"Alt_BME680":-149.1,"TVOC":2315,"ECO2":2915,"RCO2":514,"Tdb_scd30":28.71,"RH_scd30":14.57,"Lux":0.143999994,"PM1":0.87,"PM25":1.21,"PM10":1.51,"Air":0}
{"epoch":1573264616,"battery":4.059720993,"Tdb_BME680":25.63,"RH_BME680":16.88,"P_BME680":102.69,"Alt_BME680":-149.27,"TVOC":3157,"ECO2":4687,"RCO2":515,"Tdb_scd30":28.67,"RH_scd30":14.51,"Lux":0.158399999,"PM1":1.02,"PM25":1.42,"PM10":1.77,"Air":0}
{"epoch":1573264678,"battery":4.024926186,"Tdb_BME680":25.62,"RH_BME680":16.92,"P_BME680":102.68,"Alt_BME680":-148.77,"TVOC":3668,"ECO2":6781,"RCO2":515,"Tdb_scd30":28.7,"RH_scd30":14.5,"Lux":0.158399999,"PM1":1.13,"PM25":1.56,"PM10":1.93,"Air":null}
{"epoch":1573264739,"battery":4.045129776,"Tdb_BME680":25.63,"RH_BME680":16.97,"P_BME680":102.68,"Alt_BME680":-148.77,"TVOC":2144,"ECO2":1860,"RCO2":516,"Tdb_scd30":28.68,"RH_scd30":14.55,"Lux":0.129600003,"PM1":1.39,"PM25":1.93,"PM10":2.39,"Air":0}
{"epoch":1573264801,"battery":4.069822311,"Tdb_BME680":25.64,"RH_BME680":16.96,"P_BME680":102.68,"Alt_BME680":-148.44,"TVOC":7801,"ECO2":13435,"RCO2":511,"Tdb_scd30":28.71,"RH_scd30":14.53,"Lux":0.158399999,"PM1":1.25,"PM25":1.69,"PM10":2.08,"Air":0}
{"epoch":1573264863,"battery":4.07431221,"Tdb_BME680":25.64,"RH_BME680":16.98,"P_BME680":102.68,"Alt_BME680":-148.61,"TVOC":10972,"ECO2":17907,"RCO2":508,"Tdb_scd30":28.7,"RH_scd30":14.68,"Lux":0.129600003,"PM1":1.12,"PM25":1.54,"PM10":1.9,"Air":0}
{"epoch":1573264925,"battery":4.021559238,"Tdb_BME680":25.63,"RH_BME680":16.99,"P_BME680":102.68,"Alt_BME680":-148.61,"TVOC":10333,"ECO2":14710,"RCO2":507,"Tdb_scd30":28.68,"RH_scd30":14.58,"Lux":0.143999994,"PM1":1.2,"PM25":1.7,"PM10":2.14,"Air":null}
{"epoch":1573264986,"battery":4.090025425,"Tdb_BME680":25.64,"RH_BME680":16.91,"P_BME680":102.67,"Alt_BME680":-147.95,"TVOC":20065,"ECO2":55812,"RCO2":506,"Tdb_scd30":28.7,"RH_scd30":14.55,"Lux":0.129600003,"PM1":1.26,"PM25":1.82,"PM10":2.31,"Air":null}
{"epoch":1573265048,"battery":4.099004745,"Tdb_BME680":25.65,"RH_BME680":16.99,"P_BME680":102.67,"Alt_BME680":-147.87,"TVOC":34383,"ECO2":56392,"RCO2":505,"Tdb_scd30":28.68,"RH_scd30":14.58,"Lux":0.158399999,"PM1":1.35,"PM25":1.96,"PM10":2.5,"Air":0}
{"epoch":1573265110,"battery":4.175327778,"Tdb_BME680":25.64,"RH_BME680":16.95,"P_BME680":102.67,"Alt_BME680":-147.87,"TVOC":27435,"ECO2":46401,"RCO2":502,"Tdb_scd30":28.67,"RH_scd30":14.59,"Lux":0.129600003,"PM1":1.31,"PM25":1.93,"PM10":2.46,"Air":0.02}
{"epoch":1573265171,"battery":4.210122585,"Tdb_BME680":25.64,"RH_BME680":16.96,"P_BME680":102.67,"Alt_BME680":-147.54,"TVOC":31007,"ECO2":52986,"RCO2":504,"Tdb_scd30":28.71,"RH_scd30":14.6,"Lux":0.143999994,"PM1":1.37,"PM25":2,"PM10":2.56,"Air":null}
{"epoch":1573265233,"battery":4.083291054,"Tdb_BME680":25.65,"RH_BME680":16.89,"P_BME680":102.67,"Alt_BME680":-147.87,"TVOC":17825,"ECO2":21221,"RCO2":501,"Tdb_scd30":28.68,"RH_scd30":14.53,"Lux":0.129600003,"PM1":1.24,"PM25":1.81,"PM10":2.3,"Air":0}
{"epoch":1573265295,"battery":4.075434208,"Tdb_BME680":25.65,"RH_BME680":16.92,"P_BME680":102.67,"Alt_BME680":-147.54,"TVOC":25098,"ECO2":41304,"RCO2":500,"Tdb_scd30":28.7,"RH_scd30":14.58,"Lux":0.143999994,"PM1":1.39,"PM25":2.03,"PM10":2.59,"Air":0}
{"epoch":1573265357,"battery":4.032783031,"Tdb_BME680":25.66,"RH_BME680":16.92,"P_BME680":102.67,"Alt_BME680":-148.28,"TVOC":13188,"ECO2":13588,"RCO2":503,"Tdb_scd30":28.7,"RH_scd30":14.58,"Lux":0.143999994,"PM1":0.89,"PM25":1.3,"PM10":1.66,"Air":0}
{"epoch":1573265418,"battery":4.068699837,"Tdb_BME680":25.66,"RH_BME680":16.91,"P_BME680":102.67,"Alt_BME680":-147.95,"TVOC":14571,"ECO2":17922,"RCO2":501,"Tdb_scd30":28.71,"RH_scd30":14.52,"Lux":0.129600003,"PM1":0.88,"PM25":1.31,"PM10":1.69,"Air":0.01}
{"epoch":1573265480,"battery":4.031661034,"Tdb_BME680":25.68,"RH_BME680":16.79,"P_BME680":102.67,"Alt_BME680":-148.28,"TVOC":11594,"ECO2":10314,"RCO2":499,"Tdb_scd30":28.75,"RH_scd30":14.44,"Lux":0.158399999,"PM1":1.17,"PM25":1.75,"PM10":2.27,"Air":0}
{"epoch":1573265542,"battery":4.12818718,"Tdb_BME680":25.66,"RH_BME680":16.81,"P_BME680":102.68,"Alt_BME680":-148.61,"TVOC":9322,"ECO2":5265,"RCO2":498,"Tdb_scd30":28.7,"RH_scd30":14.53,"Lux":0.129600003,"PM1":1.19,"PM25":1.72,"PM10":2.19,"Air":null}
{"epoch":1573265604,"battery":4.023804188,"Tdb_BME680":25.66,"RH_BME680":16.82,"P_BME680":102.68,"Alt_BME680":-148.94,"TVOC":7243,"ECO2":3901,"RCO2":498,"Tdb_scd30":28.71,"RH_scd30":14.49,"Lux":0.143999994,"PM1":1.19,"PM25":1.73,"PM10":2.21,"Air":0}
{"epoch":1573265665,"battery":4.050741673,"Tdb_BME680":25.66,"RH_BME680":16.88,"P_BME680":102.69,"Alt_BME680":-149.1,"TVOC":7947,"ECO2":4599,"RCO2":501,"Tdb_scd30":28.7,"RH_scd30":14.52,"Lux":0.129600003,"PM1":1.28,"PM25":1.9,"PM10":2.45,"Air":0.02}
{"epoch":1573265727,"battery":4.039517403,"Tdb_BME680":25.67,"RH_BME680":16.87,"P_BME680":102.7,"Alt_BME680":-150.09,"TVOC":9985,"ECO2":8102,"RCO2":503,"Tdb_scd30":28.73,"RH_scd30":14.45,"Lux":0.143999994,"PM1":1.1,"PM25":1.61,"PM10":2.05,"Air":null}
{"epoch":1573265789,"battery":4.044007301,"Tdb_BME680":25.67,"RH_BME680":16.9,"P_BME680":102.71,"Alt_BME680":-151.33,"TVOC":10907,"ECO2":10047,"RCO2":502,"Tdb_scd30":28.73,"RH_scd30":14.53,"Lux":0.115199998,"PM1":1.48,"PM25":2.2,"PM10":2.83,"Air":0}
{"epoch":1573265850,"battery":4.038395405,"Tdb_BME680":25.68,"RH_BME680":16.88,"P_BME680":102.71,"Alt_BME680":-150.75,"TVOC":7348,"ECO2":4053,"RCO2":499,"Tdb_scd30":28.73,"RH_scd30":14.45,"Lux":0.158399999,"PM1":1.15,"PM25":1.72,"PM10":2.22,"Air":null}
{"epoch":1573265912,"battery":4.156247139,"Tdb_BME680":25.68,"RH_BME680":16.83,"P_BME680":102.71,"Alt_BME680":-151.33,"TVOC":19773,"ECO2":37848,"RCO2":500,"Tdb_scd30":28.68,"RH_scd30":14.61,"Lux":0.129600003,"PM1":1.23,"PM25":1.8,"PM10":2.3,"Air":null}
{"epoch":1573265974,"battery":4.072067261,"Tdb_BME680":25.67,"RH_BME680":17.13,"P_BME680":102.72,"Alt_BME680":-151.66,"TVOC":60000,"ECO2":60000,"RCO2":507,"Tdb_scd30":28.67,"RH_scd30":14.75,"Lux":0.143999994,"PM1":1.21,"PM25":1.78,"PM10":2.28,"Air":0}
{"epoch":1573266036,"battery":4.048496723,"Tdb_BME680":25.65,"RH_BME680":17.23,"P_BME680":102.72,"Alt_BME680":-151.49,"TVOC":60000,"ECO2":60000,"RCO2":514,"Tdb_scd30":28.65,"RH_scd30":14.92,"Lux":0.143999994,"PM1":1.12,"PM25":1.68,"PM10":2.18,"Air":0}
{"epoch":1573266097,"battery":4.112473488,"Tdb_BME680":25.62,"RH_BME680":17.14,"P_BME680":102.72,"Alt_BME680":-151.66,"TVOC":28799,"ECO2":17739,"RCO2":509,"Tdb_scd30":28.64,"RH_scd30":14.83,"Lux":0.143999994,"PM1":0.87,"PM25":1.3,"PM10":1.68,"Air":null}
{"epoch":1573266103,"battery":4.112473488,"Tdb_BME680":25.62,"RH_BME680":17.16,"P_BME680":102.72,"Alt_BME680":-151.66,"TVOC":25357,"ECO2":15991,"RCO2":507,"Tdb_scd30":28.61,"RH_scd30":14.8,"Lux":0.518400013,"PM1":0.84,"PM25":1.26,"PM10":1.62,"Air":0}
{"epoch":1573266165,"battery":4.035027981,"Tdb_BME680":25.6,"RH_BME680":17.21,"P_BME680":102.72,"Alt_BME680":-151.99,"TVOC":25942,"ECO2":20035,"RCO2":503,"Tdb_scd30":28.63,"RH_scd30":14.88,"Lux":0.216000006,"PM1":0.99,"PM25":1.45,"PM10":1.85,"Air":0}
{"epoch":1573266226,"battery":4.03727293,"Tdb_BME680":25.61,"RH_BME680":18.41,"P_BME680":102.73,"Alt_BME680":-152.65,"TVOC":60000,"ECO2":60000,"RCO2":502,"Tdb_scd30":28.64,"RH_scd30":16.47,"Lux":0.2016,"PM1":1.32,"PM25":1.96,"PM10":2.53,"Air":0}
{"epoch":1573266288,"battery":4.040639877,"Tdb_BME680":25.65,"RH_BME680":19.87,"P_BME680":102.73,"Alt_BME680":-152.98,"TVOC":60000,"ECO2":60000,"RCO2":497,"Tdb_scd30":28.68,"RH_scd30":17.38,"Lux":0.187199995,"PM1":1.18,"PM25":1.76,"PM10":2.27,"Air":0}
{"epoch":1573266350,"battery":4.060842991,"Tdb_BME680":25.64,"RH_BME680":17.79,"P_BME680":102.73,"Alt_BME680":-152.32,"TVOC":57175,"ECO2":21069,"RCO2":496,"Tdb_scd30":28.67,"RH_scd30":15.31,"Lux":0.2016,"PM1":1.34,"PM25":2.03,"PM10":2.64,"Air":0}
{"epoch":1573266412,"battery":4.061965466,"Tdb_BME680":25.64,"RH_BME680":17.47,"P_BME680":102.73,"Alt_BME680":-152.65,"TVOC":34481,"ECO2":7949,"RCO2":496,"Tdb_scd30":28.63,"RH_scd30":15.08,"Lux":0.172800004,"PM1":1.33,"PM25":2.03,"PM10":2.65,"Air":0.03}
{"epoch":1573266473,"battery":4.052986622,"Tdb_BME680":25.62,"RH_BME680":17.45,"P_BME680":102.72,"Alt_BME680":-151.82,"TVOC":50292,"ECO2":30455,"RCO2":496,"Tdb_scd30":28.68,"RH_scd30":15.05,"Lux":0.216000006,"PM1":1.21,"PM25":1.84,"PM10":2.4,"Air":0}
{"epoch":1573266535,"battery":4.052986622,"Tdb_BME680":25.63,"RH_BME680":17.37,"P_BME680":102.72,"Alt_BME680":-151.66,"TVOC":25357,"ECO2":5927,"RCO2":494,"Tdb_scd30":28.67,"RH_scd30":14.9,"Lux":0.2016,"PM1":1.27,"PM25":1.98,"PM10":2.6,"Air":0}
{"epoch":1573266597,"battery":4.058598518,"Tdb_BME680":25.63,"RH_BME680":17.23,"P_BME680":102.71,"Alt_BME680":-151.08,"TVOC":13438,"ECO2":3344,"RCO2":495,"Tdb_scd30":28.64,"RH_scd30":14.85,"Lux":0.172800004,"PM1":1.23,"PM25":1.9,"PM10":2.49,"Air":0.01}
{"epoch":1573266658,"battery":4.06533289,"Tdb_BME680":25.63,"RH_BME680":17.21,"P_BME680":102.71,"Alt_BME680":-150.92,"TVOC":12508,"ECO2":2998,"RCO2":495,"Tdb_scd30":28.64,"RH_scd30":14.8,"Lux":0.2016,"PM1":1.18,"PM25":1.83,"PM10":2.41,"Air":0}
{"epoch":1573266720,"battery":4.059720993,"Tdb_BME680":25.64,"RH_BME680":16.97,"P_BME680":102.71,"Alt_BME680":-150.92,"TVOC":8602,"ECO2":1313,"RCO2":492,"Tdb_scd30":28.61,"RH_scd30":14.43,"Lux":0.187199995,"PM1":1.41,"PM25":2.11,"PM10":2.74,"Air":null}
{"epoch":1573266782,"battery":4.064210415,"Tdb_BME680":25.62,"RH_BME680":16.85,"P_BME680":102.7,"Alt_BME680":-150.26,"TVOC":13624,"ECO2":4634,"RCO2":488,"Tdb_scd30":28.64,"RH_scd30":14.56,"Lux":0.2016,"PM1":1.43,"PM25":2.12,"PM10":2.74,"Air":null}
{"epoch":1573266844,"battery":4.06308794,"Tdb_BME680":25.62,"RH_BME680":16.9,"P_BME680":102.71,"Alt_BME680":-151.08,"TVOC":7890,"ECO2":1262,"RCO2":489,"Tdb_scd30":28.6,"RH_scd30":14.64,"Lux":0.2016,"PM1":1.42,"PM25":2.11,"PM10":2.73,"Air":0.05}
{"epoch":1573266905,"battery":4.051864147,"Tdb_BME680":25.61,"RH_BME680":17.06,"P_BME680":102.71,"Alt_BME680":-151.08,"TVOC":6288,"ECO2":1130,"RCO2":492,"Tdb_scd30":28.55,"RH_scd30":14.79,"Lux":0.187199995,"PM1":1.31,"PM25":1.99,"PM10":2.6,"Air":null}
{"epoch":1573266967,"battery":4.05410862,"Tdb_BME680":25.61,"RH_BME680":16.87,"P_BME680":102.71,"Alt_BME680":-151.16,"TVOC":4962,"ECO2":966,"RCO2":491,"Tdb_scd30":28.6,"RH_scd30":14.43,"Lux":0.2016,"PM1":1.16,"PM25":1.74,"PM10":2.26,"Air":0}
{"epoch":1573267029,"battery":4.041762352,"Tdb_BME680":25.6,"RH_BME680":16.69,"P_BME680":102.71,"Alt_BME680":-150.92,"TVOC":5010,"ECO2":1026,"RCO2":487,"Tdb_scd30":28.54,"RH_scd30":14.37,"Lux":0.187199995,"PM1":1.5,"PM25":2.28,"PM10":2.97,"Air":0}
{"epoch":1573267091,"battery":4.056353569,"Tdb_BME680":25.59,"RH_BME680":16.76,"P_BME680":102.71,"Alt_BME680":-151.16,"TVOC":7720,"ECO2":1614,"RCO2":485,"Tdb_scd30":28.61,"RH_scd30":14.48,"Lux":0.2016,"PM1":1.57,"PM25":2.32,"PM10":2.98,"Air":0}
{"epoch":1573267152,"battery":4.046251774,"Tdb_BME680":25.59,"RH_BME680":16.97,"P_BME680":102.72,"Alt_BME680":-151.49,"TVOC":4307,"ECO2":920,"RCO2":486,"Tdb_scd30":28.58,"RH_scd30":14.62,"Lux":0.187199995,"PM1":1.24,"PM25":1.85,"PM10":2.4,"Air":0}
{"epoch":1573267214,"battery":4.06533289,"Tdb_BME680":25.61,"RH_BME680":17.03,"P_BME680":102.72,"Alt_BME680":-152.32,"TVOC":3700,"ECO2":868,"RCO2":490,"Tdb_scd30":28.61,"RH_scd30":14.65,"Lux":0.2016,"PM1":1.25,"PM25":1.86,"PM10":2.39,"Air":0}
{"epoch":1573267276,"battery":4.051864147,"Tdb_BME680":25.61,"RH_BME680":17.15,"P_BME680":102.73,"Alt_BME680":-152.48,"TVOC":4897,"ECO2":1166,"RCO2":494,"Tdb_scd30":28.63,"RH_scd30":14.86,"Lux":0.187199995,"PM1":1.83,"PM25":2.83,"PM10":3.71,"Air":0.01}
{"epoch":1573267337,"battery":4.039517403,"Tdb_BME680":25.61,"RH_BME680":17.32,"P_BME680":102.73,"Alt_BME680":-152.65,"TVOC":3228,"ECO2":791,"RCO2":500,"Tdb_scd30":28.58,"RH_scd30":14.97,"Lux":0.187199995,"PM1":1.44,"PM25":2.33,"PM10":3.12,"Air":null}
{"epoch":1573267399,"battery":4.067577362,"Tdb_BME680":25.62,"RH_BME680":17.39,"P_BME680":102.73,"Alt_BME680":-152.65,"TVOC":5973,"ECO2":1386,"RCO2":501,"Tdb_scd30":28.61,"RH_scd30":15,"Lux":0.187199995,"PM1":1.26,"PM25":2.02,"PM10":2.7,"Air":null}
{"epoch":1573267461,"battery":4.040639877,"Tdb_BME680":25.62,"RH_BME680":17.42,"P_BME680":102.74,"Alt_BME680":-153.14,"TVOC":5277,"ECO2":1272,"RCO2":503,"Tdb_scd30":28.6,"RH_scd30":15.05,"Lux":0.2016,"PM1":1.37,"PM25":2.19,"PM10":2.93,"Air":0}
{"epoch":1573267523,"battery":4.052986622,"Tdb_BME680":25.63,"RH_BME680":17.36,"P_BME680":102.74,"Alt_BME680":-153.31,"TVOC":2805,"ECO2":580,"RCO2":504,"Tdb_scd30":28.55,"RH_scd30":14.98,"Lux":0.187199995,"PM1":1.06,"PM25":1.76,"PM10":2.39,"Air":null}
{"epoch":1573267584,"battery":4.057476044,"Tdb_BME680":25.62,"RH_BME680":17.36,"P_BME680":102.74,"Alt_BME680":-153.47,"TVOC":2650,"ECO2":537,"RCO2":501,"Tdb_scd30":28.58,"RH_scd30":15.05,"Lux":0.2016,"PM1":1.14,"PM25":1.83,"PM10":2.45,"Air":0}
{"epoch":1573267646,"battery":4.058598518,"Tdb_BME680":25.61,"RH_BME680":17.44,"P_BME680":102.75,"Alt_BME680":-153.31,"TVOC":3214,"ECO2":890,"RCO2":500,"Tdb_scd30":28.6,"RH_scd30":15.03,"Lux":0.187199995,"PM1":1.4,"PM25":2.24,"PM10":2.99,"Air":0.03}
{"epoch":1573267708,"battery":4.057476044,"Tdb_BME680":25.61,"RH_BME680":17.35,"P_BME680":102.75,"Alt_BME680":-153.96,"TVOC":2771,"ECO2":597,"RCO2":501,"Tdb_scd30":28.58,"RH_scd30":14.95,"Lux":0.187199995,"PM1":0.92,"PM25":1.46,"PM10":1.94,"Air":0}
{"epoch":1573267769,"battery":4.060842991,"Tdb_BME680":25.63,"RH_BME680":17.27,"P_BME680":102.75,"Alt_BME680":-154.13,"TVOC":3468,"ECO2":1038,"RCO2":505,"Tdb_scd30":28.63,"RH_scd30":14.8,"Lux":0.2016,"PM1":1.29,"PM25":2.07,"PM10":2.77,"Air":0.04}
{"epoch":1573267831,"battery":4.047374249,"Tdb_BME680":25.64,"RH_BME680":17.21,"P_BME680":102.75,"Alt_BME680":-154.13,"TVOC":3113,"ECO2":833,"RCO2":504,"Tdb_scd30":28.6,"RH_scd30":14.89,"Lux":0.172800004,"PM1":1.43,"PM25":2.32,"PM10":3.12,"Air":null}
{"epoch":1573267893,"battery":4.195531368,"Tdb_BME680":25.63,"RH_BME680":17.58,"P_BME680":102.76,"Alt_BME680":-155.12,"TVOC":3234,"ECO2":993,"RCO2":500,"Tdb_scd30":28.57,"RH_scd30":15.59,"Lux":0.043200001,"PM1":1.44,"PM25":2.35,"PM10":3.16,"Air":0}
{"epoch":1573267955,"battery":4.184307098,"Tdb_BME680":25.63,"RH_BME680":18.72,"P_BME680":102.76,"Alt_BME680":-154.95,"TVOC":6046,"ECO2":1614,"RCO2":502,"Tdb_scd30":28.61,"RH_scd30":16.01,"Lux":0.043200001,"PM1":1.45,"PM25":2.37,"PM10":3.2,"Air":0.03}
{"epoch":1573268016,"battery":4.031661034,"Tdb_BME680":25.64,"RH_BME680":17.79,"P_BME680":102.76,"Alt_BME680":-154.95,"TVOC":3208,"ECO2":898,"RCO2":501,"Tdb_scd30":28.63,"RH_scd30":15.25,"Lux":0.057599999,"PM1":1.23,"PM25":1.98,"PM10":2.66,"Air":0}
{"epoch":1573268078,"battery":4.168593407,"Tdb_BME680":25.61,"RH_BME680":17.58,"P_BME680":102.76,"Alt_BME680":-154.95,"TVOC":2889,"ECO2":755,"RCO2":499,"Tdb_scd30":28.57,"RH_scd30":15.19,"Lux":0.043200001,"PM1":1.32,"PM25":2.13,"PM10":2.86,"Air":null}
{"epoch":1573268140,"battery":4.178695202,"Tdb_BME680":25.6,"RH_BME680":17.39,"P_BME680":102.75,"Alt_BME680":-154.62,"TVOC":2261,"ECO2":431,"RCO2":494,"Tdb_scd30":28.57,"RH_scd30":15.01,"Lux":0.043200001,"PM1":1.28,"PM25":2.01,"PM10":2.65,"Air":0}
{"epoch":1573268201,"battery":4.030538559,"Tdb_BME680":25.57,"RH_BME680":17.4,"P_BME680":102.76,"Alt_BME680":-154.95,"TVOC":2007,"ECO2":400,"RCO2":493,"Tdb_scd30":28.5,"RH_scd30":15.03,"Lux":0.043200001,"PM1":1.04,"PM25":1.59,"PM10":2.08,"Air":0.03}
{"epoch":1573268263,"battery":4.029416084,"Tdb_BME680":25.55,"RH_BME680":17.37,"P_BME680":102.76,"Alt_BME680":-154.79,"TVOC":2029,"ECO2":400,"RCO2":490,"Tdb_scd30":28.5,"RH_scd30":15,"Lux":0.0288,"PM1":1.12,"PM25":1.73,"PM10":2.27,"Air":0}
{"epoch":1573268325,"battery":4.093392849,"Tdb_BME680":25.54,"RH_BME680":17.83,"P_BME680":102.75,"Alt_BME680":-154.62,"TVOC":8553,"ECO2":3623,"RCO2":488,"Tdb_scd30":28.5,"RH_scd30":15.41,"Lux":0.057599999,"PM1":1.22,"PM25":1.92,"PM10":2.55,"Air":0}
{"epoch":1573268387,"battery":4.0911479,"Tdb_BME680":25.55,"RH_BME680":17.83,"P_BME680":102.75,"Alt_BME680":-154.46,"TVOC":7947,"ECO2":2872,"RCO2":485,"Tdb_scd30":28.5,"RH_scd30":15.39,"Lux":0.043200001,"PM1":1.7,"PM25":2.7,"PM10":3.6,"Air":0}
{"epoch":1573268448,"battery":4.12594223,"Tdb_BME680":25.55,"RH_BME680":17.73,"P_BME680":102.75,"Alt_BME680":-154.46,"TVOC":3781,"ECO2":1156,"RCO2":483,"Tdb_scd30":28.51,"RH_scd30":15.35,"Lux":0.043200001,"PM1":1.01,"PM25":1.6,"PM10":2.12,"Air":0.01}
{"epoch":1573268510,"battery":4.024926186,"Tdb_BME680":25.59,"RH_BME680":18.34,"P_BME680":102.75,"Alt_BME680":-154.46,"TVOC":7777,"ECO2":2381,"RCO2":483,"Tdb_scd30":28.58,"RH_scd30":15.63,"Lux":0.043200001,"PM1":0.94,"PM25":1.46,"PM10":1.93,"Air":null}
{"epoch":1573268572,"battery":4.101249695,"Tdb_BME680":25.6,"RH_BME680":17.96,"P_BME680":102.75,"Alt_BME680":-154.29,"TVOC":5787,"ECO2":1511,"RCO2":480,"Tdb_scd30":28.55,"RH_scd30":15.54,"Lux":0.0288,"PM1":1.27,"PM25":1.95,"PM10":2.55,"Air":0}
{"epoch":1573268634,"battery":4.168593407,"Tdb_BME680":25.61,"RH_BME680":18.09,"P_BME680":102.75,"Alt_BME680":-154.79,"TVOC":8788,"ECO2":2563,"RCO2":486,"Tdb_scd30":28.52,"RH_scd30":15.73,"Lux":0.057599999,"PM1":0.97,"PM25":1.49,"PM10":1.96,"Air":null}
{"epoch":1573268695,"battery":4.049619198,"Tdb_BME680":25.6,"RH_BME680":18.44,"P_BME680":102.75,"Alt_BME680":-154.46,"TVOC":12565,"ECO2":7346,"RCO2":487,"Tdb_scd30":28.54,"RH_scd30":15.9,"Lux":0.0288,"PM1":0.97,"PM25":1.52,"PM10":2.01,"Air":0.01}
{"epoch":1573268757,"battery":4.052986622,"Tdb_BME680":25.6,"RH_BME680":18.22,"P_BME680":102.76,"Alt_BME680":-154.79,"TVOC":10842,"ECO2":4574,"RCO2":480,"Tdb_scd30":28.52,"RH_scd30":15.63,"Lux":0.057599999,"PM1":0.93,"PM25":1.44,"PM10":1.9,"Air":0}
{"epoch":1573268819,"battery":4.018191814,"Tdb_BME680":25.6,"RH_BME680":17.96,"P_BME680":102.76,"Alt_BME680":-154.79,"TVOC":8852,"ECO2":3130,"RCO2":481,"Tdb_scd30":28.54,"RH_scd30":15.39,"Lux":0.0288,"PM1":1.14,"PM25":1.78,"PM10":2.34,"Air":0}
{"epoch":1573268880,"battery":4.051864147,"Tdb_BME680":25.59,"RH_BME680":17.84,"P_BME680":102.76,"Alt_BME680":-154.79,"TVOC":8100,"ECO2":2616,"RCO2":478,"Tdb_scd30":28.54,"RH_scd30":15.3,"Lux":0.057599999,"PM1":1.55,"PM25":2.39,"PM10":3.13,"Air":0.02}
{"epoch":1573268942,"battery":4.035027981,"Tdb_BME680":25.6,"RH_BME680":18.19,"P_BME680":102.76,"Alt_BME680":-154.79,"TVOC":12072,"ECO2":6140,"RCO2":476,"Tdb_scd30":28.54,"RH_scd30":15.57,"Lux":0.0288,"PM1":0.93,"PM25":1.43,"PM10":1.87,"Air":0}
{"epoch":1573269004,"battery":4.114718437,"Tdb_BME680":25.61,"RH_BME680":17.98,"P_BME680":102.76,"Alt_BME680":-154.95,"TVOC":7485,"ECO2":2213,"RCO2":477,"Tdb_scd30":28.55,"RH_scd30":15.55,"Lux":0.043200001,"PM1":1.01,"PM25":1.54,"PM10":2.01,"Air":0.04}
{"epoch":1573269066,"battery":4.044007301,"Tdb_BME680":25.62,"RH_BME680":18.04,"P_BME680":102.76,"Alt_BME680":-155.28,"TVOC":7777,"ECO2":2600,"RCO2":475,"Tdb_scd30":28.55,"RH_scd30":15.54,"Lux":0.043200001,"PM1":1.11,"PM25":1.66,"PM10":2.15,"Air":0}
{"epoch":1573269127,"battery":4.064210415,"Tdb_BME680":25.62,"RH_BME680":18.14,"P_BME680":102.77,"Alt_BME680":-155.61,"TVOC":9103,"ECO2":3618,"RCO2":476,"Tdb_scd30":28.57,"RH_scd30":15.57,"Lux":0.0288,"PM1":1,"PM25":1.51,"PM10":1.97,"Air":null}
{"epoch":1573269189,"battery":4.088903427,"Tdb_BME680":25.62,"RH_BME680":18.1,"P_BME680":102.77,"Alt_BME680":-155.86,"TVOC":6669,"ECO2":1978,"RCO2":476,"Tdb_scd30":28.58,"RH_scd30":15.68,"Lux":0.057599999,"PM1":0.9,"PM25":1.37,"PM10":1.78,"Air":0}
{"epoch":1573269251,"battery":4.179817677,"Tdb_BME680":25.62,"RH_BME680":18.05,"P_BME680":102.77,"Alt_BME680":-156.19,"TVOC":5221,"ECO2":1394,"RCO2":475,"Tdb_scd30":28.57,"RH_scd30":15.52,"Lux":0.0288,"PM1":1.24,"PM25":1.85,"PM10":2.38,"Air":0.01}
{"epoch":1573269312,"battery":4.193286419,"Tdb_BME680":25.62,"RH_BME680":17.79,"P_BME680":102.77,"Alt_BME680":-156.19,"TVOC":3145,"ECO2":899,"RCO2":474,"Tdb_scd30":28.58,"RH_scd30":15.33,"Lux":0.043200001,"PM1":1.45,"PM25":2.2,"PM10":2.87,"Air":0}
{"epoch":1573269374,"battery":4.146145821,"Tdb_BME680":25.61,"RH_BME680":17.73,"P_BME680":102.77,"Alt_BME680":-156.35,"TVOC":3403,"ECO2":1128,"RCO2":470,"Tdb_scd30":28.57,"RH_scd30":15.33,"Lux":0.0288,"PM1":1.38,"PM25":2.09,"PM10":2.71,"Air":0}
{"epoch":1573269436,"battery":4.020436764,"Tdb_BME680":25.62,"RH_BME680":17.53,"P_BME680":102.77,"Alt_BME680":-156.52,"TVOC":2619,"ECO2":623,"RCO2":470,"Tdb_scd30":28.6,"RH_scd30":15.12,"Lux":0.057599999,"PM1":1.26,"PM25":1.91,"PM10":2.5,"Air":0.02}
{"epoch":1573269498,"battery":4.086658478,"Tdb_BME680":25.63,"RH_BME680":17.62,"P_BME680":102.78,"Alt_BME680":-156.85,"TVOC":3008,"ECO2":881,"RCO2":465,"Tdb_scd30":28.61,"RH_scd30":15.12,"Lux":0.0288,"PM1":0.86,"PM25":1.32,"PM10":1.73,"Air":0.03}
{"epoch":1573269559,"battery":4.182062626,"Tdb_BME680":25.63,"RH_BME680":17.54,"P_BME680":102.78,"Alt_BME680":-156.85,"TVOC":2670,"ECO2":731,"RCO2":468,"Tdb_scd30":28.6,"RH_scd30":15.18,"Lux":0.043200001,"PM1":1.06,"PM25":1.62,"PM10":2.12,"Air":0}
{"epoch":1573269621,"battery":4.105739117,"Tdb_BME680":25.63,"RH_BME680":17.57,"P_BME680":102.78,"Alt_BME680":-156.52,"TVOC":2702,"ECO2":755,"RCO2":467,"Tdb_scd30":28.63,"RH_scd30":15.12,"Lux":0.043200001,"PM1":1.54,"PM25":2.39,"PM10":3.14,"Air":0.02}
{"epoch":1573269683,"battery":4.102372169,"Tdb_BME680":25.65,"RH_BME680":17.48,"P_BME680":102.78,"Alt_BME680":-156.68,"TVOC":1932,"ECO2":400,"RCO2":466,"Tdb_scd30":28.63,"RH_scd30":15.03,"Lux":0.043200001,"PM1":1.28,"PM25":2,"PM10":2.63,"Air":null}
{"epoch":1573269744,"battery":4.132676601,"Tdb_BME680":25.65,"RH_BME680":17.37,"P_BME680":102.77,"Alt_BME680":-156.35,"TVOC":2277,"ECO2":577,"RCO2":467,"Tdb_scd30":28.64,"RH_scd30":15.05,"Lux":0.057599999,"PM1":1.23,"PM25":1.89,"PM10":2.48,"Air":0.01}
{"epoch":1573269806,"battery":4.130432129,"Tdb_BME680":25.65,"RH_BME680":17.33,"P_BME680":102.77,"Alt_BME680":-156.35,"TVOC":2037,"ECO2":488,"RCO2":467,"Tdb_scd30":28.6,"RH_scd30":14.97,"Lux":0.0288,"PM1":0.85,"PM25":1.28,"PM10":1.66,"Air":0.15}
{"epoch":1573269868,"battery":4.023804188,"Tdb_BME680":25.66,"RH_BME680":17.39,"P_BME680":102.77,"Alt_BME680":-156.19,"TVOC":2482,"ECO2":710,"RCO2":466,"Tdb_scd30":28.61,"RH_scd30":15.03,"Lux":0.043200001,"PM1":1.37,"PM25":2.11,"PM10":2.76,"Air":0.01}
{"epoch":1573269930,"battery":4.136044025,"Tdb_BME680":25.68,"RH_BME680":17.32,"P_BME680":102.77,"Alt_BME680":-155.86,"TVOC":1642,"ECO2":400,"RCO2":467,"Tdb_scd30":28.63,"RH_scd30":14.92,"Lux":0.043200001,"PM1":1.44,"PM25":2.16,"PM10":2.81,"Air":0.01}
{"epoch":1573269991,"battery":4.073189735,"Tdb_BME680":25.68,"RH_BME680":17.31,"P_BME680":102.77,"Alt_BME680":-156.02,"TVOC":1912,"ECO2":426,"RCO2":468,"Tdb_scd30":28.64,"RH_scd30":14.96,"Lux":0.043200001,"PM1":1.19,"PM25":1.76,"PM10":2.27,"Air":0}
{"epoch":1573270053,"battery":4.196653366,"Tdb_BME680":25.68,"RH_BME680":17.37,"P_BME680":102.77,"Alt_BME680":-155.86,"TVOC":2007,"ECO2":469,"RCO2":469,"Tdb_scd30":28.64,"RH_scd30":15.04,"Lux":0.0288,"PM1":1.27,"PM25":1.86,"PM10":2.38,"Air":0.02}
{"epoch":1573270115,"battery":4.020436764,"Tdb_BME680":25.68,"RH_BME680":17.26,"P_BME680":102.77,"Alt_BME680":-155.61,"TVOC":1509,"ECO2":400,"RCO2":470,"Tdb_scd30":28.61,"RH_scd30":14.88,"Lux":0.043200001,"PM1":1.06,"PM25":1.53,"PM10":1.95,"Air":0}
{"epoch":1573270177,"battery":4.090025425,"Tdb_BME680":25.66,"RH_BME680":17.32,"P_BME680":102.77,"Alt_BME680":-155.61,"TVOC":1638,"ECO2":400,"RCO2":471,"Tdb_scd30":28.61,"RH_scd30":14.97,"Lux":0.057599999,"PM1":0.92,"PM25":1.31,"PM10":1.66,"Air":0.01}
{"epoch":1573270238,"battery":4.146145821,"Tdb_BME680":25.66,"RH_BME680":17.32,"P_BME680":102.76,"Alt_BME680":-155.45,"TVOC":1340,"ECO2":400,"RCO2":471,"Tdb_scd30":28.58,"RH_scd30":14.95,"Lux":0.0288,"PM1":1.11,"PM25":1.58,"PM10":1.98,"Air":0}
{"epoch":1573270300,"battery":4.143900871,"Tdb_BME680":25.64,"RH_BME680":17.3,"P_BME680":102.76,"Alt_BME680":-155.45,"TVOC":1136,"ECO2":400,"RCO2":470,"Tdb_scd30":28.55,"RH_scd30":14.95,"Lux":0.057599999,"PM1":1.27,"PM25":1.83,"PM10":2.32,"Air":0.09}
{"epoch":1573270362,"battery":4.178695202,"Tdb_BME680":25.63,"RH_BME680":17.3,"P_BME680":102.77,"Alt_BME680":-155.7,"TVOC":1128,"ECO2":400,"RCO2":470,"Tdb_scd30":28.54,"RH_scd30":14.94,"Lux":0.0288,"PM1":1.19,"PM25":1.74,"PM10":2.22,"Air":0}
{"epoch":1573270423,"battery":4.092270374,"Tdb_BME680":25.64,"RH_BME680":17.3,"P_BME680":102.77,"Alt_BME680":-155.7,"TVOC":1275,"ECO2":400,"RCO2":470,"Tdb_scd30":28.58,"RH_scd30":14.92,"Lux":0.043200001,"PM1":1.02,"PM25":1.52,"PM10":1.95,"Air":0}
{"epoch":1573270485,"battery":4.038395405,"Tdb_BME680":25.63,"RH_BME680":17.26,"P_BME680":102.77,"Alt_BME680":-155.86,"TVOC":1136,"ECO2":400,"RCO2":468,"Tdb_scd30":28.58,"RH_scd30":14.97,"Lux":0.0288,"PM1":1.12,"PM25":1.67,"PM10":2.15,"Air":0}
{"epoch":1573270547,"battery":4.122575283,"Tdb_BME680":25.65,"RH_BME680":17.3,"P_BME680":102.77,"Alt_BME680":-156.19,"TVOC":1312,"ECO2":400,"RCO2":466,"Tdb_scd30":28.61,"RH_scd30":14.97,"Lux":0.057599999,"PM1":1.37,"PM25":2.03,"PM10":2.62,"Air":0}
{"epoch":1573270609,"battery":4.067577362,"Tdb_BME680":25.65,"RH_BME680":17.25,"P_BME680":102.77,"Alt_BME680":-156.02,"TVOC":1019,"ECO2":400,"RCO2":465,"Tdb_scd30":28.6,"RH_scd30":14.89,"Lux":0.0288,"PM1":1.49,"PM25":2.28,"PM10":2.98,"Air":0.01}
{"epoch":1573270670,"battery":4.033905506,"Tdb_BME680":25.64,"RH_BME680":17.26,"P_BME680":102.78,"Alt_BME680":-156.52,"TVOC":1263,"ECO2":400,"RCO2":466,"Tdb_scd30":28.6,"RH_scd30":14.94,"Lux":0.043200001,"PM1":1.46,"PM25":2.21,"PM10":2.87,"Air":0}
{"epoch":1573270732,"battery":4.131554604,"Tdb_BME680":25.64,"RH_BME680":17.22,"P_BME680":102.77,"Alt_BME680":-156.52,"TVOC":989,"ECO2":400,"RCO2":465,"Tdb_scd30":28.6,"RH_scd30":14.86,"Lux":0.0288,"PM1":1.29,"PM25":1.96,"PM10":2.55,"Air":0.03}
{"epoch":1573270794,"battery":4.060842991,"Tdb_BME680":25.63,"RH_BME680":17.23,"P_BME680":102.78,"Alt_BME680":-156.68,"TVOC":903,"ECO2":400,"RCO2":466,"Tdb_scd30":28.57,"RH_scd30":14.91,"Lux":0.043200001,"PM1":1.25,"PM25":1.86,"PM10":2.4,"Air":0.01}
{"epoch":1573270855,"battery":4.060842991,"Tdb_BME680":25.64,"RH_BME680":17.23,"P_BME680":102.78,"Alt_BME680":-156.85,"TVOC":973,"ECO2":400,"RCO2":467,"Tdb_scd30":28.6,"RH_scd30":14.91,"Lux":0.043200001,"PM1":1.18,"PM25":1.71,"PM10":2.17,"Air":0}
{"epoch":1573270917,"battery":4.143900871,"Tdb_BME680":25.65,"RH_BME680":17.2,"P_BME680":102.78,"Alt_BME680":-157.01,"TVOC":897,"ECO2":400,"RCO2":469,"Tdb_scd30":28.58,"RH_scd30":14.83,"Lux":0.0288,"PM1":0.92,"PM25":1.35,"PM10":1.74,"Air":0.01}
{"epoch":1573270979,"battery":4.068699837,"Tdb_BME680":25.64,"RH_BME680":17.16,"P_BME680":102.78,"Alt_BME680":-157.01,"TVOC":814,"ECO2":400,"RCO2":471,"Tdb_scd30":28.61,"RH_scd30":14.81,"Lux":0.057599999,"PM1":1.18,"PM25":1.75,"PM10":2.26,"Air":0.01}
{"epoch":1573271041,"battery":4.134921551,"Tdb_BME680":25.66,"RH_BME680":17.19,"P_BME680":102.78,"Alt_BME680":-157.34,"TVOC":1078,"ECO2":400,"RCO2":471,"Tdb_scd30":28.65,"RH_scd30":14.8,"Lux":0.057599999,"PM1":1.52,"PM25":2.24,"PM10":2.87,"Air":null}
{"epoch":1573271102,"battery":4.176450253,"Tdb_BME680":25.68,"RH_BME680":17.14,"P_BME680":102.78,"Alt_BME680":-157.18,"TVOC":1088,"ECO2":400,"RCO2":469,"Tdb_scd30":28.64,"RH_scd30":14.77,"Lux":0.0288,"PM1":1.11,"PM25":1.62,"PM10":2.06,"Air":0}
{"epoch":1573271164,"battery":4.164103985,"Tdb_BME680":25.68,"RH_BME680":17.09,"P_BME680":102.78,"Alt_BME680":-157.34,"TVOC":939,"ECO2":400,"RCO2":468,"Tdb_scd30":28.61,"RH_scd30":14.76,"Lux":0.057599999,"PM1":1.73,"PM25":2.48,"PM10":3.14,"Air":0}
{"epoch":1573271226,"battery":4.178695202,"Tdb_BME680":25.68,"RH_BME680":17.08,"P_BME680":102.78,"Alt_BME680":-157.18,"TVOC":919,"ECO2":400,"RCO2":469,"Tdb_scd30":28.65,"RH_scd30":14.74,"Lux":0.0288,"PM1":1.48,"PM25":2.08,"PM10":2.62,"Air":0.01}
{"epoch":1573271287,"battery":4.171960831,"Tdb_BME680":25.7,"RH_BME680":17.03,"P_BME680":102.78,"Alt_BME680":-157.01,"TVOC":991,"ECO2":400,"RCO2":466,"Tdb_scd30":28.67,"RH_scd30":14.63,"Lux":0.043200001,"PM1":1.43,"PM25":2.02,"PM10":2.54,"Air":0.06}
{"epoch":1573271349,"battery":4.031661034,"Tdb_BME680":25.7,"RH_BME680":16.98,"P_BME680":102.78,"Alt_BME680":-157.18,"TVOC":681,"ECO2":400,"RCO2":465,"Tdb_scd30":28.64,"RH_scd30":14.59,"Lux":0.043200001,"PM1":1.2,"PM25":1.69,"PM10":2.12,"Air":0.01}
{"epoch":1573271411,"battery":4.187674522,"Tdb_BME680":25.7,"RH_BME680":17.02,"P_BME680":102.79,"Alt_BME680":-157.51,"TVOC":1062,"ECO2":400,"RCO2":466,"Tdb_scd30":28.68,"RH_scd30":14.68,"Lux":0.043200001,"PM1":1.54,"PM25":2.15,"PM10":2.69,"Air":0.01}
{"epoch":1573271417,"battery":4.187674522,"Tdb_BME680":25.7,"RH_BME680":17.02,"P_BME680":102.79,"Alt_BME680":-157.51,"TVOC":1066,"ECO2":400,"RCO2":466,"Tdb_scd30":28.67,"RH_scd30":14.69,"Lux":0.043200001,"PM1":1.6,"PM25":2.24,"PM10":2.79,"Air":0.01}
