{"epoch":1569283254,"battery":4.088903427,"Tdb_BME680":26.26,"RH_BME680":47.26,"P_BME680":100.7,"Alt_BME680":15.56,"TVOC":291,"ECO2":1033,"RCO2":663,"Tdb_scd30":30.04,"RH_scd30":39.54,"Lux":8.380800247,"PM1":13706.81,"PM25":10000,"PM10":14062.06,"Air":0.11}
{"epoch":1569283547,"battery":4.084413528,"Tdb_BME680":26.25,"RH_BME680":47.08,"P_BME680":100.71,"Alt_BME680":15.23,"TVOC":296,"ECO2":993,"RCO2":652,"Tdb_scd30":29.87,"RH_scd30":39.38,"Lux":8.409600258,"PM1":13700.9,"PM25":10000,"PM10":14056,"Air":0.1}
{"epoch":1569283867,"battery":4.090025425,"Tdb_BME680":26.28,"RH_BME680":46.88,"P_BME680":100.7,"Alt_BME680":15.56,"TVOC":288,"ECO2":992,"RCO2":658,"Tdb_scd30":30,"RH_scd30":39,"Lux":8.395199776,"PM1":13699.05,"PM25":10000,"PM10":14054.1,"Air":0.13}
{"epoch":1569284170,"battery":4.094515324,"Tdb_BME680":26.31,"RH_BME680":46.7,"P_BME680":100.71,"Alt_BME680":15.23,"TVOC":287,"ECO2":982,"RCO2":654,"Tdb_scd30":29.78,"RH_scd30":39.46,"Lux":8.387999535,"PM1":13702.12,"PM25":10000,"PM10":14057.26,"Air":0.12}
{"epoch":1569284472,"battery":4.085536003,"Tdb_BME680":26.3,"RH_BME680":46.74,"P_BME680":100.72,"Alt_BME680":13.89,"TVOC":293,"ECO2":1004,"RCO2":652,"Tdb_scd30":30.01,"RH_scd30":38.9,"Lux":8.373600006,"PM1":13653.12,"PM25":10000,"PM10":14006.98,"Air":0.11}
{"epoch":1569284776,"battery":4.102372169,"Tdb_BME680":26.42,"RH_BME680":46.28,"P_BME680":100.72,"Alt_BME680":13.89,"TVOC":281,"ECO2":967,"RCO2":642,"Tdb_scd30":30.08,"RH_scd30":38.82,"Lux":8.423999786,"PM1":13661.62,"PM25":10000,"PM10":14015.71,"Air":0.07}
{"epoch":1569285079,"battery":4.102372169,"Tdb_BME680":26.23,"RH_BME680":46.69,"P_BME680":100.72,"Alt_BME680":14.06,"TVOC":258,"ECO2":943,"RCO2":638,"Tdb_scd30":29.54,"RH_scd30":39.54,"Lux":8.387999535,"PM1":13733.15,"PM25":10000,"PM10":14089.09,"Air":0.07}
{"epoch":1569285381,"battery":4.105739117,"Tdb_BME680":26.2,"RH_BME680":46.87,"P_BME680":100.72,"Alt_BME680":14.22,"TVOC":267,"ECO2":963,"RCO2":625,"Tdb_scd30":29.85,"RH_scd30":39.06,"Lux":8.366399765,"PM1":13693.42,"PM25":10000,"PM10":14048.33,"Air":0.09}
{"epoch":1569285685,"battery":4.083291054,"Tdb_BME680":26.21,"RH_BME680":46.58,"P_BME680":100.72,"Alt_BME680":13.89,"TVOC":279,"ECO2":962,"RCO2":638,"Tdb_scd30":29.87,"RH_scd30":38.91,"Lux":8.387999535,"PM1":13662.14,"PM25":10000,"PM10":14016.24,"Air":0.02}
{"epoch":1569285987,"battery":4.088903427,"Tdb_BME680":26.03,"RH_BME680":47.07,"P_BME680":100.73,"Alt_BME680":13.39,"TVOC":257,"ECO2":928,"RCO2":625,"Tdb_scd30":29.61,"RH_scd30":39.32,"Lux":8.366399765,"PM1":13685.96,"PM25":10000,"PM10":14040.68,"Air":0.26}
{"epoch":1569286276,"battery":4.095637798,"Tdb_BME680":26.08,"RH_BME680":46.9,"P_BME680":100.73,"Alt_BME680":13.72,"TVOC":266,"ECO2":943,"RCO2":656,"Tdb_scd30":29.75,"RH_scd30":39.09,"Lux":8.323200226,"PM1":13697.06,"PM25":10000,"PM10":14052.06,"Air":0.05}
{"epoch":1569286593,"battery":4.085536003,"Tdb_BME680":26.34,"RH_BME680":46.29,"P_BME680":100.73,"Alt_BME680":13.72,"TVOC":274,"ECO2":971,"RCO2":648,"Tdb_scd30":29.92,"RH_scd30":38.93,"Lux":8.395199776,"PM1":13686.12,"PM25":10000,"PM10":14040.84,"Air":0.02}
{"epoch":1569286880,"battery":4.086658478,"Tdb_BME680":26.15,"RH_BME680":46.78,"P_BME680":100.7,"Alt_BME680":15.9,"TVOC":270,"ECO2":965,"RCO2":637,"Tdb_scd30":30,"RH_scd30":38.87,"Lux":7.559999943,"PM1":13668.12,"PM25":10000,"PM10":14022.37,"Air":0.04}
{"epoch":1569287200,"battery":4.087780952,"Tdb_BME680":26.03,"RH_BME680":46.93,"P_BME680":100.71,"Alt_BME680":15.23,"TVOC":272,"ECO2":986,"RCO2":625,"Tdb_scd30":29.68,"RH_scd30":39.24,"Lux":7.574399948,"PM1":13621.56,"PM25":10000,"PM10":13974.61,"Air":0.16}
{"epoch":1569287502,"battery":4.093392849,"Tdb_BME680":26.09,"RH_BME680":46.86,"P_BME680":100.72,"Alt_BME680":14.73,"TVOC":268,"ECO2":977,"RCO2":628,"Tdb_scd30":29.91,"RH_scd30":38.98,"Lux":7.567200184,"PM1":13644.31,"PM25":10000,"PM10":13997.94,"Air":0.06}
{"epoch":1569287805,"battery":4.092270374,"Tdb_BME680":26.27,"RH_BME680":46.36,"P_BME680":100.72,"Alt_BME680":14.06,"TVOC":266,"ECO2":961,"RCO2":578,"Tdb_scd30":29.91,"RH_scd30":38.71,"Lux":7.552800179,"PM1":13645.02,"PM25":10000,"PM10":13998.67,"Air":0.1}
{"epoch":1569288107,"battery":4.082168579,"Tdb_BME680":26.15,"RH_BME680":46.74,"P_BME680":100.72,"Alt_BME680":14.06,"TVOC":266,"ECO2":969,"RCO2":614,"Tdb_scd30":29.88,"RH_scd30":38.94,"Lux":7.617599964,"PM1":13678.75,"PM25":10000,"PM10":14033.28,"Air":0.07}
{"epoch":1569288411,"battery":4.086658478,"Tdb_BME680":25.93,"RH_BME680":47.27,"P_BME680":100.74,"Alt_BME680":12.72,"TVOC":257,"ECO2":960,"RCO2":608,"Tdb_scd30":29.7,"RH_scd30":39.31,"Lux":7.6104002,"PM1":13649.48,"PM25":10000,"PM10":14003.24,"Air":0.1}
{"epoch":1569288714,"battery":4.102372169,"Tdb_BME680":26.02,"RH_BME680":47.08,"P_BME680":100.73,"Alt_BME680":13.05,"TVOC":252,"ECO2":938,"RCO2":598,"Tdb_scd30":29.81,"RH_scd30":39.1,"Lux":7.552800179,"PM1":13696.7,"PM25":10000,"PM10":14051.69,"Air":0.05}
{"epoch":1569289017,"battery":4.095637798,"Tdb_BME680":25.94,"RH_BME680":47.5,"P_BME680":100.75,"Alt_BME680":12.13,"TVOC":259,"ECO2":966,"RCO2":597,"Tdb_scd30":29.56,"RH_scd30":39.71,"Lux":7.559999943,"PM1":13709.39,"PM25":10000,"PM10":14064.71,"Air":0.17}
{"epoch":1569289319,"battery":4.084413528,"Tdb_BME680":26.04,"RH_BME680":47.2,"P_BME680":100.74,"Alt_BME680":12.47,"TVOC":260,"ECO2":952,"RCO2":573,"Tdb_scd30":29.7,"RH_scd30":39.63,"Lux":7.574399948,"PM1":13700.67,"PM25":10000,"PM10":14055.77,"Air":0.05}
{"epoch":1569289622,"battery":4.102372169,"Tdb_BME680":26.13,"RH_BME680":46.99,"P_BME680":100.73,"Alt_BME680":13.05,"TVOC":240,"ECO2":940,"RCO2":593,"Tdb_scd30":29.39,"RH_scd30":40.01,"Lux":7.617599964,"PM1":13634.04,"PM25":10000,"PM10":13987.41,"Air":0.09}
{"epoch":1569289925,"battery":4.083291054,"Tdb_BME680":25.94,"RH_BME680":47.4,"P_BME680":100.73,"Alt_BME680":12.89,"TVOC":242,"ECO2":943,"RCO2":588,"Tdb_scd30":29.61,"RH_scd30":39.49,"Lux":7.524000168,"PM1":13643.28,"PM25":10000,"PM10":13996.89,"Air":0.06}
{"epoch":1569290228,"battery":4.085536003,"Tdb_BME680":25.89,"RH_BME680":47.42,"P_BME680":100.74,"Alt_BME680":12.89,"TVOC":243,"ECO2":944,"RCO2":574,"Tdb_scd30":29.64,"RH_scd30":39.52,"Lux":7.624800205,"PM1":13676.16,"PM25":10000,"PM10":14030.62,"Air":0.08}
{"epoch":1569290531,"battery":4.084413528,"Tdb_BME680":25.87,"RH_BME680":47.43,"P_BME680":100.73,"Alt_BME680":13.22,"TVOC":252,"ECO2":951,"RCO2":573,"Tdb_scd30":29.7,"RH_scd30":39.38,"Lux":7.603199959,"PM1":13650.27,"PM25":10000,"PM10":14004.05,"Air":0.09}
{"epoch":1569290834,"battery":4.084413528,"Tdb_BME680":25.9,"RH_BME680":47.25,"P_BME680":100.73,"Alt_BME680":13.05,"TVOC":234,"ECO2":909,"RCO2":580,"Tdb_scd30":29.54,"RH_scd30":39.47,"Lux":7.581600189,"PM1":13659.84,"PM25":10000,"PM10":14013.87,"Air":0.09}
{"epoch":1569291137,"battery":4.084413528,"Tdb_BME680":25.78,"RH_BME680":47.63,"P_BME680":100.74,"Alt_BME680":12.55,"TVOC":230,"ECO2":927,"RCO2":568,"Tdb_scd30":29.39,"RH_scd30":40.08,"Lux":7.588799953,"PM1":13608.6,"PM25":10000,"PM10":13961.31,"Air":0.06}
{"epoch":1569291439,"battery":4.096759796,"Tdb_BME680":25.67,"RH_BME680":47.83,"P_BME680":100.73,"Alt_BME680":13.05,"TVOC":240,"ECO2":944,"RCO2":573,"Tdb_scd30":29.56,"RH_scd30":39.65,"Lux":7.524000168,"PM1":13644.04,"PM25":10000,"PM10":13997.67,"Air":0.07}
{"epoch":1569291743,"battery":4.085536003,"Tdb_BME680":25.69,"RH_BME680":47.7,"P_BME680":100.74,"Alt_BME680":12.72,"TVOC":231,"ECO2":920,"RCO2":555,"Tdb_scd30":29.47,"RH_scd30":39.6,"Lux":7.639200211,"PM1":13669.45,"PM25":10000,"PM10":14023.73,"Air":0.21}
{"epoch":1569292046,"battery":4.095637798,"Tdb_BME680":25.92,"RH_BME680":47.23,"P_BME680":100.73,"Alt_BME680":13.39,"TVOC":241,"ECO2":940,"RCO2":556,"Tdb_scd30":29.43,"RH_scd30":39.78,"Lux":7.567200184,"PM1":13621.82,"PM25":10000,"PM10":13974.87,"Air":0.11}
{"epoch":1569292349,"battery":4.111351013,"Tdb_BME680":25.89,"RH_BME680":47.26,"P_BME680":100.73,"Alt_BME680":13.39,"TVOC":231,"ECO2":922,"RCO2":566,"Tdb_scd30":29.47,"RH_scd30":39.51,"Lux":7.567200184,"PM1":13635.57,"PM25":10000,"PM10":13988.98,"Air":0.19}
{"epoch":1569292651,"battery":4.090025425,"Tdb_BME680":25.59,"RH_BME680":47.95,"P_BME680":100.75,"Alt_BME680":12.13,"TVOC":224,"ECO2":927,"RCO2":549,"Tdb_scd30":29.14,"RH_scd30":40.49,"Lux":7.653600216,"PM1":13626.43,"PM25":10000,"PM10":13979.6,"Air":0.1}
{"epoch":1569292954,"battery":4.094515324,"Tdb_BME680":25.62,"RH_BME680":47.9,"P_BME680":100.74,"Alt_BME680":12.72,"TVOC":223,"ECO2":924,"RCO2":549,"Tdb_scd30":29.29,"RH_scd30":40.08,"Lux":7.531199932,"PM1":13616.11,"PM25":10000,"PM10":13969.01,"Air":0.07}
{"epoch":1569293257,"battery":4.090025425,"Tdb_BME680":25.74,"RH_BME680":47.6,"P_BME680":100.75,"Alt_BME680":11.46,"TVOC":233,"ECO2":940,"RCO2":545,"Tdb_scd30":29.37,"RH_scd30":39.83,"Lux":7.559999943,"PM1":13650.08,"PM25":10000,"PM10":14003.86,"Air":0.06}
{"epoch":1569293560,"battery":4.0911479,"Tdb_BME680":25.58,"RH_BME680":47.97,"P_BME680":100.76,"Alt_BME680":10.96,"TVOC":228,"ECO2":931,"RCO2":553,"Tdb_scd30":29.37,"RH_scd30":39.98,"Lux":7.545599937,"PM1":13611.19,"PM25":10000,"PM10":13963.97,"Air":0.02}
{"epoch":1569293863,"battery":4.097882271,"Tdb_BME680":25.8,"RH_BME680":47.62,"P_BME680":100.76,"Alt_BME680":11.13,"TVOC":234,"ECO2":957,"RCO2":541,"Tdb_scd30":29.7,"RH_scd30":39.32,"Lux":7.545599937,"PM1":13631.74,"PM25":10000,"PM10":13985.05,"Air":0.08}
{"epoch":1569294166,"battery":4.088903427,"Tdb_BME680":25.93,"RH_BME680":47.07,"P_BME680":100.76,"Alt_BME680":11.13,"TVOC":223,"ECO2":940,"RCO2":545,"Tdb_scd30":29.63,"RH_scd30":39.3,"Lux":7.552800179,"PM1":13634.44,"PM25":10000,"PM10":13987.81,"Air":0.07}
{"epoch":1569294468,"battery":4.090025425,"Tdb_BME680":25.77,"RH_BME680":47.54,"P_BME680":100.77,"Alt_BME680":10.46,"TVOC":233,"ECO2":950,"RCO2":529,"Tdb_scd30":29.37,"RH_scd30":39.71,"Lux":7.559999943,"PM1":13651.59,"PM25":10000,"PM10":14005.41,"Air":0.03}
{"epoch":1569294766,"battery":4.103494167,"Tdb_BME680":25.74,"RH_BME680":47.71,"P_BME680":100.77,"Alt_BME680":10.12,"TVOC":234,"ECO2":962,"RCO2":522,"Tdb_scd30":29.17,"RH_scd30":40.16,"Lux":7.538400173,"PM1":13641.45,"PM25":10000,"PM10":13995.01,"Air":0.1}
{"epoch":1569295069,"battery":4.095637798,"Tdb_BME680":25.74,"RH_BME680":47.56,"P_BME680":100.77,"Alt_BME680":10.46,"TVOC":228,"ECO2":956,"RCO2":523,"Tdb_scd30":29.33,"RH_scd30":39.93,"Lux":7.603199959,"PM1":13609.5,"PM25":10000,"PM10":13962.24,"Air":0.09}
{"epoch":1569295377,"battery":4.096759796,"Tdb_BME680":25.83,"RH_BME680":47.44,"P_BME680":100.76,"Alt_BME680":11.29,"TVOC":234,"ECO2":967,"RCO2":536,"Tdb_scd30":29.54,"RH_scd30":39.63,"Lux":7.567200184,"PM1":13643.56,"PM25":10000,"PM10":13997.17,"Air":0.09}
{"epoch":1569295681,"battery":4.085536003,"Tdb_BME680":25.67,"RH_BME680":47.83,"P_BME680":100.75,"Alt_BME680":11.63,"TVOC":237,"ECO2":984,"RCO2":518,"Tdb_scd30":29.56,"RH_scd30":39.58,"Lux":7.617599964,"PM1":13639.53,"PM25":10000,"PM10":13993.03,"Air":0.09}
{"epoch":1569295984,"battery":4.087780952,"Tdb_BME680":25.68,"RH_BME680":47.69,"P_BME680":100.75,"Alt_BME680":11.8,"TVOC":238,"ECO2":980,"RCO2":531,"Tdb_scd30":29.58,"RH_scd30":39.52,"Lux":7.596000195,"PM1":13649.86,"PM25":10000,"PM10":14003.64,"Air":0.1}
{"epoch":1569296287,"battery":4.10012722,"Tdb_BME680":25.69,"RH_BME680":47.97,"P_BME680":100.76,"Alt_BME680":10.96,"TVOC":246,"ECO2":989,"RCO2":519,"Tdb_scd30":29.57,"RH_scd30":39.7,"Lux":7.588799953,"PM1":13620.13,"PM25":10000,"PM10":13973.14,"Air":0.05}
{"epoch":1569296590,"battery":4.0911479,"Tdb_BME680":25.59,"RH_BME680":48.08,"P_BME680":100.76,"Alt_BME680":11.13,"TVOC":234,"ECO2":974,"RCO2":514,"Tdb_scd30":29.49,"RH_scd30":39.75,"Lux":7.588799953,"PM1":13646.74,"PM25":10000,"PM10":14000.44,"Air":0.05}
{"epoch":1569296893,"battery":4.093392849,"Tdb_BME680":25.58,"RH_BME680":48.12,"P_BME680":100.75,"Alt_BME680":11.8,"TVOC":240,"ECO2":991,"RCO2":516,"Tdb_scd30":29.11,"RH_scd30":40.48,"Lux":7.552800179,"PM1":13651.61,"PM25":10000,"PM10":14005.44,"Air":0.13}
{"epoch":1569297196,"battery":4.083291054,"Tdb_BME680":25.66,"RH_BME680":47.96,"P_BME680":100.74,"Alt_BME680":12.3,"TVOC":232,"ECO2":967,"RCO2":500,"Tdb_scd30":29.02,"RH_scd30":40.43,"Lux":7.538400173,"PM1":13622.84,"PM25":10000,"PM10":13975.92,"Air":0.14}
{"epoch":1569297499,"battery":4.083291054,"Tdb_BME680":25.71,"RH_BME680":47.88,"P_BME680":100.74,"Alt_BME680":12.89,"TVOC":233,"ECO2":970,"RCO2":533,"Tdb_scd30":29.2,"RH_scd30":40.12,"Lux":7.567200184,"PM1":13671.5,"PM25":10000,"PM10":14025.84,"Air":0.11}
{"epoch":1569297802,"battery":4.075434208,"Tdb_BME680":25.62,"RH_BME680":48.28,"P_BME680":100.74,"Alt_BME680":12.13,"TVOC":239,"ECO2":1017,"RCO2":497,"Tdb_scd30":29.26,"RH_scd30":40.39,"Lux":7.495200157,"PM1":13651.15,"PM25":10000,"PM10":14004.96,"Air":0.11}
{"epoch":1569298101,"battery":4.083291054,"Tdb_BME680":25.62,"RH_BME680":48.16,"P_BME680":100.77,"Alt_BME680":9.79,"TVOC":237,"ECO2":988,"RCO2":507,"Tdb_scd30":29.39,"RH_scd30":40.15,"Lux":7.581600189,"PM1":13661.4,"PM25":10000,"PM10":14015.48,"Air":0.06}
{"epoch":1569298407,"battery":4.103494167,"Tdb_BME680":25.76,"RH_BME680":47.78,"P_BME680":100.77,"Alt_BME680":9.79,"TVOC":235,"ECO2":970,"RCO2":507,"Tdb_scd30":29.44,"RH_scd30":39.92,"Lux":7.596000195,"PM1":13651.48,"PM25":10000,"PM10":14005.3,"Air":0.09}
{"epoch":1569298710,"battery":4.106861591,"Tdb_BME680":25.53,"RH_BME680":48.34,"P_BME680":100.78,"Alt_BME680":9.96,"TVOC":241,"ECO2":986,"RCO2":517,"Tdb_scd30":29.37,"RH_scd30":40.17,"Lux":7.574399948,"PM1":13639.5,"PM25":10000,"PM10":13993.01,"Air":0.05}
{"epoch":1569299004,"battery":4.087780952,"Tdb_BME680":25.71,"RH_BME680":48.05,"P_BME680":100.77,"Alt_BME680":9.79,"TVOC":239,"ECO2":977,"RCO2":489,"Tdb_scd30":29.33,"RH_scd30":40.17,"Lux":7.552800179,"PM1":13609.76,"PM25":10000,"PM10":13962.49,"Air":0.19}
{"epoch":1569299316,"battery":4.094515324,"Tdb_BME680":25.65,"RH_BME680":48.19,"P_BME680":100.78,"Alt_BME680":9.45,"TVOC":232,"ECO2":989,"RCO2":493,"Tdb_scd30":29.29,"RH_scd30":40.39,"Lux":7.531199932,"PM1":13631.68,"PM25":10000,"PM10":13984.98,"Air":0.04}
{"epoch":1569299619,"battery":4.095637798,"Tdb_BME680":25.81,"RH_BME680":47.81,"P_BME680":100.77,"Alt_BME680":10.12,"TVOC":236,"ECO2":990,"RCO2":485,"Tdb_scd30":29.54,"RH_scd30":39.84,"Lux":7.524000168,"PM1":13679.09,"PM25":10000,"PM10":14033.62,"Air":0.06}
{"epoch":1569299921,"battery":4.084413528,"Tdb_BME680":25.76,"RH_BME680":48.1,"P_BME680":100.76,"Alt_BME680":10.62,"TVOC":247,"ECO2":1011,"RCO2":485,"Tdb_scd30":29.43,"RH_scd30":40.19,"Lux":7.581600189,"PM1":13634.56,"PM25":10000,"PM10":13987.94,"Air":0.18}
{"epoch":1569300225,"battery":4.0911479,"Tdb_BME680":25.7,"RH_BME680":48.11,"P_BME680":100.76,"Alt_BME680":10.96,"TVOC":225,"ECO2":967,"RCO2":486,"Tdb_scd30":29.06,"RH_scd30":40.67,"Lux":7.545599937,"PM1":13669.04,"PM25":10000,"PM10":14023.31,"Air":0.06}
{"epoch":1569300528,"battery":4.111351013,"Tdb_BME680":25.51,"RH_BME680":48.66,"P_BME680":100.74,"Alt_BME680":12.55,"TVOC":232,"ECO2":993,"RCO2":483,"Tdb_scd30":29.07,"RH_scd30":40.88,"Lux":7.524000168,"PM1":13607.12,"PM25":10000,"PM10":13959.79,"Air":0.08}
{"epoch":1569300830,"battery":4.096759796,"Tdb_BME680":25.48,"RH_BME680":48.85,"P_BME680":100.73,"Alt_BME680":13.39,"TVOC":239,"ECO2":1014,"RCO2":466,"Tdb_scd30":29.2,"RH_scd30":40.83,"Lux":7.617599964,"PM1":13625.95,"PM25":10000,"PM10":13979.11,"Air":0.08}
{"epoch":1569301133,"battery":4.092270374,"Tdb_BME680":25.43,"RH_BME680":49.03,"P_BME680":100.73,"Alt_BME680":13.22,"TVOC":233,"ECO2":1007,"RCO2":490,"Tdb_scd30":29.2,"RH_scd30":40.89,"Lux":7.545599937,"PM1":13647.79,"PM25":10000,"PM10":14001.52,"Air":0.09}
{"epoch":1569301437,"battery":4.097882271,"Tdb_BME680":25.41,"RH_BME680":48.96,"P_BME680":100.74,"Alt_BME680":12.55,"TVOC":239,"ECO2":986,"RCO2":485,"Tdb_scd30":29.1,"RH_scd30":40.93,"Lux":7.538400173,"PM1":13663.76,"PM25":10000,"PM10":14017.9,"Air":0.09}
{"epoch":1569301739,"battery":4.090025425,"Tdb_BME680":25.52,"RH_BME680":48.88,"P_BME680":100.75,"Alt_BME680":11.46,"TVOC":232,"ECO2":1009,"RCO2":475,"Tdb_scd30":29.03,"RH_scd30":41.14,"Lux":7.588799953,"PM1":13633.96,"PM25":10000,"PM10":13987.32,"Air":0.29}
{"epoch":1569302042,"battery":4.097882271,"Tdb_BME680":25.52,"RH_BME680":48.95,"P_BME680":100.74,"Alt_BME680":12.89,"TVOC":230,"ECO2":1000,"RCO2":470,"Tdb_scd30":29.07,"RH_scd30":41.15,"Lux":7.524000168,"PM1":13596.62,"PM25":10000,"PM10":13949.01,"Air":0.09}
{"epoch":1569302345,"battery":4.088903427,"Tdb_BME680":25.35,"RH_BME680":49.29,"P_BME680":100.73,"Alt_BME680":13.05,"TVOC":232,"ECO2":994,"RCO2":490,"Tdb_scd30":28.93,"RH_scd30":41.54,"Lux":7.6104002,"PM1":13641.55,"PM25":10000,"PM10":13995.11,"Air":0.06}
{"epoch":1569302648,"battery":4.103494167,"Tdb_BME680":25.47,"RH_BME680":49.02,"P_BME680":100.75,"Alt_BME680":11.46,"TVOC":226,"ECO2":986,"RCO2":470,"Tdb_scd30":28.98,"RH_scd30":41.3,"Lux":7.509600163,"PM1":13648.08,"PM25":10000,"PM10":14001.81,"Air":0.03}
{"epoch":1569302951,"battery":4.096759796,"Tdb_BME680":25.41,"RH_BME680":49.12,"P_BME680":100.77,"Alt_BME680":9.96,"TVOC":232,"ECO2":997,"RCO2":490,"Tdb_scd30":29.16,"RH_scd30":41.07,"Lux":7.603199959,"PM1":13615.68,"PM25":10000,"PM10":13968.58,"Air":0.08}
{"epoch":1569303254,"battery":4.099004745,"Tdb_BME680":25.38,"RH_BME680":49.27,"P_BME680":100.78,"Alt_BME680":9.62,"TVOC":238,"ECO2":994,"RCO2":445,"Tdb_scd30":29.26,"RH_scd30":40.95,"Lux":7.574399948,"PM1":13650,"PM25":10000,"PM10":14003.78,"Air":0.05}
{"epoch":1569303557,"battery":4.087780952,"Tdb_BME680":25.5,"RH_BME680":49,"P_BME680":100.76,"Alt_BME680":10.79,"TVOC":227,"ECO2":992,"RCO2":461,"Tdb_scd30":29.32,"RH_scd30":40.74,"Lux":7.559999943,"PM1":13637.5,"PM25":10000,"PM10":13990.96,"Air":0.05}
{"epoch":1569303860,"battery":4.094515324,"Tdb_BME680":25.31,"RH_BME680":49.36,"P_BME680":100.75,"Alt_BME680":11.63,"TVOC":231,"ECO2":985,"RCO2":457,"Tdb_scd30":28.9,"RH_scd30":41.47,"Lux":7.574399948,"PM1":13634.98,"PM25":10000,"PM10":13988.37,"Air":0.08}
{"epoch":1569304163,"battery":4.082168579,"Tdb_BME680":25.33,"RH_BME680":49.23,"P_BME680":100.75,"Alt_BME680":11.63,"TVOC":226,"ECO2":970,"RCO2":474,"Tdb_scd30":29.13,"RH_scd30":40.96,"Lux":7.524000168,"PM1":13684.68,"PM25":10000,"PM10":14039.36,"Air":0.08}
{"epoch":1569304465,"battery":4.112473488,"Tdb_BME680":25.28,"RH_BME680":49.35,"P_BME680":100.76,"Alt_BME680":11.29,"TVOC":233,"ECO2":983,"RCO2":460,"Tdb_scd30":29.1,"RH_scd30":40.92,"Lux":7.567200184,"PM1":13669.05,"PM25":10000,"PM10":14023.32,"Air":0.12}
{"epoch":1569304476,"battery":4.097882271,"Tdb_BME680":25.29,"RH_BME680":49.36,"P_BME680":100.76,"Alt_BME680":11.29,"TVOC":230,"ECO2":961,"RCO2":457,"Tdb_scd30":29.19,"RH_scd30":40.74,"Lux":7.624800205,"PM1":13656.36,"PM25":10000,"PM10":14010.31,"Air":0.03}
{"epoch":1569304490,"battery":4.097882271,"Tdb_BME680":25.31,"RH_BME680":49.36,"P_BME680":100.76,"Alt_BME680":11.46,"TVOC":230,"ECO2":965,"RCO2":458,"Tdb_scd30":29.27,"RH_scd30":40.67,"Lux":7.581600189,"PM1":13668.02,"PM25":10000,"PM10":14022.27,"Air":0.05}
{"epoch":1569304503,"battery":4.097882271,"Tdb_BME680":25.33,"RH_BME680":49.29,"P_BME680":100.75,"Alt_BME680":11.29,"TVOC":234,"ECO2":984,"RCO2":458,"Tdb_scd30":29.26,"RH_scd30":40.66,"Lux":7.559999943,"PM1":13675.93,"PM25":10000,"PM10":14030.38,"Air":0.05}
{"epoch":1569304509,"battery":4.097882271,"Tdb_BME680":25.35,"RH_BME680":49.2,"P_BME680":100.76,"Alt_BME680":11.46,"TVOC":229,"ECO2":982,"RCO2":452,"Tdb_scd30":29.27,"RH_scd30":40.67,"Lux":7.574399948,"PM1":13673.01,"PM25":10000,"PM10":14027.38,"Air":0.04}
{"epoch":1569304813,"battery":4.092270374,"Tdb_BME680":25.41,"RH_BME680":48.92,"P_BME680":100.76,"Alt_BME680":11.13,"TVOC":214,"ECO2":961,"RCO2":478,"Tdb_scd30":28.86,"RH_scd30":41.39,"Lux":7.538400173,"PM1":13706.03,"PM25":10000,"PM10":14061.26,"Air":0.05}
{"epoch":1569305116,"battery":4.093392849,"Tdb_BME680":25.46,"RH_BME680":48.63,"P_BME680":100.76,"Alt_BME680":11.29,"TVOC":217,"ECO2":962,"RCO2":474,"Tdb_scd30":29.16,"RH_scd30":40.66,"Lux":7.588799953,"PM1":13710.28,"PM25":10000,"PM10":14065.62,"Air":0.05}
{"epoch":1569305419,"battery":4.092270374,"Tdb_BME680":25.56,"RH_BME680":48.24,"P_BME680":100.74,"Alt_BME680":12.47,"TVOC":220,"ECO2":949,"RCO2":453,"Tdb_scd30":29.26,"RH_scd30":40.2,"Lux":7.624800205,"PM1":13718.69,"PM25":10000,"PM10":14074.25,"Air":0.1}
{"epoch":1569305722,"battery":4.088903427,"Tdb_BME680":25.49,"RH_BME680":48.42,"P_BME680":100.73,"Alt_BME680":13.55,"TVOC":221,"ECO2":963,"RCO2":458,"Tdb_scd30":29.22,"RH_scd30":40.34,"Lux":7.567200184,"PM1":13708.85,"PM25":10000,"PM10":14064.15,"Air":0.1}
{"epoch":1569306025,"battery":4.094515324,"Tdb_BME680":25.22,"RH_BME680":48.84,"P_BME680":100.74,"Alt_BME680":12.89,"TVOC":196,"ECO2":920,"RCO2":475,"Tdb_scd30":28.49,"RH_scd30":41.6,"Lux":7.567200184,"PM1":13699.21,"PM25":10000,"PM10":14054.27,"Air":0.09}
{"epoch":1569306327,"battery":4.086658478,"Tdb_BME680":25.3,"RH_BME680":48.69,"P_BME680":100.74,"Alt_BME680":12.3,"TVOC":209,"ECO2":933,"RCO2":451,"Tdb_scd30":29.05,"RH_scd30":40.61,"Lux":7.588799953,"PM1":13662.1,"PM25":10000,"PM10":14016.19,"Air":0.1}
{"epoch":1569306631,"battery":4.094515324,"Tdb_BME680":25.35,"RH_BME680":48.53,"P_BME680":100.75,"Alt_BME680":11.63,"TVOC":213,"ECO2":927,"RCO2":449,"Tdb_scd30":28.96,"RH_scd30":40.62,"Lux":7.567200184,"PM1":13635.2,"PM25":10000,"PM10":13988.6,"Air":0.08}
{"epoch":1569306934,"battery":4.10012722,"Tdb_BME680":25.14,"RH_BME680":48.93,"P_BME680":100.75,"Alt_BME680":11.29,"TVOC":204,"ECO2":927,"RCO2":439,"Tdb_scd30":28.83,"RH_scd30":40.87,"Lux":7.603199959,"PM1":13680.57,"PM25":10000,"PM10":14035.14,"Air":0.08}
{"epoch":1569307236,"battery":4.092270374,"Tdb_BME680":25.21,"RH_BME680":48.85,"P_BME680":100.76,"Alt_BME680":11.13,"TVOC":220,"ECO2":929,"RCO2":435,"Tdb_scd30":28.96,"RH_scd30":40.62,"Lux":7.596000195,"PM1":13692,"PM25":10000,"PM10":14046.87,"Air":0.04}
{"epoch":1569307525,"battery":4.087780952,"Tdb_BME680":25.21,"RH_BME680":48.76,"P_BME680":100.76,"Alt_BME680":11.13,"TVOC":202,"ECO2":915,"RCO2":449,"Tdb_scd30":29,"RH_scd30":40.61,"Lux":7.545599937,"PM1":13676.87,"PM25":10000,"PM10":14031.35,"Air":0.11}
{"epoch":1569307838,"battery":4.085536003,"Tdb_BME680":25.22,"RH_BME680":48.63,"P_BME680":100.76,"Alt_BME680":11.29,"TVOC":211,"ECO2":920,"RCO2":437,"Tdb_scd30":29.05,"RH_scd30":40.49,"Lux":7.588799953,"PM1":13689.51,"PM25":10000,"PM10":14044.31,"Air":0.15}
{"epoch":1569308147,"battery":4.084413528,"Tdb_BME680":25.24,"RH_BME680":48.51,"P_BME680":100.75,"Alt_BME680":11.8,"TVOC":204,"ECO2":891,"RCO2":475,"Tdb_scd30":28.88,"RH_scd30":40.52,"Lux":7.581600189,"PM1":13661.39,"PM25":10000,"PM10":14015.47,"Air":0.11}
{"epoch":1569308450,"battery":4.092270374,"Tdb_BME680":25.2,"RH_BME680":48.57,"P_BME680":100.75,"Alt_BME680":11.46,"TVOC":200,"ECO2":909,"RCO2":440,"Tdb_scd30":28.78,"RH_scd30":40.9,"Lux":7.6104002,"PM1":13673.6,"PM25":10000,"PM10":14027.99,"Air":0.09}
{"epoch":1569308753,"battery":4.083291054,"Tdb_BME680":25.18,"RH_BME680":48.53,"P_BME680":100.75,"Alt_BME680":11.46,"TVOC":199,"ECO2":903,"RCO2":453,"Tdb_scd30":28.98,"RH_scd30":40.36,"Lux":7.567200184,"PM1":13651.53,"PM25":10000,"PM10":14005.35,"Air":0.1}
{"epoch":1569309056,"battery":4.093392849,"Tdb_BME680":25.03,"RH_BME680":48.77,"P_BME680":100.75,"Alt_BME680":11.63,"TVOC":193,"ECO2":870,"RCO2":437,"Tdb_scd30":28.49,"RH_scd30":41.23,"Lux":7.567200184,"PM1":13665.27,"PM25":10000,"PM10":14019.45,"Air":0.12}
{"epoch":1569309360,"battery":4.088903427,"Tdb_BME680":25.18,"RH_BME680":48.46,"P_BME680":100.75,"Alt_BME680":11.46,"TVOC":200,"ECO2":883,"RCO2":438,"Tdb_scd30":28.95,"RH_scd30":40.28,"Lux":7.531199932,"PM1":13703.01,"PM25":10000,"PM10":14058.17,"Air":0.04}
{"epoch":1569309662,"battery":4.103494167,"Tdb_BME680":25.22,"RH_BME680":48.28,"P_BME680":100.75,"Alt_BME680":11.8,"TVOC":206,"ECO2":904,"RCO2":430,"Tdb_scd30":29.13,"RH_scd30":39.98,"Lux":7.567200184,"PM1":13694.9,"PM25":10000,"PM10":14049.84,"Air":0.04}
{"epoch":1569309965,"battery":4.084413528,"Tdb_BME680":25.15,"RH_BME680":48.4,"P_BME680":100.76,"Alt_BME680":11.13,"TVOC":207,"ECO2":893,"RCO2":429,"Tdb_scd30":28.9,"RH_scd30":40.47,"Lux":7.617599964,"PM1":13688.04,"PM25":10000,"PM10":14042.8,"Air":0.05}
{"epoch":1569310263,"battery":4.093392849,"Tdb_BME680":25.19,"RH_BME680":48.26,"P_BME680":100.75,"Alt_BME680":11.46,"TVOC":191,"ECO2":894,"RCO2":439,"Tdb_scd30":28.99,"RH_scd30":40.13,"Lux":7.588799953,"PM1":13706.15,"PM25":10000,"PM10":14061.39,"Air":0.07}
{"epoch":1569310566,"battery":4.092270374,"Tdb_BME680":25.15,"RH_BME680":48.18,"P_BME680":100.76,"Alt_BME680":11.29,"TVOC":183,"ECO2":852,"RCO2":435,"Tdb_scd30":28.76,"RH_scd30":40.37,"Lux":7.516799927,"PM1":13731.32,"PM25":10000,"PM10":14087.21,"Air":0.12}
{"epoch":1569310874,"battery":4.093392849,"Tdb_BME680":25.13,"RH_BME680":48.25,"P_BME680":100.76,"Alt_BME680":11.13,"TVOC":191,"ECO2":881,"RCO2":431,"Tdb_scd30":29.02,"RH_scd30":39.94,"Lux":7.588799953,"PM1":13702.91,"PM25":10000,"PM10":14058.07,"Air":0.07}
{"epoch":1569311177,"battery":4.085536003,"Tdb_BME680":25.12,"RH_BME680":48.22,"P_BME680":100.76,"Alt_BME680":10.46,"TVOC":175,"ECO2":846,"RCO2":432,"Tdb_scd30":28.81,"RH_scd30":40.21,"Lux":7.559999943,"PM1":13691.99,"PM25":10000,"PM10":14046.86,"Air":0.05}
{"epoch":1569311480,"battery":4.084413528,"Tdb_BME680":25.21,"RH_BME680":48.04,"P_BME680":100.77,"Alt_BME680":10.12,"TVOC":204,"ECO2":878,"RCO2":424,"Tdb_scd30":29.16,"RH_scd30":39.71,"Lux":7.581600189,"PM1":13724.91,"PM25":10000,"PM10":14080.63,"Air":0.13}
{"epoch":1569311783,"battery":4.106861591,"Tdb_BME680":25.11,"RH_BME680":48.14,"P_BME680":100.77,"Alt_BME680":9.79,"TVOC":183,"ECO2":870,"RCO2":428,"Tdb_scd30":28.9,"RH_scd30":39.98,"Lux":7.624800205,"PM1":13731.95,"PM25":10000,"PM10":14087.85,"Air":0.04}
{"epoch":1569312085,"battery":4.092270374,"Tdb_BME680":25.12,"RH_BME680":48.17,"P_BME680":100.78,"Alt_BME680":9.29,"TVOC":180,"ECO2":854,"RCO2":418,"Tdb_scd30":28.99,"RH_scd30":39.88,"Lux":7.574399948,"PM1":13700.84,"PM25":10000,"PM10":14055.94,"Air":0.09}
{"epoch":1569312388,"battery":4.113595963,"Tdb_BME680":25.21,"RH_BME680":47.9,"P_BME680":100.78,"Alt_BME680":9.29,"TVOC":179,"ECO2":862,"RCO2":418,"Tdb_scd30":29.16,"RH_scd30":39.5,"Lux":7.538400173,"PM1":13697.23,"PM25":10000,"PM10":14052.24,"Air":0.15}
{"epoch":1569312691,"battery":4.092270374,"Tdb_BME680":25.25,"RH_BME680":47.86,"P_BME680":100.78,"Alt_BME680":8.62,"TVOC":182,"ECO2":866,"RCO2":419,"Tdb_scd30":29.13,"RH_scd30":39.6,"Lux":7.617599964,"PM1":13717.14,"PM25":10000,"PM10":14072.66,"Air":0.07}
{"epoch":1569312988,"battery":4.107984066,"Tdb_BME680":25.18,"RH_BME680":47.79,"P_BME680":100.79,"Alt_BME680":9.29,"TVOC":177,"ECO2":848,"RCO2":431,"Tdb_scd30":28.96,"RH_scd30":39.73,"Lux":7.646399975,"PM1":13709.95,"PM25":10000,"PM10":14065.29,"Air":0.06}
{"epoch":1569313297,"battery":4.105739117,"Tdb_BME680":25.18,"RH_BME680":47.76,"P_BME680":100.78,"Alt_BME680":9.29,"TVOC":171,"ECO2":848,"RCO2":430,"Tdb_scd30":28.93,"RH_scd30":39.79,"Lux":7.603199959,"PM1":13744.01,"PM25":10000,"PM10":14100.23,"Air":0.07}
{"epoch":1569313600,"battery":4.095637798,"Tdb_BME680":25.02,"RH_BME680":48.06,"P_BME680":100.78,"Alt_BME680":9.29,"TVOC":173,"ECO2":806,"RCO2":440,"Tdb_scd30":28.52,"RH_scd30":40.56,"Lux":7.574399948,"PM1":13682,"PM25":10000,"PM10":14036.61,"Air":0.11}
{"epoch":1569313903,"battery":4.099004745,"Tdb_BME680":25.23,"RH_BME680":47.6,"P_BME680":100.77,"Alt_BME680":9.62,"TVOC":173,"ECO2":827,"RCO2":412,"Tdb_scd30":29.1,"RH_scd30":39.47,"Lux":7.588799953,"PM1":13727.97,"PM25":10000,"PM10":14083.78,"Air":0.09}
{"epoch":1569314206,"battery":4.110229015,"Tdb_BME680":25.06,"RH_BME680":47.93,"P_BME680":100.78,"Alt_BME680":9.62,"TVOC":169,"ECO2":829,"RCO2":412,"Tdb_scd30":29.05,"RH_scd30":39.42,"Lux":7.567200184,"PM1":13717.37,"PM25":10000,"PM10":14072.89,"Air":0.11}
{"epoch":1569314509,"battery":4.082168579,"Tdb_BME680":25.14,"RH_BME680":47.67,"P_BME680":100.78,"Alt_BME680":9.29,"TVOC":163,"ECO2":816,"RCO2":415,"Tdb_scd30":29.02,"RH_scd30":39.38,"Lux":7.617599964,"PM1":13683.34,"PM25":10000,"PM10":14037.99,"Air":0.09}
{"epoch":1569314811,"battery":4.095637798,"Tdb_BME680":25.04,"RH_BME680":47.92,"P_BME680":100.79,"Alt_BME680":8.45,"TVOC":164,"ECO2":815,"RCO2":409,"Tdb_scd30":28.76,"RH_scd30":39.86,"Lux":7.588799953,"PM1":13695.27,"PM25":10000,"PM10":14050.22,"Air":0.04}
{"epoch":1569315115,"battery":4.111351013,"Tdb_BME680":24.97,"RH_BME680":48.03,"P_BME680":100.79,"Alt_BME680":8.45,"TVOC":164,"ECO2":792,"RCO2":415,"Tdb_scd30":28.65,"RH_scd30":39.87,"Lux":7.552800179,"PM1":13719.82,"PM25":10000,"PM10":14075.41,"Air":0.16}
{"epoch":1569315418,"battery":4.097882271,"Tdb_BME680":25.08,"RH_BME680":47.63,"P_BME680":100.79,"Alt_BME680":8.62,"TVOC":164,"ECO2":782,"RCO2":408,"Tdb_scd30":28.61,"RH_scd30":39.95,"Lux":7.624800205,"PM1":13719.29,"PM25":10000,"PM10":14074.87,"Air":0.1}
{"epoch":1569315720,"battery":4.094515324,"Tdb_BME680":24.99,"RH_BME680":47.86,"P_BME680":100.79,"Alt_BME680":8.28,"TVOC":163,"ECO2":785,"RCO2":418,"Tdb_scd30":28.89,"RH_scd30":39.41,"Lux":7.559999943,"PM1":13730.87,"PM25":10000,"PM10":14086.75,"Air":0.09}
{"epoch":1569316024,"battery":4.102372169,"Tdb_BME680":24.93,"RH_BME680":47.99,"P_BME680":100.8,"Alt_BME680":7.95,"TVOC":151,"ECO2":783,"RCO2":409,"Tdb_scd30":28.76,"RH_scd30":39.81,"Lux":7.567200184,"PM1":13751.43,"PM25":10000,"PM10":14107.84,"Air":0.08}
{"epoch":1569316326,"battery":4.0911479,"Tdb_BME680":24.83,"RH_BME680":48.16,"P_BME680":100.8,"Alt_BME680":7.61,"TVOC":160,"ECO2":789,"RCO2":407,"Tdb_scd30":28.67,"RH_scd30":40.07,"Lux":7.559999943,"PM1":13737.62,"PM25":10000,"PM10":14093.67,"Air":0.08}
{"epoch":1569316629,"battery":4.107984066,"Tdb_BME680":24.95,"RH_BME680":47.92,"P_BME680":100.81,"Alt_BME680":6.78,"TVOC":155,"ECO2":768,"RCO2":410,"Tdb_scd30":28.85,"RH_scd30":39.54,"Lux":7.617599964,"PM1":13750.41,"PM25":10000,"PM10":14106.8,"Air":0.13}
{"epoch":1569316932,"battery":4.087780952,"Tdb_BME680":25.26,"RH_BME680":47.31,"P_BME680":100.81,"Alt_BME680":6.78,"TVOC":172,"ECO2":808,"RCO2":403,"Tdb_scd30":29.33,"RH_scd30":38.72,"Lux":7.603199959,"PM1":13737,"PM25":10000,"PM10":14093.03,"Air":0.1}
{"epoch":1569317235,"battery":4.085536003,"Tdb_BME680":25.25,"RH_BME680":47.26,"P_BME680":100.82,"Alt_BME680":6.27,"TVOC":165,"ECO2":794,"RCO2":398,"Tdb_scd30":29.34,"RH_scd30":38.63,"Lux":7.6104002,"PM1":13704.2,"PM25":10000,"PM10":14059.38,"Air":0.1}
{"epoch":1569317538,"battery":4.112473488,"Tdb_BME680":25.49,"RH_BME680":46.69,"P_BME680":100.83,"Alt_BME680":5.1,"TVOC":165,"ECO2":801,"RCO2":394,"Tdb_scd30":29.43,"RH_scd30":38.46,"Lux":7.552800179,"PM1":13712.18,"PM25":10000,"PM10":14067.57,"Air":0.08}
{"epoch":1569317841,"battery":4.083291054,"Tdb_BME680":25.51,"RH_BME680":46.65,"P_BME680":100.83,"Alt_BME680":5.27,"TVOC":162,"ECO2":797,"RCO2":407,"Tdb_scd30":29.51,"RH_scd30":38.38,"Lux":7.574399948,"PM1":13708.27,"PM25":10000,"PM10":14063.56,"Air":0.07}
{"epoch":1569318143,"battery":4.087780952,"Tdb_BME680":25.47,"RH_BME680":46.7,"P_BME680":100.83,"Alt_BME680":4.77,"TVOC":162,"ECO2":785,"RCO2":401,"Tdb_scd30":29.37,"RH_scd30":38.48,"Lux":7.559999943,"PM1":13706.37,"PM25":10000,"PM10":14061.61,"Air":0.12}
{"epoch":1569318446,"battery":4.101249695,"Tdb_BME680":25.38,"RH_BME680":46.97,"P_BME680":100.84,"Alt_BME680":4.68,"TVOC":156,"ECO2":779,"RCO2":402,"Tdb_scd30":29.4,"RH_scd30":38.54,"Lux":7.574399948,"PM1":13711.74,"PM25":10000,"PM10":14067.12,"Air":0.07}
{"epoch":1569318749,"battery":4.096759796,"Tdb_BME680":25.4,"RH_BME680":46.91,"P_BME680":100.84,"Alt_BME680":4.68,"TVOC":152,"ECO2":774,"RCO2":401,"Tdb_scd30":29.56,"RH_scd30":38.19,"Lux":7.617599964,"PM1":13714.02,"PM25":10000,"PM10":14069.46,"Air":0.06}
{"epoch":1569319052,"battery":4.094515324,"Tdb_BME680":25.48,"RH_BME680":46.62,"P_BME680":100.83,"Alt_BME680":4.68,"TVOC":162,"ECO2":799,"RCO2":393,"Tdb_scd30":29.51,"RH_scd30":38.27,"Lux":7.531199932,"PM1":13744.94,"PM25":10000,"PM10":14101.18,"Air":0.11}
{"epoch":1569319355,"battery":4.092270374,"Tdb_BME680":25.36,"RH_BME680":46.85,"P_BME680":100.84,"Alt_BME680":4.01,"TVOC":155,"ECO2":776,"RCO2":403,"Tdb_scd30":29.16,"RH_scd30":38.71,"Lux":7.552800179,"PM1":13737.91,"PM25":10000,"PM10":14093.97,"Air":0.06}
{"epoch":1569319658,"battery":4.088903427,"Tdb_BME680":25.43,"RH_BME680":46.75,"P_BME680":100.85,"Alt_BME680":3.51,"TVOC":167,"ECO2":791,"RCO2":398,"Tdb_scd30":29.4,"RH_scd30":38.37,"Lux":7.603199959,"PM1":13776.59,"PM25":10000,"PM10":14133.65,"Air":0.06}
{"epoch":1569319960,"battery":4.10012722,"Tdb_BME680":25.6,"RH_BME680":46.28,"P_BME680":100.85,"Alt_BME680":3.01,"TVOC":155,"ECO2":779,"RCO2":394,"Tdb_scd30":29.43,"RH_scd30":38.29,"Lux":7.552800179,"PM1":13714.52,"PM25":10000,"PM10":14069.98,"Air":0.04}
{"epoch":1569320264,"battery":4.084413528,"Tdb_BME680":25.53,"RH_BME680":46.43,"P_BME680":100.86,"Alt_BME680":2.51,"TVOC":153,"ECO2":762,"RCO2":385,"Tdb_scd30":29.29,"RH_scd30":38.51,"Lux":7.538400173,"PM1":13740.16,"PM25":10000,"PM10":14096.28,"Air":0.07}
{"epoch":1569320562,"battery":4.087780952,"Tdb_BME680":25.54,"RH_BME680":46.46,"P_BME680":100.86,"Alt_BME680":2.68,"TVOC":159,"ECO2":776,"RCO2":402,"Tdb_scd30":29.43,"RH_scd30":38.44,"Lux":7.581600189,"PM1":13730.61,"PM25":10000,"PM10":14086.48,"Air":0.09}
{"epoch":1569320870,"battery":4.088903427,"Tdb_BME680":25.42,"RH_BME680":46.71,"P_BME680":100.86,"Alt_BME680":2.84,"TVOC":142,"ECO2":763,"RCO2":392,"Tdb_scd30":29.49,"RH_scd30":38.19,"Lux":7.581600189,"PM1":13733.52,"PM25":10000,"PM10":14089.47,"Air":0.04}
{"epoch":1569321172,"battery":4.086658478,"Tdb_BME680":25.37,"RH_BME680":46.75,"P_BME680":100.86,"Alt_BME680":2.34,"TVOC":144,"ECO2":775,"RCO2":388,"Tdb_scd30":29.43,"RH_scd30":38.37,"Lux":7.559999943,"PM1":13734.52,"PM25":10000,"PM10":14090.49,"Air":0.08}
{"epoch":1569321476,"battery":4.103494167,"Tdb_BME680":25.43,"RH_BME680":46.69,"P_BME680":100.87,"Alt_BME680":1.34,"TVOC":155,"ECO2":771,"RCO2":378,"Tdb_scd30":29.47,"RH_scd30":38.31,"Lux":7.732800007,"PM1":13743.4,"PM25":10000,"PM10":14099.6,"Air":0.06}
{"epoch":1569321778,"battery":4.088903427,"Tdb_BME680":25.5,"RH_BME680":46.44,"P_BME680":100.88,"Alt_BME680":0.84,"TVOC":149,"ECO2":757,"RCO2":383,"Tdb_scd30":29.53,"RH_scd30":38.11,"Lux":7.963200092,"PM1":13773.83,"PM25":10000,"PM10":14130.82,"Air":0.07}
{"epoch":1569322082,"battery":4.087780952,"Tdb_BME680":25.48,"RH_BME680":46.42,"P_BME680":100.89,"Alt_BME680":0.25,"TVOC":133,"ECO2":743,"RCO2":376,"Tdb_scd30":29.16,"RH_scd30":38.68,"Lux":8.272800446,"PM1":13706.89,"PM25":10000,"PM10":14062.15,"Air":0.12}
{"epoch":1569322385,"battery":4.090025425,"Tdb_BME680":25.48,"RH_BME680":46.39,"P_BME680":100.89,"Alt_BME680":0.08,"TVOC":155,"ECO2":764,"RCO2":384,"Tdb_scd30":29.44,"RH_scd30":38.2,"Lux":8.697600365,"PM1":13734.15,"PM25":10000,"PM10":14090.11,"Air":0.05}
{"epoch":1569322688,"battery":4.10012722,"Tdb_BME680":25.53,"RH_BME680":46.27,"P_BME680":100.89,"Alt_BME680":0.42,"TVOC":124,"ECO2":728,"RCO2":373,"Tdb_scd30":29.27,"RH_scd30":38.4,"Lux":9.266400337,"PM1":13734.97,"PM25":10000,"PM10":14090.96,"Air":0.06}
{"epoch":1569322976,"battery":4.092270374,"Tdb_BME680":25.41,"RH_BME680":46.58,"P_BME680":100.89,"Alt_BME680":0.08,"TVOC":161,"ECO2":765,"RCO2":376,"Tdb_scd30":29.5,"RH_scd30":38.16,"Lux":9.856800079,"PM1":13721.89,"PM25":10000,"PM10":14077.54,"Air":0.08}
{"epoch":1569323293,"battery":4.103494167,"Tdb_BME680":25.57,"RH_BME680":46.28,"P_BME680":100.89,"Alt_BME680":-0.42,"TVOC":133,"ECO2":735,"RCO2":382,"Tdb_scd30":29.41,"RH_scd30":38.2,"Lux":10.89360046,"PM1":13770.55,"PM25":10000,"PM10":14127.46,"Air":0.08}
{"epoch":1569323596,"battery":4.0911479,"Tdb_BME680":25.5,"RH_BME680":46.39,"P_BME680":100.9,"Alt_BME680":-0.75,"TVOC":143,"ECO2":742,"RCO2":382,"Tdb_scd30":29.41,"RH_scd30":38.37,"Lux":11.82960033,"PM1":13732.6,"PM25":10000,"PM10":14088.52,"Air":0.12}
{"epoch":1569323899,"battery":4.090025425,"Tdb_BME680":25.56,"RH_BME680":46.28,"P_BME680":100.91,"Alt_BME680":-1.25,"TVOC":141,"ECO2":726,"RCO2":381,"Tdb_scd30":29.29,"RH_scd30":38.5,"Lux":12.54240036,"PM1":13725.61,"PM25":10000,"PM10":14081.36,"Air":0.14}
{"epoch":1569324202,"battery":4.090025425,"Tdb_BME680":25.45,"RH_BME680":46.44,"P_BME680":100.91,"Alt_BME680":-1.59,"TVOC":144,"ECO2":730,"RCO2":378,"Tdb_scd30":29.4,"RH_scd30":38.33,"Lux":13.73760033,"PM1":13737.17,"PM25":10000,"PM10":14093.21,"Air":0.06}
{"epoch":1569324505,"battery":4.090025425,"Tdb_BME680":25.42,"RH_BME680":46.55,"P_BME680":100.91,"Alt_BME680":-1.76,"TVOC":139,"ECO2":737,"RCO2":384,"Tdb_scd30":29.4,"RH_scd30":38.3,"Lux":14.81760025,"PM1":13779.22,"PM25":10000,"PM10":14136.35,"Air":0.05}
{"epoch":1569324807,"battery":4.10012722,"Tdb_BME680":25.31,"RH_BME680":46.77,"P_BME680":100.91,"Alt_BME680":-1.42,"TVOC":150,"ECO2":747,"RCO2":376,"Tdb_scd30":29.44,"RH_scd30":38.18,"Lux":15.35760021,"PM1":13714.22,"PM25":10000,"PM10":14069.67,"Air":0.07}
{"epoch":1569325111,"battery":4.085536003,"Tdb_BME680":25.27,"RH_BME680":46.87,"P_BME680":100.91,"Alt_BME680":-2.09,"TVOC":127,"ECO2":707,"RCO2":371,"Tdb_scd30":29.36,"RH_scd30":38.27,"Lux":16.66080093,"PM1":13722.43,"PM25":10000,"PM10":14078.08,"Air":0.04}
{"epoch":1569325414,"battery":4.0911479,"Tdb_BME680":25.26,"RH_BME680":46.96,"P_BME680":100.92,"Alt_BME680":-1.92,"TVOC":110,"ECO2":702,"RCO2":356,"Tdb_scd30":29.16,"RH_scd30":38.73,"Lux":18.05039978,"PM1":13722.54,"PM25":10000,"PM10":14078.2,"Air":0.03}
{"epoch":1569325715,"battery":4.107984066,"Tdb_BME680":25.47,"RH_BME680":46.42,"P_BME680":100.92,"Alt_BME680":-2.59,"TVOC":121,"ECO2":707,"RCO2":375,"Tdb_scd30":29.33,"RH_scd30":38.33,"Lux":19.33200073,"PM1":13702.68,"PM25":10000,"PM10":14057.82,"Air":0.16}
{"epoch":1569326020,"battery":4.087780952,"Tdb_BME680":25.55,"RH_BME680":46.26,"P_BME680":100.92,"Alt_BME680":-2.76,"TVOC":118,"ECO2":723,"RCO2":370,"Tdb_scd30":29.32,"RH_scd30":38.44,"Lux":20.37599945,"PM1":13705.24,"PM25":10000,"PM10":14060.45,"Air":0.09}
{"epoch":1569326322,"battery":4.094515324,"Tdb_BME680":25.55,"RH_BME680":46.3,"P_BME680":100.92,"Alt_BME680":-2.93,"TVOC":122,"ECO2":710,"RCO2":368,"Tdb_scd30":29.33,"RH_scd30":38.32,"Lux":20.98800087,"PM1":13651.5,"PM25":10000,"PM10":14005.32,"Air":0.08}
{"epoch":1569326625,"battery":4.107984066,"Tdb_BME680":25.56,"RH_BME680":46.17,"P_BME680":100.93,"Alt_BME680":-3.09,"TVOC":125,"ECO2":727,"RCO2":366,"Tdb_scd30":29.39,"RH_scd30":38.21,"Lux":21.86639977,"PM1":13711.86,"PM25":10000,"PM10":14067.25,"Air":0.05}
{"epoch":1569326923,"battery":4.106861591,"Tdb_BME680":25.65,"RH_BME680":45.94,"P_BME680":100.93,"Alt_BME680":-3.59,"TVOC":115,"ECO2":717,"RCO2":394,"Tdb_scd30":29.25,"RH_scd30":38.44,"Lux":23.81760025,"PM1":13719.1,"PM25":10000,"PM10":14074.67,"Air":0.04}
{"epoch":1569327231,"battery":4.0911479,"Tdb_BME680":25.52,"RH_BME680":46.19,"P_BME680":100.94,"Alt_BME680":-3.59,"TVOC":116,"ECO2":707,"RCO2":373,"Tdb_scd30":29.32,"RH_scd30":38.2,"Lux":25.17840004,"PM1":13704.35,"PM25":10000,"PM10":14059.54,"Air":0.05}
{"epoch":1569327534,"battery":4.084413528,"Tdb_BME680":25.57,"RH_BME680":46.11,"P_BME680":100.94,"Alt_BME680":-4.01,"TVOC":117,"ECO2":707,"RCO2":371,"Tdb_scd30":29.14,"RH_scd30":38.76,"Lux":25.56719971,"PM1":13701.03,"PM25":10000,"PM10":14056.14,"Air":0.04}
{"epoch":1569327836,"battery":4.087780952,"Tdb_BME680":25.53,"RH_BME680":46.26,"P_BME680":100.94,"Alt_BME680":-4.18,"TVOC":130,"ECO2":721,"RCO2":382,"Tdb_scd30":29.32,"RH_scd30":38.36,"Lux":24.66720009,"PM1":13672.51,"PM25":10000,"PM10":14026.87,"Air":0.04}
{"epoch":1569328139,"battery":4.107984066,"Tdb_BME680":25.51,"RH_BME680":46.25,"P_BME680":100.95,"Alt_BME680":-4.68,"TVOC":123,"ECO2":742,"RCO2":369,"Tdb_scd30":29.43,"RH_scd30":38.23,"Lux":23.88240051,"PM1":13726.28,"PM25":10000,"PM10":14082.03,"Air":0.05}
{"epoch":1569328442,"battery":4.10012722,"Tdb_BME680":25.58,"RH_BME680":46.07,"P_BME680":100.95,"Alt_BME680":-5.18,"TVOC":127,"ECO2":729,"RCO2":376,"Tdb_scd30":29.46,"RH_scd30":38.11,"Lux":23.3064003,"PM1":13719.93,"PM25":10000,"PM10":14075.53,"Air":0.05}
{"epoch":1569328745,"battery":4.090025425,"Tdb_BME680":25.43,"RH_BME680":46.4,"P_BME680":100.95,"Alt_BME680":-4.51,"TVOC":114,"ECO2":701,"RCO2":378,"Tdb_scd30":29.16,"RH_scd30":38.4,"Lux":23.28479958,"PM1":13703.89,"PM25":10000,"PM10":14059.07,"Air":0.18}
{"epoch":1569329048,"battery":4.085536003,"Tdb_BME680":25.5,"RH_BME680":46.29,"P_BME680":100.95,"Alt_BME680":-5.02,"TVOC":122,"ECO2":731,"RCO2":389,"Tdb_scd30":29.4,"RH_scd30":38.28,"Lux":23.91119957,"PM1":13690.52,"PM25":10000,"PM10":14045.35,"Air":0.08}
{"epoch":1569329351,"battery":4.093392849,"Tdb_BME680":25.58,"RH_BME680":46.07,"P_BME680":100.95,"Alt_BME680":-5.18,"TVOC":128,"ECO2":717,"RCO2":376,"Tdb_scd30":29.49,"RH_scd30":38,"Lux":24.55920029,"PM1":13667.46,"PM25":10000,"PM10":14021.7,"Air":0.05}
{"epoch":1569329654,"battery":4.090025425,"Tdb_BME680":25.66,"RH_BME680":45.94,"P_BME680":100.95,"Alt_BME680":-5.35,"TVOC":138,"ECO2":724,"RCO2":377,"Tdb_scd30":29.57,"RH_scd30":37.95,"Lux":24.69599915,"PM1":13677.62,"PM25":10000,"PM10":14032.11,"Air":0.06}
{"epoch":1569329957,"battery":4.086658478,"Tdb_BME680":25.4,"RH_BME680":46.48,"P_BME680":100.95,"Alt_BME680":-5.52,"TVOC":128,"ECO2":721,"RCO2":384,"Tdb_scd30":29.54,"RH_scd30":37.9,"Lux":22.52160072,"PM1":13680.57,"PM25":10000,"PM10":14035.14,"Air":0.09}
{"epoch":1569330260,"battery":4.082168579,"Tdb_BME680":25.37,"RH_BME680":46.42,"P_BME680":100.95,"Alt_BME680":-5.18,"TVOC":128,"ECO2":718,"RCO2":387,"Tdb_scd30":29.37,"RH_scd30":38,"Lux":26.22240067,"PM1":13644.81,"PM25":10000,"PM10":13998.46,"Air":0.14}
{"epoch":1569330563,"battery":4.090025425,"Tdb_BME680":25.51,"RH_BME680":46.04,"P_BME680":100.95,"Alt_BME680":-5.52,"TVOC":122,"ECO2":719,"RCO2":384,"Tdb_scd30":29.47,"RH_scd30":37.98,"Lux":26.22240067,"PM1":13695.46,"PM25":10000,"PM10":14050.42,"Air":0.05}
{"epoch":1569330866,"battery":4.101249695,"Tdb_BME680":25.49,"RH_BME680":46.13,"P_BME680":100.96,"Alt_BME680":-5.68,"TVOC":127,"ECO2":726,"RCO2":388,"Tdb_scd30":29.58,"RH_scd30":37.72,"Lux":26.52479935,"PM1":13658.56,"PM25":10000,"PM10":14012.56,"Air":0.07}
{"epoch":1569331152,"battery":4.099004745,"Tdb_BME680":25.42,"RH_BME680":46.18,"P_BME680":100.97,"Alt_BME680":-6.85,"TVOC":113,"ECO2":694,"RCO2":381,"Tdb_scd30":29.4,"RH_scd30":38,"Lux":26.92079926,"PM1":13698.65,"PM25":10000,"PM10":14053.69,"Air":0.07}
{"epoch":1569331455,"battery":4.087780952,"Tdb_BME680":25.37,"RH_BME680":46.28,"P_BME680":100.97,"Alt_BME680":-6.52,"TVOC":127,"ECO2":710,"RCO2":393,"Tdb_scd30":29.34,"RH_scd30":37.89,"Lux":27.04319954,"PM1":13673.13,"PM25":10000,"PM10":14027.51,"Air":0.11}
{"epoch":1569331775,"battery":4.079924107,"Tdb_BME680":25.55,"RH_BME680":45.96,"P_BME680":100.96,"Alt_BME680":-5.68,"TVOC":126,"ECO2":714,"RCO2":382,"Tdb_scd30":29.64,"RH_scd30":37.43,"Lux":27.49679947,"PM1":13695.49,"PM25":10000,"PM10":14050.45,"Air":0.04}
{"epoch":1569332078,"battery":4.103494167,"Tdb_BME680":25.57,"RH_BME680":45.71,"P_BME680":100.96,"Alt_BME680":-5.85,"TVOC":120,"ECO2":705,"RCO2":394,"Tdb_scd30":29.63,"RH_scd30":37.48,"Lux":27.17280006,"PM1":13698.72,"PM25":10000,"PM10":14053.76,"Air":0.05}
{"epoch":1569332380,"battery":4.084413528,"Tdb_BME680":25.57,"RH_BME680":45.72,"P_BME680":100.96,"Alt_BME680":-6.19,"TVOC":117,"ECO2":705,"RCO2":400,"Tdb_scd30":29.71,"RH_scd30":37.29,"Lux":23.09760094,"PM1":13673.09,"PM25":10000,"PM10":14027.47,"Air":0.05}
{"epoch":1569332684,"battery":4.097882271,"Tdb_BME680":25.47,"RH_BME680":45.85,"P_BME680":100.97,"Alt_BME680":-6.69,"TVOC":112,"ECO2":678,"RCO2":393,"Tdb_scd30":29.54,"RH_scd30":37.54,"Lux":27.97920036,"PM1":13666.22,"PM25":10000,"PM10":14020.42,"Air":0.06}
{"epoch":1569332986,"battery":4.106861591,"Tdb_BME680":25.34,"RH_BME680":46.15,"P_BME680":100.98,"Alt_BME680":-7.69,"TVOC":116,"ECO2":684,"RCO2":393,"Tdb_scd30":29.44,"RH_scd30":37.8,"Lux":20.67840004,"PM1":13708.07,"PM25":10000,"PM10":14063.35,"Air":0.04}
{"epoch":1569333289,"battery":4.094515324,"Tdb_BME680":25.26,"RH_BME680":46.35,"P_BME680":100.98,"Alt_BME680":-7.77,"TVOC":120,"ECO2":701,"RCO2":404,"Tdb_scd30":29.39,"RH_scd30":37.86,"Lux":31.56480026,"PM1":13703.9,"PM25":10000,"PM10":14059.08,"Air":0.08}
{"epoch":1569333592,"battery":4.101249695,"Tdb_BME680":25.37,"RH_BME680":46.08,"P_BME680":100.98,"Alt_BME680":-7.69,"TVOC":116,"ECO2":674,"RCO2":409,"Tdb_scd30":29.36,"RH_scd30":37.74,"Lux":29.51280022,"PM1":13661.3,"PM25":10000,"PM10":14015.38,"Air":0.09}
{"epoch":1569333894,"battery":4.106861591,"Tdb_BME680":25.34,"RH_BME680":46.11,"P_BME680":100.98,"Alt_BME680":-7.19,"TVOC":107,"ECO2":672,"RCO2":399,"Tdb_scd30":29.29,"RH_scd30":37.84,"Lux":26.0855999,"PM1":13655.47,"PM25":10000,"PM10":14009.4,"Air":0.04}
{"epoch":1569334197,"battery":4.088903427,"Tdb_BME680":25.39,"RH_BME680":45.97,"P_BME680":100.98,"Alt_BME680":-7.77,"TVOC":104,"ECO2":681,"RCO2":415,"Tdb_scd30":29.27,"RH_scd30":37.9,"Lux":31.89599991,"PM1":13639.74,"PM25":10000,"PM10":13993.25,"Air":0.05}
{"epoch":1569334501,"battery":4.107984066,"Tdb_BME680":25.46,"RH_BME680":45.87,"P_BME680":100.98,"Alt_BME680":-7.19,"TVOC":117,"ECO2":703,"RCO2":425,"Tdb_scd30":29.23,"RH_scd30":38.05,"Lux":30.06719971,"PM1":13635.7,"PM25":10000,"PM10":13989.12,"Air":0.11}
{"epoch":1569334803,"battery":4.109106541,"Tdb_BME680":25.51,"RH_BME680":45.74,"P_BME680":100.97,"Alt_BME680":-6.52,"TVOC":131,"ECO2":712,"RCO2":425,"Tdb_scd30":29.65,"RH_scd30":37.36,"Lux":29.13120079,"PM1":13638.71,"PM25":10000,"PM10":13992.2,"Air":0.08}
{"epoch":1569335106,"battery":4.094515324,"Tdb_BME680":25.59,"RH_BME680":45.52,"P_BME680":100.97,"Alt_BME680":-6.35,"TVOC":117,"ECO2":686,"RCO2":438,"Tdb_scd30":29.57,"RH_scd30":37.43,"Lux":30.75839996,"PM1":13614.31,"PM25":10000,"PM10":13967.17,"Air":0.08}
{"epoch":1569335410,"battery":4.086658478,"Tdb_BME680":25.57,"RH_BME680":45.59,"P_BME680":100.96,"Alt_BME680":-6.52,"TVOC":133,"ECO2":705,"RCO2":422,"Tdb_scd30":29.77,"RH_scd30":37.12,"Lux":30.55680084,"PM1":13648.93,"PM25":10000,"PM10":14002.68,"Air":0.04}
{"epoch":1569335713,"battery":4.10012722,"Tdb_BME680":25.44,"RH_BME680":45.85,"P_BME680":100.97,"Alt_BME680":-6.35,"TVOC":118,"ECO2":696,"RCO2":420,"Tdb_scd30":29.5,"RH_scd30":37.53,"Lux":30.61440086,"PM1":13617.29,"PM25":10000,"PM10":13970.23,"Air":0.05}
{"epoch":1569336017,"battery":4.094515324,"Tdb_BME680":25.35,"RH_BME680":45.93,"P_BME680":100.97,"Alt_BME680":-6.85,"TVOC":125,"ECO2":685,"RCO2":435,"Tdb_scd30":29.14,"RH_scd30":37.91,"Lux":25.25760078,"PM1":13681.91,"PM25":10000,"PM10":14036.52,"Air":0.09}
{"epoch":1569336320,"battery":4.088903427,"Tdb_BME680":25.32,"RH_BME680":46.03,"P_BME680":100.97,"Alt_BME680":-6.52,"TVOC":113,"ECO2":711,"RCO2":433,"Tdb_scd30":29.36,"RH_scd30":37.96,"Lux":38.22480011,"PM1":13646.63,"PM25":10000,"PM10":14000.32,"Air":0.06}
{"epoch":1569336622,"battery":4.107984066,"Tdb_BME680":25.37,"RH_BME680":45.86,"P_BME680":100.97,"Alt_BME680":-6.35,"TVOC":120,"ECO2":671,"RCO2":442,"Tdb_scd30":29.3,"RH_scd30":37.74,"Lux":29.59199905,"PM1":13682.37,"PM25":10000,"PM10":14036.99,"Air":0.12}
{"epoch":1569336925,"battery":4.087780952,"Tdb_BME680":25.31,"RH_BME680":46.05,"P_BME680":100.97,"Alt_BME680":-6.69,"TVOC":123,"ECO2":700,"RCO2":437,"Tdb_scd30":29.27,"RH_scd30":37.96,"Lux":23.14800072,"PM1":13680.27,"PM25":10000,"PM10":14034.83,"Air":0.09}
{"epoch":1569337222,"battery":4.085536003,"Tdb_BME680":25.39,"RH_BME680":45.81,"P_BME680":100.96,"Alt_BME680":-6.02,"TVOC":120,"ECO2":687,"RCO2":448,"Tdb_scd30":29.33,"RH_scd30":37.88,"Lux":34.0632019,"PM1":13651.24,"PM25":10000,"PM10":14005.05,"Air":0.08}
{"epoch":1569337531,"battery":4.097882271,"Tdb_BME680":25.62,"RH_BME680":45.28,"P_BME680":100.96,"Alt_BME680":-5.85,"TVOC":129,"ECO2":687,"RCO2":452,"Tdb_scd30":29.43,"RH_scd30":37.32,"Lux":25.71120071,"PM1":13675.59,"PM25":10000,"PM10":14030.04,"Air":0.14}
{"epoch":1569337826,"battery":4.081046581,"Tdb_BME680":25.76,"RH_BME680":45.06,"P_BME680":100.95,"Alt_BME680":-5.35,"TVOC":137,"ECO2":721,"RCO2":457,"Tdb_scd30":29.87,"RH_scd30":36.87,"Lux":38.58480072,"PM1":13625.21,"PM25":10000,"PM10":13978.35,"Air":0.13}
{"epoch":1569338136,"battery":4.102372169,"Tdb_BME680":25.82,"RH_BME680":44.82,"P_BME680":100.95,"Alt_BME680":-5.02,"TVOC":129,"ECO2":714,"RCO2":461,"Tdb_scd30":29.87,"RH_scd30":36.76,"Lux":25.30080032,"PM1":13623.49,"PM25":10000,"PM10":13976.58,"Air":0.1}
{"epoch":1569338439,"battery":4.090025425,"Tdb_BME680":25.8,"RH_BME680":44.83,"P_BME680":100.94,"Alt_BME680":-4.18,"TVOC":130,"ECO2":708,"RCO2":495,"Tdb_scd30":29.6,"RH_scd30":37.14,"Lux":22.78800011,"PM1":13640.82,"PM25":10000,"PM10":13994.37,"Air":0.07}
{"epoch":1569338742,"battery":4.0911479,"Tdb_BME680":25.95,"RH_BME680":44.49,"P_BME680":100.93,"Alt_BME680":-3.26,"TVOC":141,"ECO2":726,"RCO2":461,"Tdb_scd30":30.07,"RH_scd30":36.48,"Lux":41.88240051,"PM1":13629.1,"PM25":10000,"PM10":13982.34,"Air":0.05}
{"epoch":1569339043,"battery":4.088903427,"Tdb_BME680":25.76,"RH_BME680":44.93,"P_BME680":100.91,"Alt_BME680":-1.92,"TVOC":136,"ECO2":734,"RCO2":464,"Tdb_scd30":29.83,"RH_scd30":36.92,"Lux":27.18000031,"PM1":13629.26,"PM25":10000,"PM10":13982.5,"Air":0.09}
{"epoch":1569339335,"battery":4.086658478,"Tdb_BME680":25.88,"RH_BME680":44.67,"P_BME680":100.91,"Alt_BME680":-1.59,"TVOC":131,"ECO2":705,"RCO2":497,"Tdb_scd30":29.41,"RH_scd30":37.37,"Lux":36.51119995,"PM1":13641.79,"PM25":10000,"PM10":13995.36,"Air":0.08}
{"epoch":1569339649,"battery":4.095637798,"Tdb_BME680":25.75,"RH_BME680":44.94,"P_BME680":100.91,"Alt_BME680":-1.42,"TVOC":133,"ECO2":707,"RCO2":486,"Tdb_scd30":29.54,"RH_scd30":37.12,"Lux":21.85919952,"PM1":13638.42,"PM25":10000,"PM10":13991.9,"Air":0.08}
{"epoch":1569339952,"battery":4.088903427,"Tdb_BME680":25.74,"RH_BME680":44.91,"P_BME680":100.91,"Alt_BME680":-1.92,"TVOC":135,"ECO2":731,"RCO2":469,"Tdb_scd30":29.7,"RH_scd30":37.09,"Lux":41.34960175,"PM1":13681.86,"PM25":10000,"PM10":14036.46,"Air":0.09}
{"epoch":1569340254,"battery":4.096759796,"Tdb_BME680":25.76,"RH_BME680":45,"P_BME680":100.92,"Alt_BME680":-2.76,"TVOC":140,"ECO2":726,"RCO2":477,"Tdb_scd30":29.6,"RH_scd30":37.33,"Lux":43.69680023,"PM1":13620.58,"PM25":10000,"PM10":13973.6,"Air":0.06}
{"epoch":1569340558,"battery":4.096759796,"Tdb_BME680":25.78,"RH_BME680":44.79,"P_BME680":100.93,"Alt_BME680":-3.43,"TVOC":124,"ECO2":705,"RCO2":494,"Tdb_scd30":29.13,"RH_scd30":37.79,"Lux":25.81920052,"PM1":13644.96,"PM25":10000,"PM10":13998.61,"Air":0.14}
{"epoch":1569340856,"battery":4.102372169,"Tdb_BME680":25.74,"RH_BME680":44.89,"P_BME680":100.93,"Alt_BME680":-3.09,"TVOC":135,"ECO2":715,"RCO2":483,"Tdb_scd30":29.6,"RH_scd30":37.28,"Lux":46.48320007,"PM1":13653.07,"PM25":10000,"PM10":14006.94,"Air":0.06}
{"epoch":1569341163,"battery":4.088903427,"Tdb_BME680":25.7,"RH_BME680":44.95,"P_BME680":100.91,"Alt_BME680":-1.59,"TVOC":133,"ECO2":709,"RCO2":521,"Tdb_scd30":29.13,"RH_scd30":37.87,"Lux":32.06880188,"PM1":13637.86,"PM25":10000,"PM10":13991.32,"Air":0.1}
{"epoch":1569341463,"battery":4.099004745,"Tdb_BME680":25.9,"RH_BME680":44.48,"P_BME680":100.91,"Alt_BME680":-1.59,"TVOC":139,"ECO2":729,"RCO2":495,"Tdb_scd30":29.8,"RH_scd30":36.87,"Lux":33.17760086,"PM1":13618.85,"PM25":10000,"PM10":13971.83,"Air":0.25}
{"epoch":1569341764,"battery":4.085536003,"Tdb_BME680":25.87,"RH_BME680":44.46,"P_BME680":100.92,"Alt_BME680":-2.09,"TVOC":139,"ECO2":735,"RCO2":503,"Tdb_scd30":29.56,"RH_scd30":37.13,"Lux":34.98479843,"PM1":13626.58,"PM25":10000,"PM10":13979.75,"Air":0.07}
{"epoch":1569342062,"battery":4.092270374,"Tdb_BME680":25.89,"RH_BME680":44.74,"P_BME680":100.92,"Alt_BME680":-2.76,"TVOC":134,"ECO2":740,"RCO2":497,"Tdb_scd30":29.44,"RH_scd30":37.3,"Lux":29.4192009,"PM1":13602.94,"PM25":10000,"PM10":13955.51,"Air":0.13}
{"epoch":1569342067,"battery":4.092270374,"Tdb_BME680":25.88,"RH_BME680":44.66,"P_BME680":100.92,"Alt_BME680":-2.93,"TVOC":139,"ECO2":738,"RCO2":500,"Tdb_scd30":29.5,"RH_scd30":37.34,"Lux":29.46240044,"PM1":13603.95,"PM25":10000,"PM10":13956.54,"Air":0.07}
{"epoch":1569342376,"battery":4.088903427,"Tdb_BME680":25.81,"RH_BME680":44.75,"P_BME680":100.92,"Alt_BME680":-2.26,"TVOC":146,"ECO2":746,"RCO2":505,"Tdb_scd30":29.58,"RH_scd30":37.23,"Lux":45.05039978,"PM1":13658.17,"PM25":10000,"PM10":14012.16,"Air":0.1}
{"epoch":1569342382,"battery":4.088903427,"Tdb_BME680":25.81,"RH_BME680":44.84,"P_BME680":100.92,"Alt_BME680":-2.09,"TVOC":147,"ECO2":750,"RCO2":503,"Tdb_scd30":29.64,"RH_scd30":37.17,"Lux":45.31679916,"PM1":13656.64,"PM25":10000,"PM10":14010.59,"Air":0.05}
{"epoch":1569342387,"battery":4.088903427,"Tdb_BME680":25.81,"RH_BME680":44.77,"P_BME680":100.92,"Alt_BME680":-2.09,"TVOC":160,"ECO2":759,"RCO2":499,"Tdb_scd30":29.65,"RH_scd30":37.17,"Lux":45.56880188,"PM1":13654.96,"PM25":10000,"PM10":14008.87,"Air":0.03}
{"epoch":1569342402,"battery":4.088903427,"Tdb_BME680":25.81,"RH_BME680":44.73,"P_BME680":100.92,"Alt_BME680":-2.09,"TVOC":149,"ECO2":764,"RCO2":501,"Tdb_scd30":29.72,"RH_scd30":37.03,"Lux":46.61999893,"PM1":13654.14,"PM25":10000,"PM10":14008.03,"Air":0.07}
{"epoch":1569342407,"battery":4.088903427,"Tdb_BME680":25.82,"RH_BME680":44.84,"P_BME680":100.92,"Alt_BME680":-1.92,"TVOC":147,"ECO2":751,"RCO2":502,"Tdb_scd30":29.68,"RH_scd30":37.01,"Lux":47.23199844,"PM1":13655.81,"PM25":10000,"PM10":14009.74,"Air":0.08}
{"epoch":1569342413,"battery":4.088903427,"Tdb_BME680":25.82,"RH_BME680":44.72,"P_BME680":100.91,"Alt_BME680":-1.92,"TVOC":141,"ECO2":748,"RCO2":506,"Tdb_scd30":29.68,"RH_scd30":37,"Lux":47.48400116,"PM1":13651.4,"PM25":10000,"PM10":14005.22,"Air":0.14}
{"epoch":1569342427,"battery":4.096759796,"Tdb_BME680":25.83,"RH_BME680":44.67,"P_BME680":100.91,"Alt_BME680":-1.76,"TVOC":146,"ECO2":742,"RCO2":500,"Tdb_scd30":29.71,"RH_scd30":36.85,"Lux":47.6711998,"PM1":13634.28,"PM25":10000,"PM10":13987.66,"Air":0.07}
{"epoch":1569342433,"battery":4.096759796,"Tdb_BME680":25.84,"RH_BME680":44.64,"P_BME680":100.91,"Alt_BME680":-1.76,"TVOC":145,"ECO2":744,"RCO2":540,"Tdb_scd30":29.53,"RH_scd30":36.97,"Lux":47.49119949,"PM1":13631.93,"PM25":10000,"PM10":13985.24,"Air":0.09}
{"epoch":1569342439,"battery":4.096759796,"Tdb_BME680":25.84,"RH_BME680":44.56,"P_BME680":100.91,"Alt_BME680":-1.59,"TVOC":141,"ECO2":731,"RCO2":582,"Tdb_scd30":29.53,"RH_scd30":37.13,"Lux":47.99520111,"PM1":13637.06,"PM25":10000,"PM10":13990.5,"Air":0.06}
{"epoch":1569342444,"battery":4.096759796,"Tdb_BME680":25.84,"RH_BME680":44.53,"P_BME680":100.91,"Alt_BME680":-1.76,"TVOC":133,"ECO2":740,"RCO2":542,"Tdb_scd30":29.6,"RH_scd30":37.05,"Lux":48.02399826,"PM1":13642.8,"PM25":10000,"PM10":13996.39,"Air":0.13}
{"epoch":1569342450,"battery":4.096759796,"Tdb_BME680":25.86,"RH_BME680":44.53,"P_BME680":100.91,"Alt_BME680":-1.92,"TVOC":141,"ECO2":748,"RCO2":519,"Tdb_scd30":29.57,"RH_scd30":36.95,"Lux":48.03120041,"PM1":13649.27,"PM25":10000,"PM10":14003.03,"Air":0.2}
{"epoch":1569342455,"battery":4.096759796,"Tdb_BME680":25.87,"RH_BME680":44.47,"P_BME680":100.91,"Alt_BME680":-1.76,"TVOC":138,"ECO2":733,"RCO2":496,"Tdb_scd30":29.49,"RH_scd30":37.06,"Lux":47.90159988,"PM1":13652.19,"PM25":10000,"PM10":14006.03,"Air":0.1}
{"epoch":1569342475,"battery":4.096759796,"Tdb_BME680":25.88,"RH_BME680":44.43,"P_BME680":100.91,"Alt_BME680":-1.76,"TVOC":142,"ECO2":739,"RCO2":532,"Tdb_scd30":29.64,"RH_scd30":36.95,"Lux":43.00559998,"PM1":13668.7,"PM25":10000,"PM10":14022.97,"Air":0.08}
{"epoch":1569342481,"battery":4.096759796,"Tdb_BME680":25.89,"RH_BME680":44.61,"P_BME680":100.91,"Alt_BME680":-1.59,"TVOC":142,"ECO2":737,"RCO2":497,"Tdb_scd30":29.54,"RH_scd30":37,"Lux":43.20000076,"PM1":13667.36,"PM25":10000,"PM10":14021.59,"Air":0.24}
{"epoch":1569342486,"battery":4.096759796,"Tdb_BME680":25.88,"RH_BME680":44.51,"P_BME680":100.91,"Alt_BME680":-1.59,"TVOC":141,"ECO2":739,"RCO2":495,"Tdb_scd30":29.37,"RH_scd30":37.26,"Lux":44.15039825,"PM1":13660.22,"PM25":10000,"PM10":14014.27,"Air":0.13}
{"epoch":1569342492,"battery":4.087780952,"Tdb_BME680":25.88,"RH_BME680":44.49,"P_BME680":100.91,"Alt_BME680":-1.76,"TVOC":136,"ECO2":726,"RCO2":497,"Tdb_scd30":29.36,"RH_scd30":37.39,"Lux":44.33760071,"PM1":13652.06,"PM25":10000,"PM10":14005.9,"Air":0.07}
{"epoch":1569342497,"battery":4.087780952,"Tdb_BME680":25.87,"RH_BME680":44.51,"P_BME680":100.91,"Alt_BME680":-1.76,"TVOC":150,"ECO2":739,"RCO2":503,"Tdb_scd30":29.41,"RH_scd30":37.42,"Lux":44.4095993,"PM1":13651.52,"PM25":10000,"PM10":14005.34,"Air":0.07}
{"epoch":1569342503,"battery":4.087780952,"Tdb_BME680":25.86,"RH_BME680":44.55,"P_BME680":100.91,"Alt_BME680":-1.76,"TVOC":145,"ECO2":732,"RCO2":497,"Tdb_scd30":29.46,"RH_scd30":37.36,"Lux":45.70560074,"PM1":13659.18,"PM25":10000,"PM10":14013.2,"Air":0.05}
{"epoch":1569342517,"battery":4.087780952,"Tdb_BME680":25.85,"RH_BME680":44.58,"P_BME680":100.91,"Alt_BME680":-1.92,"TVOC":134,"ECO2":744,"RCO2":496,"Tdb_scd30":29.63,"RH_scd30":37.21,"Lux":44.61840057,"PM1":13670.88,"PM25":10000,"PM10":14025.2,"Air":0.05}
{"epoch":1569342522,"battery":4.087780952,"Tdb_BME680":25.85,"RH_BME680":44.74,"P_BME680":100.91,"Alt_BME680":-1.42,"TVOC":148,"ECO2":751,"RCO2":491,"Tdb_scd30":29.65,"RH_scd30":37.07,"Lux":45.0719986,"PM1":13663.01,"PM25":10000,"PM10":14017.13,"Air":0.05}
{"epoch":1569342528,"battery":4.087780952,"Tdb_BME680":25.84,"RH_BME680":44.64,"P_BME680":100.91,"Alt_BME680":-1.42,"TVOC":146,"ECO2":746,"RCO2":494,"Tdb_scd30":29.64,"RH_scd30":36.93,"Lux":46.38240051,"PM1":13654.01,"PM25":10000,"PM10":14007.9,"Air":0.05}
{"epoch":1569342534,"battery":4.087780952,"Tdb_BME680":25.84,"RH_BME680":44.56,"P_BME680":100.91,"Alt_BME680":-1.59,"TVOC":142,"ECO2":736,"RCO2":494,"Tdb_scd30":29.65,"RH_scd30":36.96,"Lux":48.37680054,"PM1":13647.45,"PM25":10000,"PM10":14001.17,"Air":0.04}
{"epoch":1569342539,"battery":4.087780952,"Tdb_BME680":25.84,"RH_BME680":44.56,"P_BME680":100.91,"Alt_BME680":-1.59,"TVOC":148,"ECO2":734,"RCO2":492,"Tdb_scd30":29.57,"RH_scd30":37.04,"Lux":48.11759949,"PM1":13649.17,"PM25":10000,"PM10":14002.93,"Air":0.1}
{"epoch":1569342545,"battery":4.087780952,"Tdb_BME680":25.83,"RH_BME680":44.59,"P_BME680":100.91,"Alt_BME680":-1.59,"TVOC":149,"ECO2":730,"RCO2":496,"Tdb_scd30":29.6,"RH_scd30":37.08,"Lux":48.49919891,"PM1":13653.37,"PM25":10000,"PM10":14007.24,"Air":0.1}
{"epoch":1569342550,"battery":4.103494167,"Tdb_BME680":25.83,"RH_BME680":44.61,"P_BME680":100.91,"Alt_BME680":-1.42,"TVOC":149,"ECO2":747,"RCO2":493,"Tdb_scd30":29.64,"RH_scd30":37.05,"Lux":48.86640167,"PM1":13661.42,"PM25":10000,"PM10":14015.5,"Air":0.07}
{"epoch":1569342556,"battery":4.103494167,"Tdb_BME680":25.84,"RH_BME680":44.59,"P_BME680":100.91,"Alt_BME680":-1.59,"TVOC":144,"ECO2":729,"RCO2":493,"Tdb_scd30":29.64,"RH_scd30":36.85,"Lux":50.04719925,"PM1":13655.65,"PM25":10000,"PM10":14009.57,"Air":0.12}
{"epoch":1569342562,"battery":4.103494167,"Tdb_BME680":25.85,"RH_BME680":44.51,"P_BME680":100.91,"Alt_BME680":-1.59,"TVOC":144,"ECO2":728,"RCO2":488,"Tdb_scd30":29.67,"RH_scd30":36.78,"Lux":49.55759811,"PM1":13649.61,"PM25":10000,"PM10":14003.39,"Air":0.04}
{"epoch":1569342572,"battery":4.103494167,"Tdb_BME680":25.87,"RH_BME680":44.42,"P_BME680":100.91,"Alt_BME680":-1.42,"TVOC":135,"ECO2":737,"RCO2":491,"Tdb_scd30":29.58,"RH_scd30":36.82,"Lux":39.47040176,"PM1":13644.21,"PM25":10000,"PM10":13997.84,"Air":0.07}
{"epoch":1569342578,"battery":4.103494167,"Tdb_BME680":25.88,"RH_BME680":44.45,"P_BME680":100.91,"Alt_BME680":-1.42,"TVOC":127,"ECO2":723,"RCO2":503,"Tdb_scd30":29.64,"RH_scd30":36.9,"Lux":42.24959946,"PM1":13641.6,"PM25":10000,"PM10":13995.16,"Air":0.06}
{"epoch":1569342583,"battery":4.103494167,"Tdb_BME680":25.89,"RH_BME680":44.37,"P_BME680":100.91,"Alt_BME680":-1.42,"TVOC":129,"ECO2":742,"RCO2":484,"Tdb_scd30":29.64,"RH_scd30":36.93,"Lux":42.2928009,"PM1":13648.2,"PM25":10000,"PM10":14001.93,"Air":0.04}
{"epoch":1569342589,"battery":4.103494167,"Tdb_BME680":25.9,"RH_BME680":44.34,"P_BME680":100.91,"Alt_BME680":-1.59,"TVOC":135,"ECO2":748,"RCO2":481,"Tdb_scd30":29.7,"RH_scd30":36.93,"Lux":44.76959991,"PM1":13648.46,"PM25":10000,"PM10":14002.2,"Air":0.04}
{"epoch":1569342595,"battery":4.103494167,"Tdb_BME680":25.91,"RH_BME680":44.32,"P_BME680":100.91,"Alt_BME680":-1.59,"TVOC":127,"ECO2":749,"RCO2":469,"Tdb_scd30":29.6,"RH_scd30":36.87,"Lux":49.14720154,"PM1":13646.01,"PM25":10000,"PM10":13999.69,"Air":0.14}
{"epoch":1569342600,"battery":4.103494167,"Tdb_BME680":25.91,"RH_BME680":44.29,"P_BME680":100.91,"Alt_BME680":-1.59,"TVOC":134,"ECO2":737,"RCO2":490,"Tdb_scd30":29.36,"RH_scd30":37.18,"Lux":50.69520187,"PM1":13646.18,"PM25":10000,"PM10":13999.86,"Air":0.08}
{"epoch":1569342611,"battery":4.081046581,"Tdb_BME680":25.91,"RH_BME680":44.3,"P_BME680":100.91,"Alt_BME680":-1.59,"TVOC":131,"ECO2":724,"RCO2":530,"Tdb_scd30":29.57,"RH_scd30":37.13,"Lux":53.20800018,"PM1":13643.27,"PM25":10000,"PM10":13996.88,"Air":0.08}
{"epoch":1569342617,"battery":4.081046581,"Tdb_BME680":25.9,"RH_BME680":44.47,"P_BME680":100.91,"Alt_BME680":-1.59,"TVOC":135,"ECO2":742,"RCO2":479,"Tdb_scd30":29.6,"RH_scd30":37.08,"Lux":53.2655983,"PM1":13653.65,"PM25":10000,"PM10":14007.53,"Air":0.06}
{"epoch":1569342622,"battery":4.081046581,"Tdb_BME680":25.9,"RH_BME680":44.45,"P_BME680":100.91,"Alt_BME680":-1.59,"TVOC":151,"ECO2":750,"RCO2":478,"Tdb_scd30":29.65,"RH_scd30":37.03,"Lux":53.58240128,"PM1":13661.86,"PM25":10000,"PM10":14015.95,"Air":0.12}
{"epoch":1569342628,"battery":4.081046581,"Tdb_BME680":25.89,"RH_BME680":44.44,"P_BME680":100.91,"Alt_BME680":-1.59,"TVOC":145,"ECO2":746,"RCO2":482,"Tdb_scd30":29.7,"RH_scd30":36.94,"Lux":53.24399948,"PM1":13661.74,"PM25":10000,"PM10":14015.82,"Air":0.05}
{"epoch":1569342634,"battery":4.081046581,"Tdb_BME680":25.9,"RH_BME680":44.41,"P_BME680":100.91,"Alt_BME680":-1.59,"TVOC":142,"ECO2":746,"RCO2":486,"Tdb_scd30":29.72,"RH_scd30":36.92,"Lux":50.25600052,"PM1":13661.72,"PM25":10000,"PM10":14015.8,"Air":0.03}
{"epoch":1569342639,"battery":4.081046581,"Tdb_BME680":25.9,"RH_BME680":44.43,"P_BME680":100.91,"Alt_BME680":-1.42,"TVOC":153,"ECO2":750,"RCO2":485,"Tdb_scd30":29.7,"RH_scd30":36.9,"Lux":46.23120117,"PM1":13659.82,"PM25":10000,"PM10":14013.85,"Air":0.04}
{"epoch":1569342650,"battery":4.081046581,"Tdb_BME680":25.9,"RH_BME680":44.46,"P_BME680":100.91,"Alt_BME680":-1.59,"TVOC":158,"ECO2":775,"RCO2":489,"Tdb_scd30":29.65,"RH_scd30":36.95,"Lux":45.20880127,"PM1":13650.2,"PM25":10000,"PM10":14003.99,"Air":0.08}
{"epoch":1569342954,"battery":4.090025425,"Tdb_BME680":25.86,"RH_BME680":44.6,"P_BME680":100.9,"Alt_BME680":-1.09,"TVOC":162,"ECO2":765,"RCO2":502,"Tdb_scd30":29.7,"RH_scd30":37.01,"Lux":28.28160095,"PM1":13672.95,"PM25":10000,"PM10":14027.32,"Air":0.07}
{"epoch":1569343256,"battery":4.093392849,"Tdb_BME680":25.98,"RH_BME680":44.23,"P_BME680":100.9,"Alt_BME680":-1.09,"TVOC":155,"ECO2":747,"RCO2":509,"Tdb_scd30":29.4,"RH_scd30":37.36,"Lux":40.22639847,"PM1":13643.46,"PM25":10000,"PM10":13997.07,"Air":0.09}
{"epoch":1569343559,"battery":4.101249695,"Tdb_BME680":26.16,"RH_BME680":43.78,"P_BME680":100.91,"Alt_BME680":-1.25,"TVOC":145,"ECO2":745,"RCO2":509,"Tdb_scd30":29.8,"RH_scd30":36.57,"Lux":34.24319839,"PM1":13657.55,"PM25":10000,"PM10":14011.53,"Air":0.04}
{"epoch":1569343862,"battery":4.090025425,"Tdb_BME680":26.19,"RH_BME680":43.76,"P_BME680":100.9,"Alt_BME680":-0.42,"TVOC":165,"ECO2":791,"RCO2":496,"Tdb_scd30":30.12,"RH_scd30":36.2,"Lux":45.09360123,"PM1":13689.85,"PM25":10000,"PM10":14044.66,"Air":0.1}
{"epoch":1569344165,"battery":4.093392849,"Tdb_BME680":26.21,"RH_BME680":43.55,"P_BME680":100.89,"Alt_BME680":0.08,"TVOC":160,"ECO2":769,"RCO2":515,"Tdb_scd30":29.87,"RH_scd30":36.34,"Lux":32.91120148,"PM1":13732.33,"PM25":10000,"PM10":14088.24,"Air":0.02}
{"epoch":1569344458,"battery":4.086658478,"Tdb_BME680":26.45,"RH_BME680":43.06,"P_BME680":100.88,"Alt_BME680":1,"TVOC":156,"ECO2":755,"RCO2":532,"Tdb_scd30":30.05,"RH_scd30":36.09,"Lux":44.93519974,"PM1":13709.58,"PM25":10000,"PM10":14064.91,"Air":0.02}
{"epoch":1569344765,"battery":4.093392849,"Tdb_BME680":26.3,"RH_BME680":43.27,"P_BME680":100.88,"Alt_BME680":1.34,"TVOC":145,"ECO2":768,"RCO2":523,"Tdb_scd30":29.97,"RH_scd30":36.21,"Lux":51.1487999,"PM1":13745.42,"PM25":10000,"PM10":14101.68,"Air":0.04}
{"epoch":1569345074,"battery":4.085536003,"Tdb_BME680":26.27,"RH_BME680":43.43,"P_BME680":100.87,"Alt_BME680":1.84,"TVOC":149,"ECO2":756,"RCO2":541,"Tdb_scd30":30.02,"RH_scd30":36.14,"Lux":28.92959976,"PM1":13729.99,"PM25":10000,"PM10":14085.84,"Air":0.08}
{"epoch":1569345376,"battery":4.103494167,"Tdb_BME680":26.15,"RH_BME680":43.6,"P_BME680":100.87,"Alt_BME680":1.51,"TVOC":155,"ECO2":767,"RCO2":535,"Tdb_scd30":29.98,"RH_scd30":36.21,"Lux":39.00960159,"PM1":13710.84,"PM25":10000,"PM10":14066.2,"Air":0.04}
{"epoch":1569345680,"battery":4.101249695,"Tdb_BME680":25.97,"RH_BME680":43.95,"P_BME680":100.87,"Alt_BME680":2.01,"TVOC":153,"ECO2":779,"RCO2":555,"Tdb_scd30":29.53,"RH_scd30":36.9,"Lux":30.42000008,"PM1":13706.78,"PM25":10000,"PM10":14062.03,"Air":0.1}
{"epoch":1569345982,"battery":4.094515324,"Tdb_BME680":25.91,"RH_BME680":44.12,"P_BME680":100.88,"Alt_BME680":1,"TVOC":153,"ECO2":793,"RCO2":522,"Tdb_scd30":29.57,"RH_scd30":36.81,"Lux":27.01440048,"PM1":13681.72,"PM25":10000,"PM10":14036.33,"Air":0.12}
{"epoch":1569346286,"battery":4.088903427,"Tdb_BME680":25.94,"RH_BME680":44.02,"P_BME680":100.87,"Alt_BME680":1.84,"TVOC":161,"ECO2":797,"RCO2":533,"Tdb_scd30":29.56,"RH_scd30":36.77,"Lux":31.96080017,"PM1":13739.9,"PM25":10000,"PM10":14096.01,"Air":0.11}
{"epoch":1569346588,"battery":4.085536003,"Tdb_BME680":26.1,"RH_BME680":43.65,"P_BME680":100.86,"Alt_BME680":2.51,"TVOC":167,"ECO2":837,"RCO2":534,"Tdb_scd30":29.95,"RH_scd30":36.29,"Lux":54.2519989,"PM1":13747.09,"PM25":10000,"PM10":14103.39,"Air":0.07}
{"epoch":1569346891,"battery":4.090025425,"Tdb_BME680":26.01,"RH_BME680":43.77,"P_BME680":100.86,"Alt_BME680":3.01,"TVOC":161,"ECO2":816,"RCO2":539,"Tdb_scd30":29.65,"RH_scd30":36.71,"Lux":31.5720005,"PM1":13729.69,"PM25":10000,"PM10":14085.53,"Air":0.08}
{"epoch":1569347194,"battery":4.096759796,"Tdb_BME680":25.97,"RH_BME680":43.85,"P_BME680":100.85,"Alt_BME680":3.51,"TVOC":164,"ECO2":825,"RCO2":541,"Tdb_scd30":29.78,"RH_scd30":36.27,"Lux":39.33359909,"PM1":13734.07,"PM25":10000,"PM10":14090.03,"Air":0.16}
{"epoch":1569347497,"battery":4.095637798,"Tdb_BME680":25.94,"RH_BME680":43.94,"P_BME680":100.85,"Alt_BME680":3.18,"TVOC":165,"ECO2":824,"RCO2":547,"Tdb_scd30":29.56,"RH_scd30":36.78,"Lux":56.73600006,"PM1":13719.11,"PM25":10000,"PM10":14074.68,"Air":0.07}
{"epoch":1569347794,"battery":4.085536003,"Tdb_BME680":25.92,"RH_BME680":43.96,"P_BME680":100.85,"Alt_BME680":3.68,"TVOC":169,"ECO2":849,"RCO2":553,"Tdb_scd30":29.71,"RH_scd30":36.51,"Lux":31.57920074,"PM1":13746.4,"PM25":10000,"PM10":14102.68,"Air":0.04}
{"epoch":1569348099,"battery":4.103494167,"Tdb_BME680":26.12,"RH_BME680":43.46,"P_BME680":100.84,"Alt_BME680":4.18,"TVOC":166,"ECO2":855,"RCO2":558,"Tdb_scd30":29.98,"RH_scd30":35.96,"Lux":59.42879868,"PM1":13793.67,"PM25":10000,"PM10":14151.17,"Air":0.08}
