{"epoch":1567296025,"battery":3.765651941,"Tdb_BME680":26.5,"RH_BME680":47.69,"P_BME680":102.43,"Alt_BME680":-128.14,"TVOC":246,"ECO2":458,"RCO2":1714,"Tdb_scd30":27.84,"RH_scd30":46.86,"Lux":0.640799999,"PM1":1.8,"PM25":1.83,"PM10":1.86,"Air":88.13}
{"epoch":1567296087,"battery":3.771264076,"Tdb_BME680":26.21,"RH_BME680":47.16,"P_BME680":102.43,"Alt_BME680":-128.31,"TVOC":237,"ECO2":400,"RCO2":1738,"Tdb_scd30":27.53,"RH_scd30":46.64,"Lux":0.640799999,"PM1":2.22,"PM25":2.27,"PM10":2.3,"Air":83.79}
{"epoch":1567296149,"battery":3.843097687,"Tdb_BME680":26.23,"RH_BME680":47.2,"P_BME680":102.43,"Alt_BME680":-128.14,"TVOC":255,"ECO2":442,"RCO2":1746,"Tdb_scd30":27.97,"RH_scd30":45.85,"Lux":0.648000002,"PM1":2.16,"PM25":2.21,"PM10":2.24,"Air":87.36}
{"epoch":1567296210,"battery":3.76340723,"Tdb_BME680":26.48,"RH_BME680":46.81,"P_BME680":102.44,"Alt_BME680":-128.48,"TVOC":240,"ECO2":422,"RCO2":1699,"Tdb_scd30":28.24,"RH_scd30":45.5,"Lux":0.648000002,"PM1":2.35,"PM25":2.4,"PM10":2.44,"Air":89.76}
{"epoch":1567296272,"battery":3.747693539,"Tdb_BME680":26.68,"RH_BME680":48,"P_BME680":102.44,"Alt_BME680":-128.48,"TVOC":244,"ECO2":427,"RCO2":1688,"Tdb_scd30":28.28,"RH_scd30":47.18,"Lux":0.648000002,"PM1":2.06,"PM25":2.1,"PM10":2.14,"Air":89.97}
{"epoch":1567296334,"battery":4.086658478,"Tdb_BME680":26.65,"RH_BME680":48.1,"P_BME680":102.44,"Alt_BME680":-128.81,"TVOC":227,"ECO2":438,"RCO2":1661,"Tdb_scd30":28.07,"RH_scd30":47.19,"Lux":0.655200005,"PM1":2.31,"PM25":2.36,"PM10":2.4,"Air":89.97}
{"epoch":1567296395,"battery":3.771264076,"Tdb_BME680":26.32,"RH_BME680":47.47,"P_BME680":102.44,"Alt_BME680":-128.48,"TVOC":212,"ECO2":400,"RCO2":1659,"Tdb_scd30":27.64,"RH_scd30":46.68,"Lux":0.655200005,"PM1":2.45,"PM25":2.5,"PM10":2.54,"Air":85.84}
{"epoch":1567296457,"battery":3.753305674,"Tdb_BME680":26.07,"RH_BME680":47.45,"P_BME680":102.43,"Alt_BME680":-128.48,"TVOC":203,"ECO2":400,"RCO2":1663,"Tdb_scd30":27.73,"RH_scd30":46.27,"Lux":0.648000002,"PM1":2.17,"PM25":2.21,"PM10":2.25,"Air":85.84}
{"epoch":1567296519,"battery":4.201143265,"Tdb_BME680":26.29,"RH_BME680":47.08,"P_BME680":102.43,"Alt_BME680":-128.31,"TVOC":223,"ECO2":400,"RCO2":1674,"Tdb_scd30":28.21,"RH_scd30":45.53,"Lux":0.648000002,"PM1":2.4,"PM25":2.45,"PM10":2.49,"Air":89.47}
{"epoch":1567296581,"battery":3.76340723,"Tdb_BME680":26.52,"RH_BME680":46.67,"P_BME680":102.44,"Alt_BME680":-128.48,"TVOC":217,"ECO2":400,"RCO2":1659,"Tdb_scd30":28.48,"RH_scd30":45.01,"Lux":0.655200005,"PM1":2.36,"PM25":2.4,"PM10":2.44,"Air":91.05}
{"epoch":1567296642,"battery":3.739836693,"Tdb_BME680":26.65,"RH_BME680":47.99,"P_BME680":102.44,"Alt_BME680":-128.31,"TVOC":231,"ECO2":401,"RCO2":1634,"Tdb_scd30":28.72,"RH_scd30":46.06,"Lux":0.648000002,"PM1":2.2,"PM25":2.24,"PM10":2.28,"Air":91.05}
{"epoch":1567296704,"battery":3.766774416,"Tdb_BME680":26.83,"RH_BME680":47.57,"P_BME680":102.43,"Alt_BME680":-128.31,"TVOC":252,"ECO2":433,"RCO2":1629,"Tdb_scd30":28.79,"RH_scd30":45.88,"Lux":0.655200005,"PM1":2.22,"PM25":2.26,"PM10":2.3,"Air":92.65}
{"epoch":1567296766,"battery":3.896972895,"Tdb_BME680":27.02,"RH_BME680":47.38,"P_BME680":102.43,"Alt_BME680":-128.31,"TVOC":243,"ECO2":420,"RCO2":1627,"Tdb_scd30":29.05,"RH_scd30":46.19,"Lux":0.655200005,"PM1":1.97,"PM25":2.01,"PM10":2.04,"Air":92.65}
{"epoch":1567296827,"battery":3.743204117,"Tdb_BME680":27.03,"RH_BME680":48.31,"P_BME680":102.43,"Alt_BME680":-128.14,"TVOC":241,"ECO2":441,"RCO2":1616,"Tdb_scd30":29.1,"RH_scd30":46.42,"Lux":0.655200005,"PM1":1.88,"PM25":1.92,"PM10":1.95,"Air":90.76}
{"epoch":1567296889,"battery":3.75442791,"Tdb_BME680":27.13,"RH_BME680":47.96,"P_BME680":102.43,"Alt_BME680":-128.14,"TVOC":253,"ECO2":438,"RCO2":1610,"Tdb_scd30":29.2,"RH_scd30":46.06,"Lux":0.655200005,"PM1":1.81,"PM25":1.85,"PM10":1.88,"Air":93.47}
{"epoch":1567296951,"battery":4.096759796,"Tdb_BME680":27.25,"RH_BME680":48.02,"P_BME680":102.43,"Alt_BME680":-128.48,"TVOC":256,"ECO2":438,"RCO2":1607,"Tdb_scd30":29.33,"RH_scd30":46.42,"Lux":0.655200005,"PM1":2.7,"PM25":2.75,"PM10":2.8,"Air":93.99}
{"epoch":1567297013,"battery":3.739836693,"Tdb_BME680":27.16,"RH_BME680":48.95,"P_BME680":102.44,"Alt_BME680":-128.81,"TVOC":241,"ECO2":445,"RCO2":1596,"Tdb_scd30":28.76,"RH_scd30":47.62,"Lux":0.66960001,"PM1":1.91,"PM25":1.94,"PM10":1.97,"Air":92.65}
{"epoch":1567297074,"battery":3.743204117,"Tdb_BME680":26.83,"RH_BME680":48.28,"P_BME680":102.44,"Alt_BME680":-128.64,"TVOC":221,"ECO2":400,"RCO2":1582,"Tdb_scd30":28.21,"RH_scd30":47.07,"Lux":0.662400007,"PM1":2.09,"PM25":2.13,"PM10":2.17,"Air":89.47}
{"epoch":1567297136,"battery":4.176450253,"Tdb_BME680":26.46,"RH_BME680":47.52,"P_BME680":102.44,"Alt_BME680":-128.64,"TVOC":213,"ECO2":400,"RCO2":1576,"Tdb_scd30":27.79,"RH_scd30":46.84,"Lux":0.662400007,"PM1":2.3,"PM25":2.34,"PM10":2.38,"Air":86.11}
{"epoch":1567297198,"battery":3.771264076,"Tdb_BME680":26.31,"RH_BME680":47.66,"P_BME680":102.44,"Alt_BME680":-128.64,"TVOC":216,"ECO2":400,"RCO2":1575,"Tdb_scd30":28.08,"RH_scd30":46.19,"Lux":0.662400007,"PM1":2.09,"PM25":2.13,"PM10":2.16,"Air":86.59}
{"epoch":1567297259,"battery":3.725245714,"Tdb_BME680":26.55,"RH_BME680":47.23,"P_BME680":102.44,"Alt_BME680":-128.81,"TVOC":233,"ECO2":400,"RCO2":1591,"Tdb_scd30":28.49,"RH_scd30":45.6,"Lux":0.655200005,"PM1":2.2,"PM25":2.25,"PM10":2.28,"Air":89.19}
{"epoch":1567297321,"battery":3.748816013,"Tdb_BME680":26.78,"RH_BME680":47.67,"P_BME680":102.44,"Alt_BME680":-128.81,"TVOC":241,"ECO2":400,"RCO2":1571,"Tdb_scd30":28.61,"RH_scd30":46.79,"Lux":0.662400007,"PM1":2.65,"PM25":2.7,"PM10":2.75,"Air":90.26}
{"epoch":1567297383,"battery":3.884626389,"Tdb_BME680":26.77,"RH_BME680":48.56,"P_BME680":102.44,"Alt_BME680":-128.64,"TVOC":232,"ECO2":400,"RCO2":1555,"Tdb_scd30":28.27,"RH_scd30":47.47,"Lux":0.662400007,"PM1":2.35,"PM25":2.4,"PM10":2.44,"Air":89.19}
{"epoch":1567297445,"battery":3.769019127,"Tdb_BME680":26.42,"RH_BME680":47.94,"P_BME680":102.44,"Alt_BME680":-129.14,"TVOC":204,"ECO2":400,"RCO2":1544,"Tdb_scd30":27.73,"RH_scd30":47.16,"Lux":0.66960001,"PM1":2.68,"PM25":2.74,"PM10":2.78,"Air":86.87}
{"epoch":1567297506,"battery":3.720756054,"Tdb_BME680":26.07,"RH_BME680":47.74,"P_BME680":102.44,"Alt_BME680":-129.14,"TVOC":184,"ECO2":400,"RCO2":1546,"Tdb_scd30":27.79,"RH_scd30":46.56,"Lux":0.66960001,"PM1":2.04,"PM25":2.08,"PM10":2.12,"Air":84.34}
{"epoch":1567297568,"battery":3.950848103,"Tdb_BME680":26.22,"RH_BME680":47.55,"P_BME680":102.45,"Alt_BME680":-129.14,"TVOC":213,"ECO2":400,"RCO2":1572,"Tdb_scd30":28.01,"RH_scd30":46.1,"Lux":0.626399994,"PM1":1.92,"PM25":1.95,"PM10":1.99,"Air":88.41}
{"epoch":1567297630,"battery":3.766774416,"Tdb_BME680":26.49,"RH_BME680":47.42,"P_BME680":102.45,"Alt_BME680":-129.3,"TVOC":203,"ECO2":400,"RCO2":1572,"Tdb_scd30":28.24,"RH_scd30":46.39,"Lux":0.662400007,"PM1":2.42,"PM25":2.47,"PM10":2.51,"Air":88.9}
{"epoch":1567297691,"battery":3.756672859,"Tdb_BME680":26.69,"RH_BME680":48.75,"P_BME680":102.44,"Alt_BME680":-129.3,"TVOC":171,"ECO2":400,"RCO2":1497,"Tdb_scd30":28.17,"RH_scd30":47.79,"Lux":0.662400007,"PM1":2.08,"PM25":2.12,"PM10":2.15,"Air":88.41}
{"epoch":1567297753,"battery":4.109106541,"Tdb_BME680":26.47,"RH_BME680":47.95,"P_BME680":102.45,"Alt_BME680":-129.3,"TVOC":150,"ECO2":400,"RCO2":1480,"Tdb_scd30":27.59,"RH_scd30":47.56,"Lux":0.662400007,"PM1":2.69,"PM25":2.74,"PM10":2.78,"Air":86.59}
{"epoch":1567297815,"battery":3.762284756,"Tdb_BME680":26.07,"RH_BME680":47.57,"P_BME680":102.45,"Alt_BME680":-129.3,"TVOC":133,"ECO2":400,"RCO2":1476,"Tdb_scd30":27.26,"RH_scd30":47.1,"Lux":0.66960001,"PM1":2.54,"PM25":2.59,"PM10":2.64,"Air":84.62}
{"epoch":1567297877,"battery":3.752183199,"Tdb_BME680":26.08,"RH_BME680":47.58,"P_BME680":102.45,"Alt_BME680":-129.8,"TVOC":156,"ECO2":400,"RCO2":1498,"Tdb_scd30":27.8,"RH_scd30":46.34,"Lux":0.662400007,"PM1":2.39,"PM25":2.44,"PM10":2.48,"Air":84.81}
{"epoch":1567297938,"battery":3.815037489,"Tdb_BME680":26.31,"RH_BME680":47.24,"P_BME680":102.45,"Alt_BME680":-129.8,"TVOC":176,"ECO2":400,"RCO2":1509,"Tdb_scd30":28.24,"RH_scd30":45.75,"Lux":0.662400007,"PM1":2.46,"PM25":2.5,"PM10":2.54,"Air":88.9}
{"epoch":1567298000,"battery":3.777998447,"Tdb_BME680":26.52,"RH_BME680":48.39,"P_BME680":102.46,"Alt_BME680":-130.04,"TVOC":171,"ECO2":400,"RCO2":1503,"Tdb_scd30":28.39,"RH_scd30":47.22,"Lux":0.662400007,"PM1":2.37,"PM25":2.41,"PM10":2.46,"Air":91.27}
{"epoch":1567298062,"battery":3.727490425,"Tdb_BME680":26.64,"RH_BME680":48.13,"P_BME680":102.46,"Alt_BME680":-130.37,"TVOC":192,"ECO2":400,"RCO2":1490,"Tdb_scd30":28.65,"RH_scd30":46.43,"Lux":0.662400007,"PM1":2.35,"PM25":2.4,"PM10":2.44,"Air":90.76}
{"epoch":1567298123,"battery":4.075434208,"Tdb_BME680":26.82,"RH_BME680":47.75,"P_BME680":102.46,"Alt_BME680":-130.04,"TVOC":214,"ECO2":400,"RCO2":1484,"Tdb_scd30":28.79,"RH_scd30":46.1,"Lux":0.662400007,"PM1":2.53,"PM25":2.58,"PM10":2.62,"Air":91.05}
{"epoch":1567298185,"battery":3.742081642,"Tdb_BME680":26.94,"RH_BME680":48.73,"P_BME680":102.46,"Alt_BME680":-130.21,"TVOC":200,"ECO2":400,"RCO2":1485,"Tdb_scd30":28.89,"RH_scd30":47.2,"Lux":0.655200005,"PM1":2.31,"PM25":2.36,"PM10":2.39,"Air":89.4}
{"epoch":1567298247,"battery":3.736469507,"Tdb_BME680":27.01,"RH_BME680":48.51,"P_BME680":102.46,"Alt_BME680":-130.04,"TVOC":203,"ECO2":400,"RCO2":1480,"Tdb_scd30":29.09,"RH_scd30":46.52,"Lux":0.662400007,"PM1":2.61,"PM25":2.66,"PM10":2.7,"Air":92.36}
{"epoch":1567298309,"battery":4.296547413,"Tdb_BME680":27.14,"RH_BME680":48.19,"P_BME680":102.46,"Alt_BME680":-130.37,"TVOC":222,"ECO2":400,"RCO2":1478,"Tdb_scd30":29.26,"RH_scd30":46.24,"Lux":0.676800013,"PM1":2.19,"PM25":2.23,"PM10":2.27,"Air":93.17}
{"epoch":1567298370,"battery":3.762284756,"Tdb_BME680":27.19,"RH_BME680":49.17,"P_BME680":102.46,"Alt_BME680":-130.37,"TVOC":216,"ECO2":400,"RCO2":1475,"Tdb_scd30":29.22,"RH_scd30":47.23,"Lux":0.662400007,"PM1":2.35,"PM25":2.39,"PM10":2.43,"Air":93.76}
{"epoch":1567298432,"battery":3.735347271,"Tdb_BME680":26.97,"RH_BME680":48.93,"P_BME680":102.46,"Alt_BME680":-130.54,"TVOC":195,"ECO2":400,"RCO2":1451,"Tdb_scd30":28.49,"RH_scd30":47.72,"Lux":0.66960001,"PM1":1.94,"PM25":1.98,"PM10":2.01,"Air":91.05}
{"epoch":1567298494,"battery":3.764529705,"Tdb_BME680":26.59,"RH_BME680":48.29,"P_BME680":102.47,"Alt_BME680":-130.71,"TVOC":181,"ECO2":400,"RCO2":1465,"Tdb_scd30":27.99,"RH_scd30":47.22,"Lux":0.66960001,"PM1":2.19,"PM25":2.23,"PM10":2.27,"Air":86.11}
{"epoch":1567298555,"battery":3.821772099,"Tdb_BME680":26.25,"RH_BME680":48.01,"P_BME680":102.46,"Alt_BME680":-130.71,"TVOC":168,"ECO2":400,"RCO2":1482,"Tdb_scd30":27.88,"RH_scd30":46.85,"Lux":0.66960001,"PM1":2.26,"PM25":2.3,"PM10":2.34,"Air":86.87}
{"epoch":1567298617,"battery":3.739836693,"Tdb_BME680":26.37,"RH_BME680":47.85,"P_BME680":102.46,"Alt_BME680":-130.71,"TVOC":195,"ECO2":400,"RCO2":1474,"Tdb_scd30":28.21,"RH_scd30":46.34,"Lux":0.66960001,"PM1":2.28,"PM25":2.33,"PM10":2.36,"Air":87.85}
{"epoch":1567298679,"battery":3.752183199,"Tdb_BME680":26.56,"RH_BME680":47.51,"P_BME680":102.47,"Alt_BME680":-130.87,"TVOC":198,"ECO2":400,"RCO2":1460,"Tdb_scd30":28.61,"RH_scd30":45.68,"Lux":0.66960001,"PM1":2.51,"PM25":2.55,"PM10":2.6,"Air":89.97}
{"epoch":1567298741,"battery":4.069822311,"Tdb_BME680":26.71,"RH_BME680":48.96,"P_BME680":102.47,"Alt_BME680":-131.04,"TVOC":207,"ECO2":400,"RCO2":1461,"Tdb_scd30":28.75,"RH_scd30":47.06,"Lux":0.662400007,"PM1":2.57,"PM25":2.62,"PM10":2.66,"Air":91.05}
{"epoch":1567298802,"battery":3.742081642,"Tdb_BME680":26.85,"RH_BME680":48.53,"P_BME680":102.47,"Alt_BME680":-130.87,"TVOC":209,"ECO2":400,"RCO2":1453,"Tdb_scd30":29,"RH_scd30":46.31,"Lux":0.662400007,"PM1":2.3,"PM25":2.34,"PM10":2.38,"Air":90.98}
{"epoch":1567298864,"battery":3.75891757,"Tdb_BME680":27.03,"RH_BME680":48.07,"P_BME680":102.47,"Alt_BME680":-130.71,"TVOC":239,"ECO2":400,"RCO2":1455,"Tdb_scd30":29.03,"RH_scd30":46.25,"Lux":0.662400007,"PM1":2.04,"PM25":2.08,"PM10":2.12,"Air":91.85}
{"epoch":1567298926,"battery":4.247161388,"Tdb_BME680":27.08,"RH_BME680":49.15,"P_BME680":102.47,"Alt_BME680":-131.2,"TVOC":209,"ECO2":400,"RCO2":1456,"Tdb_scd30":29.06,"RH_scd30":47.21,"Lux":0.655200005,"PM1":2.63,"PM25":2.68,"PM10":2.73,"Air":89.4}
{"epoch":1567298987,"battery":3.748816013,"Tdb_BME680":27.15,"RH_BME680":48.82,"P_BME680":102.47,"Alt_BME680":-131.2,"TVOC":223,"ECO2":400,"RCO2":1454,"Tdb_scd30":29.44,"RH_scd30":46.46,"Lux":0.66960001,"PM1":1.87,"PM25":1.91,"PM10":1.94,"Air":92.88}
{"epoch":1567299049,"battery":3.738714457,"Tdb_BME680":27.28,"RH_BME680":48.53,"P_BME680":102.47,"Alt_BME680":-131.53,"TVOC":251,"ECO2":400,"RCO2":1449,"Tdb_scd30":29.5,"RH_scd30":46.34,"Lux":0.662400007,"PM1":2.17,"PM25":2.21,"PM10":2.25,"Air":93.76}
{"epoch":1567299111,"battery":3.72636795,"Tdb_BME680":27.27,"RH_BME680":49.94,"P_BME680":102.48,"Alt_BME680":-131.7,"TVOC":226,"ECO2":400,"RCO2":1430,"Tdb_scd30":28.95,"RH_scd30":48.44,"Lux":0.66960001,"PM1":2.61,"PM25":2.66,"PM10":2.71,"Air":92.65}
{"epoch":1567299173,"battery":3.934011936,"Tdb_BME680":26.92,"RH_BME680":49.19,"P_BME680":102.47,"Alt_BME680":-131.7,"TVOC":207,"ECO2":400,"RCO2":1423,"Tdb_scd30":28.32,"RH_scd30":48.1,"Lux":0.662400007,"PM1":2.03,"PM25":2.07,"PM10":2.1,"Air":91.05}
{"epoch":1567299234,"battery":3.751060724,"Tdb_BME680":26.48,"RH_BME680":48.66,"P_BME680":102.48,"Alt_BME680":-131.86,"TVOC":181,"ECO2":400,"RCO2":1421,"Tdb_scd30":27.77,"RH_scd30":47.91,"Lux":0.655200005,"PM1":2.3,"PM25":2.35,"PM10":2.38,"Air":86.39}
{"epoch":1567299296,"battery":3.720756054,"Tdb_BME680":26.16,"RH_BME680":48.53,"P_BME680":102.48,"Alt_BME680":-132.19,"TVOC":179,"ECO2":400,"RCO2":1452,"Tdb_scd30":27.71,"RH_scd30":47.77,"Lux":0.66960001,"PM1":2.25,"PM25":2.29,"PM10":2.33,"Air":81.79}
{"epoch":1567299358,"battery":4.006968021,"Tdb_BME680":26.33,"RH_BME680":48.22,"P_BME680":102.48,"Alt_BME680":-132.19,"TVOC":204,"ECO2":400,"RCO2":1484,"Tdb_scd30":28.31,"RH_scd30":46.53,"Lux":0.66960001,"PM1":2.03,"PM25":2.07,"PM10":2.11,"Air":87.92}
{"epoch":1567299419,"battery":3.76340723,"Tdb_BME680":26.58,"RH_BME680":47.82,"P_BME680":102.48,"Alt_BME680":-132.03,"TVOC":206,"ECO2":400,"RCO2":1462,"Tdb_scd30":28.65,"RH_scd30":45.98,"Lux":0.66960001,"PM1":2.33,"PM25":2.38,"PM10":2.42,"Air":89.47}
{"epoch":1567299481,"battery":3.736469507,"Tdb_BME680":26.71,"RH_BME680":49.64,"P_BME680":102.48,"Alt_BME680":-132.03,"TVOC":203,"ECO2":400,"RCO2":1440,"Tdb_scd30":28.25,"RH_scd30":48.69,"Lux":0.648000002,"PM1":2.27,"PM25":2.32,"PM10":2.36,"Air":87.08}
{"epoch":1567299543,"battery":4.195531368,"Tdb_BME680":26.47,"RH_BME680":48.92,"P_BME680":102.48,"Alt_BME680":-132.03,"TVOC":181,"ECO2":400,"RCO2":1415,"Tdb_scd30":27.73,"RH_scd30":48.16,"Lux":0.662400007,"PM1":2.09,"PM25":2.13,"PM10":2.17,"Air":86.32}
{"epoch":1567299605,"battery":3.755550385,"Tdb_BME680":26.14,"RH_BME680":48.38,"P_BME680":102.48,"Alt_BME680":-132.19,"TVOC":163,"ECO2":400,"RCO2":1434,"Tdb_scd30":27.47,"RH_scd30":47.86,"Lux":0.676800013,"PM1":2.06,"PM25":2.1,"PM10":2.13,"Air":80.89}
{"epoch":1567299666,"battery":3.75442791,"Tdb_BME680":26.19,"RH_BME680":48.44,"P_BME680":102.48,"Alt_BME680":-132.19,"TVOC":190,"ECO2":400,"RCO2":1470,"Tdb_scd30":27.93,"RH_scd30":47.35,"Lux":0.662400007,"PM1":1.9,"PM25":1.94,"PM10":1.97,"Air":87.85}
{"epoch":1567299728,"battery":3.748816013,"Tdb_BME680":26.43,"RH_BME680":48.04,"P_BME680":102.48,"Alt_BME680":-131.86,"TVOC":208,"ECO2":400,"RCO2":1436,"Tdb_scd30":28.32,"RH_scd30":46.51,"Lux":0.662400007,"PM1":2.23,"PM25":2.27,"PM10":2.31,"Air":87.85}
{"epoch":1567299790,"battery":3.866667986,"Tdb_BME680":26.61,"RH_BME680":49.45,"P_BME680":102.48,"Alt_BME680":-131.86,"TVOC":204,"ECO2":400,"RCO2":1434,"Tdb_scd30":28.27,"RH_scd30":48.81,"Lux":0.662400007,"PM1":2.38,"PM25":2.43,"PM10":2.47,"Air":89.19}
{"epoch":1567299851,"battery":3.751060724,"Tdb_BME680":26.47,"RH_BME680":49.1,"P_BME680":102.48,"Alt_BME680":-132.03,"TVOC":179,"ECO2":400,"RCO2":1429,"Tdb_scd30":27.83,"RH_scd30":48.29,"Lux":0.676800013,"PM1":2.5,"PM25":2.55,"PM10":2.59,"Air":87.08}
{"epoch":1567299913,"battery":3.735347271,"Tdb_BME680":26.08,"RH_BME680":48.64,"P_BME680":102.48,"Alt_BME680":-132.52,"TVOC":156,"ECO2":400,"RCO2":1406,"Tdb_scd30":27.33,"RH_scd30":47.92,"Lux":0.662400007,"PM1":1.85,"PM25":1.89,"PM10":1.92,"Air":84.34}
{"epoch":1567299975,"battery":3.962071896,"Tdb_BME680":26,"RH_BME680":48.74,"P_BME680":102.48,"Alt_BME680":-132.19,"TVOC":184,"ECO2":400,"RCO2":1412,"Tdb_scd30":27.73,"RH_scd30":47.38,"Lux":0.655200005,"PM1":1.99,"PM25":2.02,"PM10":2.06,"Air":82.06}
{"epoch":1567300037,"battery":3.760040045,"Tdb_BME680":26.29,"RH_BME680":48.21,"P_BME680":102.48,"Alt_BME680":-132.19,"TVOC":192,"ECO2":400,"RCO2":1424,"Tdb_scd30":28.23,"RH_scd30":46.57,"Lux":0.684000015,"PM1":1.86,"PM25":1.9,"PM10":1.93,"Air":87.36}
{"epoch":1567300098,"battery":4.143900871,"Tdb_BME680":26.49,"RH_BME680":49.25,"P_BME680":102.49,"Alt_BME680":-132.69,"TVOC":197,"ECO2":400,"RCO2":1415,"Tdb_scd30":28.28,"RH_scd30":48.15,"Lux":0.662400007,"PM1":2.63,"PM25":2.68,"PM10":2.72,"Air":90.76}
{"epoch":1567300160,"battery":3.771264076,"Tdb_BME680":26.61,"RH_BME680":49.12,"P_BME680":102.49,"Alt_BME680":-133.02,"TVOC":218,"ECO2":400,"RCO2":1415,"Tdb_scd30":28.54,"RH_scd30":47.36,"Lux":0.66960001,"PM1":2.48,"PM25":2.52,"PM10":2.57,"Air":91.78}
{"epoch":1567300222,"battery":3.739836693,"Tdb_BME680":26.8,"RH_BME680":48.7,"P_BME680":102.49,"Alt_BME680":-133.18,"TVOC":215,"ECO2":400,"RCO2":1415,"Tdb_scd30":28.78,"RH_scd30":46.97,"Lux":0.662400007,"PM1":2.2,"PM25":2.24,"PM10":2.28,"Air":92.65}
{"epoch":1567300283,"battery":3.716266394,"Tdb_BME680":26.96,"RH_BME680":50.09,"P_BME680":102.49,"Alt_BME680":-133.35,"TVOC":223,"ECO2":400,"RCO2":1529,"Tdb_scd30":28.88,"RH_scd30":47.85,"Lux":0.29519999,"PM1":1.96,"PM25":2,"PM10":2.04,"Air":89.4}
{"epoch":1567300345,"battery":3.890238285,"Tdb_BME680":26.95,"RH_BME680":49.57,"P_BME680":102.5,"Alt_BME680":-133.68,"TVOC":199,"ECO2":400,"RCO2":1373,"Tdb_scd30":28.54,"RH_scd30":48.24,"Lux":0.302399993,"PM1":2.24,"PM25":2.28,"PM10":2.32,"Air":90.26}
{"epoch":1567300407,"battery":3.749938488,"Tdb_BME680":26.74,"RH_BME680":48.68,"P_BME680":102.5,"Alt_BME680":-133.68,"TVOC":172,"ECO2":400,"RCO2":1414,"Tdb_scd30":28.21,"RH_scd30":47.61,"Lux":0.309599996,"PM1":2.39,"PM25":2.43,"PM10":2.47,"Air":87.64}
{"epoch":1567300469,"battery":3.718511105,"Tdb_BME680":26.48,"RH_BME680":48.08,"P_BME680":102.5,"Alt_BME680":-133.68,"TVOC":151,"ECO2":400,"RCO2":1413,"Tdb_scd30":28.01,"RH_scd30":47.01,"Lux":0.302399993,"PM1":2.08,"PM25":2.12,"PM10":2.16,"Air":87.92}
{"epoch":1567300530,"battery":4.032783031,"Tdb_BME680":26.27,"RH_BME680":47.53,"P_BME680":102.5,"Alt_BME680":-133.84,"TVOC":128,"ECO2":400,"RCO2":1415,"Tdb_scd30":27.73,"RH_scd30":46.52,"Lux":0.309599996,"PM1":2.48,"PM25":2.53,"PM10":2.57,"Air":85.84}
{"epoch":1567300592,"battery":3.702797651,"Tdb_BME680":26.15,"RH_BME680":47.57,"P_BME680":102.5,"Alt_BME680":-133.84,"TVOC":131,"ECO2":400,"RCO2":1431,"Tdb_scd30":28,"RH_scd30":46.12,"Lux":0.302399993,"PM1":2.18,"PM25":2.22,"PM10":2.26,"Air":86.87}
{"epoch":1567300654,"battery":3.72187829,"Tdb_BME680":26.37,"RH_BME680":47.82,"P_BME680":102.5,"Alt_BME680":-133.68,"TVOC":148,"ECO2":400,"RCO2":1443,"Tdb_scd30":28.41,"RH_scd30":46.01,"Lux":0.309599996,"PM1":2.71,"PM25":2.76,"PM10":2.81,"Air":85.96}
{"epoch":1567300715,"battery":4.149512768,"Tdb_BME680":26.62,"RH_BME680":48.02,"P_BME680":102.5,"Alt_BME680":-133.84,"TVOC":159,"ECO2":400,"RCO2":1460,"Tdb_scd30":28.49,"RH_scd30":47.24,"Lux":0.302399993,"PM1":2.62,"PM25":2.67,"PM10":2.72,"Air":89.19}
{"epoch":1567300777,"battery":3.747693539,"Tdb_BME680":26.64,"RH_BME680":49.42,"P_BME680":102.5,"Alt_BME680":-133.68,"TVOC":153,"ECO2":400,"RCO2":1481,"Tdb_scd30":28.1,"RH_scd30":48.39,"Lux":0.29519999,"PM1":2.25,"PM25":2.29,"PM10":2.33,"Air":85.56}
{"epoch":1567300839,"battery":3.723000765,"Tdb_BME680":26.36,"RH_BME680":48.61,"P_BME680":102.5,"Alt_BME680":-133.84,"TVOC":137,"ECO2":400,"RCO2":1487,"Tdb_scd30":27.63,"RH_scd30":47.97,"Lux":0.287999988,"PM1":2.11,"PM25":2.15,"PM10":2.19,"Air":84.07}
{"epoch":1567300901,"battery":3.72636795,"Tdb_BME680":26.1,"RH_BME680":48.41,"P_BME680":102.5,"Alt_BME680":-134.42,"TVOC":131,"ECO2":400,"RCO2":1513,"Tdb_scd30":27.69,"RH_scd30":47.38,"Lux":0.302399993,"PM1":2.41,"PM25":2.46,"PM10":2.5,"Air":83.6}
{"epoch":1567300962,"battery":3.806058407,"Tdb_BME680":26.29,"RH_BME680":48.22,"P_BME680":102.51,"Alt_BME680":-134.42,"TVOC":154,"ECO2":400,"RCO2":1517,"Tdb_scd30":28.03,"RH_scd30":46.99,"Lux":0.302399993,"PM1":1.88,"PM25":1.92,"PM10":1.95,"Air":83.44}
{"epoch":1567301024,"battery":3.748816013,"Tdb_BME680":26.53,"RH_BME680":47.92,"P_BME680":102.51,"Alt_BME680":-134.42,"TVOC":178,"ECO2":400,"RCO2":1524,"Tdb_scd30":28.39,"RH_scd30":46.51,"Lux":0.302399993,"PM1":2.14,"PM25":2.18,"PM10":2.21,"Air":88.9}
{"epoch":1567301086,"battery":3.707287312,"Tdb_BME680":26.66,"RH_BME680":50.03,"P_BME680":102.51,"Alt_BME680":-134.75,"TVOC":186,"ECO2":400,"RCO2":1531,"Tdb_scd30":28.15,"RH_scd30":49.19,"Lux":0.29519999,"PM1":1.86,"PM25":1.9,"PM10":1.93,"Air":91.05}
{"epoch":1567301147,"battery":3.966561556,"Tdb_BME680":26.45,"RH_BME680":49.23,"P_BME680":102.51,"Alt_BME680":-134.75,"TVOC":173,"ECO2":400,"RCO2":1549,"Tdb_scd30":27.71,"RH_scd30":48.51,"Lux":0.287999988,"PM1":2.26,"PM25":2.3,"PM10":2.34,"Air":83.87}
{"epoch":1567301209,"battery":3.720756054,"Tdb_BME680":26.14,"RH_BME680":48.58,"P_BME680":102.51,"Alt_BME680":-134.75,"TVOC":162,"ECO2":400,"RCO2":1579,"Tdb_scd30":27.29,"RH_scd30":47.89,"Lux":0.287999988,"PM1":2.56,"PM25":2.61,"PM10":2.65,"Air":82.6}
{"epoch":1567301271,"battery":3.747693539,"Tdb_BME680":26.07,"RH_BME680":48.76,"P_BME680":102.51,"Alt_BME680":-134.75,"TVOC":175,"ECO2":400,"RCO2":1591,"Tdb_scd30":27.8,"RH_scd30":47.54,"Lux":0.29519999,"PM1":2.57,"PM25":2.62,"PM10":2.66,"Air":85.36}
{"epoch":1567301333,"battery":4.220223904,"Tdb_BME680":26.33,"RH_BME680":48.3,"P_BME680":102.51,"Alt_BME680":-134.75,"TVOC":193,"ECO2":400,"RCO2":1598,"Tdb_scd30":28.2,"RH_scd30":46.84,"Lux":0.29519999,"PM1":2.27,"PM25":2.31,"PM10":2.35,"Air":84.93}
{"epoch":1567301394,"battery":3.743204117,"Tdb_BME680":26.53,"RH_BME680":49.43,"P_BME680":102.51,"Alt_BME680":-134.58,"TVOC":208,"ECO2":400,"RCO2":1609,"Tdb_scd30":28.17,"RH_scd30":48.74,"Lux":0.302399993,"PM1":1.85,"PM25":1.89,"PM10":1.92,"Air":88.13}
{"epoch":1567301456,"battery":3.72636795,"Tdb_BME680":26.51,"RH_BME680":49.72,"P_BME680":102.52,"Alt_BME680":-135.08,"TVOC":202,"ECO2":400,"RCO2":1621,"Tdb_scd30":27.91,"RH_scd30":48.76,"Lux":0.302399993,"PM1":2.22,"PM25":2.26,"PM10":2.3,"Air":85.28}
{"epoch":1567301518,"battery":3.725245714,"Tdb_BME680":26.24,"RH_BME680":48.98,"P_BME680":102.52,"Alt_BME680":-135.08,"TVOC":187,"ECO2":400,"RCO2":1619,"Tdb_scd30":27.45,"RH_scd30":48.58,"Lux":0.29519999,"PM1":2.1,"PM25":2.14,"PM10":2.18,"Air":82.14}
{"epoch":1567301579,"battery":3.79595685,"Tdb_BME680":26.07,"RH_BME680":48.93,"P_BME680":102.52,"Alt_BME680":-135.41,"TVOC":184,"ECO2":400,"RCO2":1640,"Tdb_scd30":27.69,"RH_scd30":47.75,"Lux":0.29519999,"PM1":2.07,"PM25":2.11,"PM10":2.14,"Air":84.07}
{"epoch":1567301641,"battery":3.744326353,"Tdb_BME680":26.28,"RH_BME680":48.64,"P_BME680":102.52,"Alt_BME680":-135.41,"TVOC":219,"ECO2":400,"RCO2":1644,"Tdb_scd30":28.03,"RH_scd30":47.43,"Lux":0.302399993,"PM1":2.66,"PM25":2.71,"PM10":2.76,"Air":82.6}
{"epoch":1567301703,"battery":3.748816013,"Tdb_BME680":26.53,"RH_BME680":48.51,"P_BME680":102.52,"Alt_BME680":-135.41,"TVOC":220,"ECO2":400,"RCO2":1640,"Tdb_scd30":28.21,"RH_scd30":48.22,"Lux":0.302399993,"PM1":2.17,"PM25":2.22,"PM10":2.25,"Air":87.56}
{"epoch":1567301765,"battery":4.035027981,"Tdb_BME680":26.59,"RH_BME680":50.03,"P_BME680":102.52,"Alt_BME680":-135.41,"TVOC":232,"ECO2":400,"RCO2":1676,"Tdb_scd30":27.88,"RH_scd30":49.34,"Lux":0.29519999,"PM1":2.08,"PM25":2.12,"PM10":2.15,"Air":86.11}
{"epoch":1567301826,"battery":3.707287312,"Tdb_BME680":26.35,"RH_BME680":49.2,"P_BME680":102.53,"Alt_BME680":-135.58,"TVOC":215,"ECO2":400,"RCO2":1666,"Tdb_scd30":27.52,"RH_scd30":48.71,"Lux":0.29519999,"PM1":2.11,"PM25":2.15,"PM10":2.18,"Air":83.87}
{"epoch":1567301888,"battery":3.725245714,"Tdb_BME680":26.06,"RH_BME680":48.79,"P_BME680":102.52,"Alt_BME680":-135.91,"TVOC":198,"ECO2":400,"RCO2":1682,"Tdb_scd30":27.47,"RH_scd30":48.27,"Lux":0.29519999,"PM1":1.97,"PM25":2,"PM10":2.04,"Air":81.42}
{"epoch":1567301950,"battery":4.204510212,"Tdb_BME680":26.17,"RH_BME680":48.94,"P_BME680":102.52,"Alt_BME680":-135.91,"TVOC":209,"ECO2":400,"RCO2":1683,"Tdb_scd30":27.95,"RH_scd30":47.62,"Lux":0.29519999,"PM1":2.14,"PM25":2.18,"PM10":2.22,"Air":85.09}
{"epoch":1567302011,"battery":3.72636795,"Tdb_BME680":26.39,"RH_BME680":48.52,"P_BME680":102.53,"Alt_BME680":-136.07,"TVOC":237,"ECO2":400,"RCO2":1689,"Tdb_scd30":28.24,"RH_scd30":47.16,"Lux":0.29519999,"PM1":2.18,"PM25":2.22,"PM10":2.26,"Air":82.7}
{"epoch":1567302073,"battery":3.735347271,"Tdb_BME680":26.54,"RH_BME680":49.75,"P_BME680":102.53,"Alt_BME680":-135.91,"TVOC":235,"ECO2":400,"RCO2":1681,"Tdb_scd30":28.32,"RH_scd30":48.44,"Lux":0.29519999,"PM1":1.92,"PM25":1.95,"PM10":1.99,"Air":87.36}
{"epoch":1567302135,"battery":3.738714457,"Tdb_BME680":26.66,"RH_BME680":49.43,"P_BME680":102.53,"Alt_BME680":-135.74,"TVOC":228,"ECO2":400,"RCO2":1674,"Tdb_scd30":28.46,"RH_scd30":47.76,"Lux":0.302399993,"PM1":2.25,"PM25":2.29,"PM10":2.33,"Air":88.41}
{"epoch":1567302197,"battery":3.870035172,"Tdb_BME680":26.81,"RH_BME680":49.14,"P_BME680":102.53,"Alt_BME680":-136.07,"TVOC":242,"ECO2":400,"RCO2":1653,"Tdb_scd30":28.75,"RH_scd30":47.51,"Lux":0.287999988,"PM1":2.16,"PM25":2.2,"PM10":2.24,"Air":90.54}
{"epoch":1567302258,"battery":3.745448828,"Tdb_BME680":26.9,"RH_BME680":50.27,"P_BME680":102.52,"Alt_BME680":-135.91,"TVOC":228,"ECO2":408,"RCO2":1663,"Tdb_scd30":28.71,"RH_scd30":48.71,"Lux":0.280800015,"PM1":1.82,"PM25":1.85,"PM10":1.89,"Air":90.26}
{"epoch":1567302320,"battery":4.093392849,"Tdb_BME680":26.99,"RH_BME680":49.92,"P_BME680":102.53,"Alt_BME680":-136.07,"TVOC":247,"ECO2":439,"RCO2":1660,"Tdb_scd30":29.06,"RH_scd30":47.85,"Lux":0.280800015,"PM1":2.42,"PM25":2.46,"PM10":2.5,"Air":91.56}
{"epoch":1567302382,"battery":3.735347271,"Tdb_BME680":27.14,"RH_BME680":49.78,"P_BME680":102.53,"Alt_BME680":-135.91,"TVOC":263,"ECO2":447,"RCO2":1670,"Tdb_scd30":29.22,"RH_scd30":47.85,"Lux":0.280800015,"PM1":2.39,"PM25":2.44,"PM10":2.48,"Air":86.72}
{"epoch":1567302443,"battery":3.72187829,"Tdb_BME680":27.17,"RH_BME680":50.91,"P_BME680":102.52,"Alt_BME680":-135.74,"TVOC":265,"ECO2":499,"RCO2":1704,"Tdb_scd30":28.89,"RH_scd30":49.45,"Lux":0.280800015,"PM1":1.88,"PM25":1.92,"PM10":1.95,"Air":91.56}
{"epoch":1567302505,"battery":4.201143265,"Tdb_BME680":26.9,"RH_BME680":50.02,"P_BME680":102.53,"Alt_BME680":-136.07,"TVOC":254,"ECO2":447,"RCO2":1752,"Tdb_scd30":28.15,"RH_scd30":49.27,"Lux":0.273600012,"PM1":2.3,"PM25":2.34,"PM10":2.38,"Air":86.87}
{"epoch":1567302567,"battery":3.737591982,"Tdb_BME680":26.6,"RH_BME680":49.24,"P_BME680":102.53,"Alt_BME680":-136.07,"TVOC":235,"ECO2":404,"RCO2":1753,"Tdb_scd30":27.79,"RH_scd30":48.57,"Lux":0.280800015,"PM1":2.59,"PM25":2.64,"PM10":2.68,"Air":85.09}
{"epoch":1567302629,"battery":3.72636795,"Tdb_BME680":26.31,"RH_BME680":48.86,"P_BME680":102.53,"Alt_BME680":-136.07,"TVOC":221,"ECO2":400,"RCO2":1728,"Tdb_scd30":27.83,"RH_scd30":48.02,"Lux":0.252000004,"PM1":2.96,"PM25":3.02,"PM10":3.07,"Air":85.09}
{"epoch":1567302690,"battery":3.738714457,"Tdb_BME680":26.38,"RH_BME680":48.98,"P_BME680":102.53,"Alt_BME680":-136.4,"TVOC":267,"ECO2":458,"RCO2":1771,"Tdb_scd30":28.18,"RH_scd30":47.65,"Lux":0.29519999,"PM1":3.07,"PM25":3.14,"PM10":3.21,"Air":87.36}
{"epoch":1567302752,"battery":3.905951977,"Tdb_BME680":26.62,"RH_BME680":48.67,"P_BME680":102.53,"Alt_BME680":-136.24,"TVOC":262,"ECO2":465,"RCO2":1766,"Tdb_scd30":28.46,"RH_scd30":47.18,"Lux":0.266400009,"PM1":2.81,"PM25":2.88,"PM10":2.95,"Air":81.71}
{"epoch":1567302814,"battery":3.731980085,"Tdb_BME680":26.74,"RH_BME680":50.48,"P_BME680":102.53,"Alt_BME680":-136.4,"TVOC":271,"ECO2":509,"RCO2":1771,"Tdb_scd30":28.27,"RH_scd30":49.49,"Lux":0.273600012,"PM1":3.82,"PM25":3.94,"PM10":4.06,"Air":87.36}
{"epoch":1567302875,"battery":3.725245714,"Tdb_BME680":26.54,"RH_BME680":49.6,"P_BME680":102.53,"Alt_BME680":-136.73,"TVOC":252,"ECO2":445,"RCO2":1758,"Tdb_scd30":27.84,"RH_scd30":48.77,"Lux":0.252000004,"PM1":3.65,"PM25":3.77,"PM10":3.88,"Air":84.07}
{"epoch":1567302937,"battery":3.957582474,"Tdb_BME680":26.24,"RH_BME680":48.85,"P_BME680":102.54,"Alt_BME680":-136.73,"TVOC":231,"ECO2":400,"RCO2":1775,"Tdb_scd30":27.36,"RH_scd30":48.34,"Lux":0.259200007,"PM1":3.62,"PM25":3.73,"PM10":3.83,"Air":82.6}
{"epoch":1567302999,"battery":3.717388868,"Tdb_BME680":26.19,"RH_BME680":48.95,"P_BME680":102.54,"Alt_BME680":-136.9,"TVOC":249,"ECO2":438,"RCO2":1794,"Tdb_scd30":27.85,"RH_scd30":47.84,"Lux":0.287999988,"PM1":3.8,"PM25":3.91,"PM10":4.02,"Air":85.09}
{"epoch":1567303061,"battery":3.707287312,"Tdb_BME680":26.42,"RH_BME680":48.64,"P_BME680":102.54,"Alt_BME680":-136.73,"TVOC":436,"ECO2":956,"RCO2":1806,"Tdb_scd30":28.17,"RH_scd30":47.43,"Lux":0.29519999,"PM1":3.94,"PM25":4.04,"PM10":4.13,"Air":82.06}
{"epoch":1567303122,"battery":4.116963387,"Tdb_BME680":26.62,"RH_BME680":49.91,"P_BME680":102.53,"Alt_BME680":-136.9,"TVOC":443,"ECO2":1005,"RCO2":1812,"Tdb_scd30":28.25,"RH_scd30":49.21,"Lux":0.273600012,"PM1":6.29,"PM25":6.49,"PM10":6.67,"Air":85.84}
{"epoch":1567303184,"battery":3.738714457,"Tdb_BME680":26.73,"RH_BME680":49.79,"P_BME680":102.53,"Alt_BME680":-136.4,"TVOC":453,"ECO2":1024,"RCO2":1816,"Tdb_scd30":28.69,"RH_scd30":48.04,"Lux":0.302399993,"PM1":6.22,"PM25":6.55,"PM10":6.85,"Air":88.62}
{"epoch":1567303246,"battery":3.717388868,"Tdb_BME680":26.88,"RH_BME680":49.46,"P_BME680":102.53,"Alt_BME680":-136.24,"TVOC":477,"ECO2":1045,"RCO2":1818,"Tdb_scd30":28.88,"RH_scd30":47.68,"Lux":0.302399993,"PM1":5.4,"PM25":5.73,"PM10":6.02,"Air":89.69}
{"epoch":1567303307,"battery":3.725245714,"Tdb_BME680":26.99,"RH_BME680":50.55,"P_BME680":102.53,"Alt_BME680":-136.4,"TVOC":463,"ECO2":1064,"RCO2":1828,"Tdb_scd30":28.82,"RH_scd30":49.24,"Lux":0.273600012,"PM1":5.25,"PM25":5.5,"PM10":5.73,"Air":90.76}
{"epoch":1567303369,"battery":3.889116049,"Tdb_BME680":27.06,"RH_BME680":50.21,"P_BME680":102.53,"Alt_BME680":-136.4,"TVOC":468,"ECO2":1041,"RCO2":1827,"Tdb_scd30":29.07,"RH_scd30":48.29,"Lux":0.280800015,"PM1":5.49,"PM25":5.73,"PM10":5.96,"Air":90.48}
{"epoch":1567303431,"battery":3.703919888,"Tdb_BME680":27.18,"RH_BME680":50.16,"P_BME680":102.53,"Alt_BME680":-136.57,"TVOC":474,"ECO2":1091,"RCO2":1834,"Tdb_scd30":29,"RH_scd30":48.55,"Lux":0.287999988,"PM1":5.12,"PM25":5.4,"PM10":5.66,"Air":89.12}
{"epoch":1567303493,"battery":3.710654497,"Tdb_BME680":27.24,"RH_BME680":50.98,"P_BME680":102.54,"Alt_BME680":-136.73,"TVOC":458,"ECO2":1035,"RCO2":1882,"Tdb_scd30":29.13,"RH_scd30":49.42,"Lux":0.266400009,"PM1":6.62,"PM25":7.04,"PM10":7.43,"Air":89.9}
{"epoch":1567303554,"battery":4.168593407,"Tdb_BME680":27.28,"RH_BME680":50.59,"P_BME680":102.53,"Alt_BME680":-136.57,"TVOC":460,"ECO2":1019,"RCO2":1849,"Tdb_scd30":29.2,"RH_scd30":48.93,"Lux":0.302399993,"PM1":5.68,"PM25":6.17,"PM10":6.62,"Air":92.59}
{"epoch":1567303616,"battery":3.712899208,"Tdb_BME680":27.39,"RH_BME680":50.33,"P_BME680":102.53,"Alt_BME680":-136.73,"TVOC":462,"ECO2":1035,"RCO2":1847,"Tdb_scd30":29.33,"RH_scd30":48.64,"Lux":0.259200007,"PM1":6.77,"PM25":7.29,"PM10":7.78,"Air":93.99}
{"epoch":1567303678,"battery":3.715143919,"Tdb_BME680":27.43,"RH_BME680":51.3,"P_BME680":102.54,"Alt_BME680":-136.57,"TVOC":459,"ECO2":1055,"RCO2":1876,"Tdb_scd30":29.32,"RH_scd30":49.74,"Lux":0.29519999,"PM1":6.47,"PM25":7.13,"PM10":7.75,"Air":93.47}
{"epoch":1567303739,"battery":4.231448174,"Tdb_BME680":27.48,"RH_BME680":51.11,"P_BME680":102.54,"Alt_BME680":-136.73,"TVOC":478,"ECO2":1080,"RCO2":1873,"Tdb_scd30":29.5,"RH_scd30":49.19,"Lux":0.280800015,"PM1":6.36,"PM25":6.92,"PM10":7.44,"Air":92.88}
{"epoch":1567303801,"battery":3.770141602,"Tdb_BME680":27.57,"RH_BME680":50.82,"P_BME680":102.54,"Alt_BME680":-136.9,"TVOC":466,"ECO2":1031,"RCO2":1882,"Tdb_scd30":29.63,"RH_scd30":48.74,"Lux":0.252000004,"PM1":6.63,"PM25":7.3,"PM10":7.93,"Air":88.62}
{"epoch":1567303863,"battery":3.723000765,"Tdb_BME680":27.61,"RH_BME680":51.61,"P_BME680":102.54,"Alt_BME680":-137.06,"TVOC":464,"ECO2":1058,"RCO2":1890,"Tdb_scd30":29.57,"RH_scd30":49.73,"Lux":0.280800015,"PM1":7.42,"PM25":8.33,"PM10":9.17,"Air":89.77}
{"epoch":1567303925,"battery":3.690451145,"Tdb_BME680":27.66,"RH_BME680":51.36,"P_BME680":102.54,"Alt_BME680":-136.9,"TVOC":476,"ECO2":1078,"RCO2":1889,"Tdb_scd30":29.83,"RH_scd30":49.06,"Lux":0.252000004,"PM1":7.03,"PM25":7.89,"PM10":8.7,"Air":93.17}
{"epoch":1567303986,"battery":4.039517403,"Tdb_BME680":27.75,"RH_BME680":51.14,"P_BME680":102.54,"Alt_BME680":-137.06,"TVOC":483,"ECO2":1058,"RCO2":1899,"Tdb_scd30":29.91,"RH_scd30":48.97,"Lux":0.324000001,"PM1":6.14,"PM25":6.9,"PM10":7.62,"Air":93.99}
{"epoch":1567304048,"battery":3.719633579,"Tdb_BME680":27.75,"RH_BME680":51.99,"P_BME680":102.54,"Alt_BME680":-137.06,"TVOC":469,"ECO2":1067,"RCO2":1915,"Tdb_scd30":29.84,"RH_scd30":49.82,"Lux":0.259200007,"PM1":7.2,"PM25":8.22,"PM10":9.18,"Air":93.99}
{"epoch":1567304110,"battery":3.709532022,"Tdb_BME680":27.79,"RH_BME680":51.71,"P_BME680":102.54,"Alt_BME680":-137.06,"TVOC":484,"ECO2":1089,"RCO2":1903,"Tdb_scd30":30.03,"RH_scd30":49.18,"Lux":0.273600012,"PM1":7.55,"PM25":8.65,"PM10":9.67,"Air":93.47}
{"epoch":1567304171,"battery":4.248283863,"Tdb_BME680":27.87,"RH_BME680":51.47,"P_BME680":102.54,"Alt_BME680":-137.23,"TVOC":467,"ECO2":1032,"RCO2":1925,"Tdb_scd30":30.08,"RH_scd30":49.05,"Lux":0.280800015,"PM1":6.87,"PM25":7.87,"PM10":8.81,"Air":93.99}
{"epoch":1567304233,"battery":3.72636795,"Tdb_BME680":27.85,"RH_BME680":52.44,"P_BME680":102.54,"Alt_BME680":-137.56,"TVOC":477,"ECO2":1118,"RCO2":1920,"Tdb_scd30":29.91,"RH_scd30":50.27,"Lux":0.259200007,"PM1":6.31,"PM25":7.15,"PM10":7.93,"Air":87.14}
{"epoch":1567304295,"battery":3.72187829,"Tdb_BME680":27.89,"RH_BME680":51.86,"P_BME680":102.54,"Alt_BME680":-137.39,"TVOC":476,"ECO2":1049,"RCO2":1956,"Tdb_scd30":29.98,"RH_scd30":49.77,"Lux":0.259200007,"PM1":6.96,"PM25":7.85,"PM10":8.68,"Air":94.81}
{"epoch":1567304357,"battery":4.251651287,"Tdb_BME680":27.98,"RH_BME680":51.83,"P_BME680":102.54,"Alt_BME680":-137.23,"TVOC":480,"ECO2":1083,"RCO2":1961,"Tdb_scd30":30.09,"RH_scd30":49.61,"Lux":0.287999988,"PM1":7.24,"PM25":8.09,"PM10":8.89,"Air":94.81}
{"epoch":1567304418,"battery":3.765651941,"Tdb_BME680":27.99,"RH_BME680":52.58,"P_BME680":102.55,"Alt_BME680":-137.39,"TVOC":487,"ECO2":1109,"RCO2":1985,"Tdb_scd30":30.22,"RH_scd30":50.15,"Lux":0.29519999,"PM1":7.39,"PM25":8.22,"PM10":8.98,"Air":95.35}
{"epoch":1567304480,"battery":3.69606328,"Tdb_BME680":28.05,"RH_BME680":52.24,"P_BME680":102.54,"Alt_BME680":-137.39,"TVOC":477,"ECO2":1097,"RCO2":2009,"Tdb_scd30":30.35,"RH_scd30":49.7,"Lux":0.287999988,"PM1":7.29,"PM25":8.27,"PM10":9.18,"Air":95.94}
{"epoch":1567304542,"battery":4.116963387,"Tdb_BME680":28.14,"RH_BME680":51.98,"P_BME680":102.54,"Alt_BME680":-137.39,"TVOC":448,"ECO2":1048,"RCO2":2011,"Tdb_scd30":30.28,"RH_scd30":49.47,"Lux":0.302399993,"PM1":7.78,"PM25":8.77,"PM10":9.69,"Air":98.18}
{"epoch":1567304603,"battery":3.716266394,"Tdb_BME680":28.16,"RH_BME680":51.94,"P_BME680":102.54,"Alt_BME680":-137.23,"TVOC":475,"ECO2":1089,"RCO2":2009,"Tdb_scd30":30.21,"RH_scd30":49.94,"Lux":0.259200007,"PM1":7.94,"PM25":9.23,"PM10":10.44,"Air":95.64}
{"epoch":1567304665,"battery":3.715143919,"Tdb_BME680":28.19,"RH_BME680":51.89,"P_BME680":102.54,"Alt_BME680":-137.39,"TVOC":462,"ECO2":1059,"RCO2":2000,"Tdb_scd30":30.18,"RH_scd30":50.07,"Lux":0.244800001,"PM1":8.14,"PM25":9.4,"PM10":10.58,"Air":89.77}
{"epoch":1567304727,"battery":4.223591328,"Tdb_BME680":28.24,"RH_BME680":51.88,"P_BME680":102.54,"Alt_BME680":-137.23,"TVOC":420,"ECO2":940,"RCO2":2050,"Tdb_scd30":30.11,"RH_scd30":50.14,"Lux":0.280800015,"PM1":8.96,"PM25":10.03,"PM10":11.02,"Air":98.18}
{"epoch":1567304789,"battery":3.739836693,"Tdb_BME680":28.24,"RH_BME680":51.94,"P_BME680":102.54,"Alt_BME680":-137.23,"TVOC":429,"ECO2":976,"RCO2":2009,"Tdb_scd30":30.22,"RH_scd30":50.08,"Lux":0.280800015,"PM1":9.28,"PM25":10.59,"PM10":11.81,"Air":96.78}
{"epoch":1567304850,"battery":3.705042362,"Tdb_BME680":28.29,"RH_BME680":51.65,"P_BME680":102.55,"Alt_BME680":-137.56,"TVOC":414,"ECO2":955,"RCO2":1971,"Tdb_scd30":30.42,"RH_scd30":49.45,"Lux":0.280800015,"PM1":9.18,"PM25":10.2,"PM10":11.14,"Air":99.03}
{"epoch":1567304912,"battery":4.252773762,"Tdb_BME680":28.33,"RH_BME680":51.94,"P_BME680":102.55,"Alt_BME680":-137.56,"TVOC":414,"ECO2":964,"RCO2":1955,"Tdb_scd30":30.27,"RH_scd30":50.24,"Lux":0.266400009,"PM1":8.42,"PM25":9.42,"PM10":10.35,"Air":97.87}
{"epoch":1567304974,"battery":3.765651941,"Tdb_BME680":28.28,"RH_BME680":52.03,"P_BME680":102.55,"Alt_BME680":-137.56,"TVOC":413,"ECO2":966,"RCO2":1945,"Tdb_scd30":30.42,"RH_scd30":49.83,"Lux":0.266400009,"PM1":8.53,"PM25":9.72,"PM10":10.83,"Air":97.32}
{"epoch":1567305035,"battery":3.716266394,"Tdb_BME680":28.33,"RH_BME680":51.78,"P_BME680":102.54,"Alt_BME680":-137.23,"TVOC":419,"ECO2":956,"RCO2":1948,"Tdb_scd30":30.56,"RH_scd30":49.41,"Lux":0.259200007,"PM1":8.97,"PM25":10.28,"PM10":11.51,"Air":92.53}
{"epoch":1567305097,"battery":3.703919888,"Tdb_BME680":28.35,"RH_BME680":51.99,"P_BME680":102.54,"Alt_BME680":-137.23,"TVOC":408,"ECO2":949,"RCO2":1988,"Tdb_scd30":30.35,"RH_scd30":50.18,"Lux":0.252000004,"PM1":8.37,"PM25":9.45,"PM10":10.46,"Air":94.11}
{"epoch":1567305159,"battery":4.067577362,"Tdb_BME680":28.34,"RH_BME680":51.83,"P_BME680":102.54,"Alt_BME680":-137.39,"TVOC":417,"ECO2":947,"RCO2":1939,"Tdb_scd30":30.52,"RH_scd30":49.49,"Lux":0.273600012,"PM1":9.23,"PM25":10.29,"PM10":11.27,"Air":97.02}
{"epoch":1567305221,"battery":3.709532022,"Tdb_BME680":28.38,"RH_BME680":51.8,"P_BME680":102.54,"Alt_BME680":-137.39,"TVOC":430,"ECO2":977,"RCO2":1916,"Tdb_scd30":30.59,"RH_scd30":49.3,"Lux":0.29519999,"PM1":7.8,"PM25":8.63,"PM10":9.4,"Air":98.73}
{"epoch":1567305282,"battery":3.734224796,"Tdb_BME680":28.38,"RH_BME680":52.08,"P_BME680":102.54,"Alt_BME680":-137.56,"TVOC":414,"ECO2":946,"RCO2":1928,"Tdb_scd30":30.42,"RH_scd30":50.07,"Lux":0.266400009,"PM1":8.45,"PM25":9.63,"PM10":10.74,"Air":99.03}
{"epoch":1567305344,"battery":4.232570171,"Tdb_BME680":28.37,"RH_BME680":51.88,"P_BME680":102.55,"Alt_BME680":-137.8,"TVOC":428,"ECO2":947,"RCO2":1873,"Tdb_scd30":30.59,"RH_scd30":49.53,"Lux":0.259200007,"PM1":9.03,"PM25":10.25,"PM10":11.39,"Air":99.03}
{"epoch":1567305406,"battery":3.699430466,"Tdb_BME680":28.42,"RH_BME680":51.77,"P_BME680":102.55,"Alt_BME680":-138.13,"TVOC":413,"ECO2":927,"RCO2":1893,"Tdb_scd30":30.63,"RH_scd30":49.4,"Lux":0.259200007,"PM1":8.23,"PM25":9.29,"PM10":10.27,"Air":97.57}
{"epoch":1567305467,"battery":3.68708396,"Tdb_BME680":28.43,"RH_BME680":52.08,"P_BME680":102.55,"Alt_BME680":-137.72,"TVOC":414,"ECO2":954,"RCO2":1896,"Tdb_scd30":30.51,"RH_scd30":50.04,"Lux":0.266400009,"PM1":8.39,"PM25":9.62,"PM10":10.77,"Air":94.35}
{"epoch":1567305529,"battery":4.242671967,"Tdb_BME680":28.4,"RH_BME680":51.88,"P_BME680":102.55,"Alt_BME680":-138.13,"TVOC":419,"ECO2":943,"RCO2":1876,"Tdb_scd30":30.59,"RH_scd30":49.5,"Lux":0.259200007,"PM1":8.34,"PM25":9.45,"PM10":10.48,"Air":96.67}
{"epoch":1567305591,"battery":3.819527149,"Tdb_BME680":28.44,"RH_BME680":51.8,"P_BME680":102.55,"Alt_BME680":-137.97,"TVOC":434,"ECO2":955,"RCO2":1899,"Tdb_scd30":30.73,"RH_scd30":49.33,"Lux":0.280800015,"PM1":8.54,"PM25":9.71,"PM10":10.81,"Air":99.59}
{"epoch":1567305653,"battery":3.679227114,"Tdb_BME680":28.43,"RH_BME680":52.03,"P_BME680":102.56,"Alt_BME680":-138.46,"TVOC":422,"ECO2":936,"RCO2":1881,"Tdb_scd30":30.51,"RH_scd30":49.97,"Lux":0.273600012,"PM1":8.05,"PM25":9.24,"PM10":10.36,"Air":99.03}
{"epoch":1567305714,"battery":3.692696095,"Tdb_BME680":28.43,"RH_BME680":51.68,"P_BME680":102.56,"Alt_BME680":-138.3,"TVOC":407,"ECO2":919,"RCO2":1865,"Tdb_scd30":30.75,"RH_scd30":49.17,"Lux":0.273600012,"PM1":7.88,"PM25":8.96,"PM10":9.96,"Air":98.12}
{"epoch":1567305776,"battery":4.170838356,"Tdb_BME680":28.5,"RH_BME680":50.81,"P_BME680":102.56,"Alt_BME680":-138.3,"TVOC":350,"ECO2":736,"RCO2":1845,"Tdb_scd30":30.73,"RH_scd30":48.27,"Lux":0.273600012,"PM1":8.21,"PM25":9.27,"PM10":10.26,"Air":99.29}
{"epoch":1567305838,"battery":3.694940805,"Tdb_BME680":28.49,"RH_BME680":51.31,"P_BME680":102.55,"Alt_BME680":-138.13,"TVOC":377,"ECO2":816,"RCO2":1833,"Tdb_scd30":30.59,"RH_scd30":49.08,"Lux":0.259200007,"PM1":8.24,"PM25":9.31,"PM10":10.31,"Air":98.98}
{"epoch":1567305899,"battery":3.717388868,"Tdb_BME680":28.51,"RH_BME680":51.02,"P_BME680":102.55,"Alt_BME680":-137.97,"TVOC":367,"ECO2":801,"RCO2":1802,"Tdb_scd30":30.68,"RH_scd30":48.52,"Lux":0.252000004,"PM1":8.41,"PM25":9.51,"PM10":10.53,"Air":93.52}
{"epoch":1567305961,"battery":4.278588772,"Tdb_BME680":28.57,"RH_BME680":51.1,"P_BME680":102.55,"Alt_BME680":-137.8,"TVOC":377,"ECO2":814,"RCO2":1795,"Tdb_scd30":30.78,"RH_scd30":48.62,"Lux":0.273600012,"PM1":8.04,"PM25":9.28,"PM10":10.44,"Air":98.98}
{"epoch":1567306023,"battery":3.680349588,"Tdb_BME680":28.56,"RH_BME680":50.83,"P_BME680":102.55,"Alt_BME680":-137.97,"TVOC":352,"ECO2":794,"RCO2":1789,"Tdb_scd30":30.7,"RH_scd30":48.77,"Lux":0.273600012,"PM1":7.89,"PM25":9.11,"PM10":10.24,"Air":101.03}
{"epoch":1567306085,"battery":3.690451145,"Tdb_BME680":28.53,"RH_BME680":50.8,"P_BME680":102.55,"Alt_BME680":-137.8,"TVOC":349,"ECO2":766,"RCO2":1780,"Tdb_scd30":30.54,"RH_scd30":49.11,"Lux":0.338400006,"PM1":8.31,"PM25":9.41,"PM10":10.43,"Air":99.29}
{"epoch":1567306146,"battery":4.238182545,"Tdb_BME680":28.37,"RH_BME680":50.6,"P_BME680":102.55,"Alt_BME680":-137.8,"TVOC":357,"ECO2":798,"RCO2":1824,"Tdb_scd30":29.81,"RH_scd30":49.73,"Lux":0.287999988,"PM1":8.49,"PM25":9.6,"PM10":10.63,"Air":95.05}
{"epoch":1567306208,"battery":3.78697753,"Tdb_BME680":28.05,"RH_BME680":49.79,"P_BME680":102.55,"Alt_BME680":-137.8,"TVOC":406,"ECO2":774,"RCO2":1830,"Tdb_scd30":29.49,"RH_scd30":48.83,"Lux":0.252000004,"PM1":8.38,"PM25":9.27,"PM10":10.1,"Air":92.3}
{"epoch":1567306270,"battery":3.707287312,"Tdb_BME680":27.64,"RH_BME680":49.26,"P_BME680":102.55,"Alt_BME680":-137.72,"TVOC":406,"ECO2":725,"RCO2":1805,"Tdb_scd30":28.95,"RH_scd30":48.6,"Lux":0.252000004,"PM1":7.12,"PM25":7.83,"PM10":8.49,"Air":84.66}
{"epoch":1567306331,"battery":3.733102322,"Tdb_BME680":27.43,"RH_BME680":49.36,"P_BME680":102.55,"Alt_BME680":-137.72,"TVOC":436,"ECO2":863,"RCO2":1781,"Tdb_scd30":29.32,"RH_scd30":47.87,"Lux":0.259200007,"PM1":7.67,"PM25":8.24,"PM10":8.76,"Air":88.7}
{"epoch":1567306393,"battery":4.041762352,"Tdb_BME680":27.57,"RH_BME680":49.36,"P_BME680":102.55,"Alt_BME680":-137.72,"TVOC":627,"ECO2":1175,"RCO2":1826,"Tdb_scd30":29.58,"RH_scd30":47.67,"Lux":0.252000004,"PM1":6.94,"PM25":7.49,"PM10":7.99,"Air":90.92}
{"epoch":1567306455,"battery":3.717388868,"Tdb_BME680":27.7,"RH_BME680":50.12,"P_BME680":102.55,"Alt_BME680":-137.97,"TVOC":632,"ECO2":1208,"RCO2":1854,"Tdb_scd30":29.5,"RH_scd30":49.18,"Lux":0.280800015,"PM1":7.77,"PM25":8.39,"PM10":8.96,"Air":93.64}
{"epoch":1567306517,"battery":3.720756054,"Tdb_BME680":27.72,"RH_BME680":50.57,"P_BME680":102.55,"Alt_BME680":-137.8,"TVOC":654,"ECO2":1275,"RCO2":1836,"Tdb_scd30":29.12,"RH_scd30":49.71,"Lux":0.280800015,"PM1":7.11,"PM25":7.65,"PM10":8.16,"Air":90.12}
{"epoch":1567306578,"battery":4.220223904,"Tdb_BME680":27.47,"RH_BME680":49.69,"P_BME680":102.55,"Alt_BME680":-137.8,"TVOC":657,"ECO2":1244,"RCO2":1855,"Tdb_scd30":28.78,"RH_scd30":49,"Lux":0.280800015,"PM1":7.38,"PM25":8,"PM10":8.57,"Air":88.55}
{"epoch":1567306640,"battery":3.734224796,"Tdb_BME680":27.26,"RH_BME680":49.7,"P_BME680":102.55,"Alt_BME680":-138.13,"TVOC":711,"ECO2":1308,"RCO2":1867,"Tdb_scd30":29.12,"RH_scd30":48.26,"Lux":0.273600012,"PM1":7.17,"PM25":7.78,"PM10":8.35,"Air":87.49}
{"epoch":1567306702,"battery":4.196653366,"Tdb_BME680":27.37,"RH_BME680":49.76,"P_BME680":102.55,"Alt_BME680":-137.97,"TVOC":868,"ECO2":1320,"RCO2":1884,"Tdb_scd30":29.23,"RH_scd30":48.31,"Lux":0.29519999,"PM1":6.51,"PM25":7.05,"PM10":7.54,"Air":88.13}
{"epoch":1567306763,"battery":3.738714457,"Tdb_BME680":27.56,"RH_BME680":49.62,"P_BME680":102.56,"Alt_BME680":-137.97,"TVOC":888,"ECO2":1306,"RCO2":1900,"Tdb_scd30":29.58,"RH_scd30":48.16,"Lux":0.316799998,"PM1":5.96,"PM25":6.49,"PM10":6.98,"Air":92.53}
{"epoch":1567306825,"battery":3.710654497,"Tdb_BME680":27.66,"RH_BME680":50.85,"P_BME680":102.55,"Alt_BME680":-137.97,"TVOC":945,"ECO2":1382,"RCO2":1916,"Tdb_scd30":29.73,"RH_scd30":48.86,"Lux":0.324000001,"PM1":6.7,"PM25":7.26,"PM10":7.78,"Air":93.64}
{"epoch":1567306887,"battery":3.717388868,"Tdb_BME680":27.8,"RH_BME680":50.52,"P_BME680":102.56,"Alt_BME680":-138.46,"TVOC":812,"ECO2":1241,"RCO2":1914,"Tdb_scd30":29.91,"RH_scd30":48.26,"Lux":0.316799998,"PM1":6.18,"PM25":6.68,"PM10":7.14,"Air":92.53}
{"epoch":1567306949,"battery":4.077679157,"Tdb_BME680":27.95,"RH_BME680":50.22,"P_BME680":102.56,"Alt_BME680":-138.46,"TVOC":1189,"ECO2":1376,"RCO2":1909,"Tdb_scd30":29.81,"RH_scd30":49.38,"Lux":0.309599996,"PM1":6.43,"PM25":7.01,"PM10":7.54,"Air":94.17}
{"epoch":1567307010,"battery":3.72636795,"Tdb_BME680":27.96,"RH_BME680":51.12,"P_BME680":102.56,"Alt_BME680":-138.46,"TVOC":1015,"ECO2":1462,"RCO2":1944,"Tdb_scd30":29.53,"RH_scd30":49.91,"Lux":0.280800015,"PM1":6.64,"PM25":7.24,"PM10":7.79,"Air":90.63}
{"epoch":1567307072,"battery":3.712899208,"Tdb_BME680":27.69,"RH_BME680":50.34,"P_BME680":102.56,"Alt_BME680":-138.46,"TVOC":888,"ECO2":1379,"RCO2":1934,"Tdb_scd30":29.1,"RH_scd30":49.57,"Lux":0.244800001,"PM1":5.6,"PM25":6.11,"PM10":6.59,"Air":85.26}
{"epoch":1567307134,"battery":4.205632687,"Tdb_BME680":27.38,"RH_BME680":49.31,"P_BME680":102.56,"Alt_BME680":-138.3,"TVOC":862,"ECO2":1320,"RCO2":1913,"Tdb_scd30":28.74,"RH_scd30":48.56,"Lux":0.237599999,"PM1":6.16,"PM25":6.66,"PM10":7.13,"Air":87.21}
{"epoch":1567307195,"battery":3.729735136,"Tdb_BME680":27.32,"RH_BME680":49.5,"P_BME680":102.56,"Alt_BME680":-138.63,"TVOC":860,"ECO2":1351,"RCO2":1918,"Tdb_scd30":29.03,"RH_scd30":48.11,"Lux":0.259200007,"PM1":5.94,"PM25":6.34,"PM10":6.71,"Air":88.27}
{"epoch":1567307257,"battery":3.718511105,"Tdb_BME680":27.45,"RH_BME680":49.74,"P_BME680":102.56,"Alt_BME680":-138.63,"TVOC":842,"ECO2":1330,"RCO2":1915,"Tdb_scd30":29.32,"RH_scd30":48.56,"Lux":0.252000004,"PM1":5.73,"PM25":6.16,"PM10":6.55,"Air":90.63}
{"epoch":1567307319,"battery":4.279711246,"Tdb_BME680":27.62,"RH_BME680":50.77,"P_BME680":102.56,"Alt_BME680":-138.79,"TVOC":840,"ECO2":1349,"RCO2":1903,"Tdb_scd30":29.4,"RH_scd30":49.63,"Lux":0.302399993,"PM1":5.9,"PM25":6.36,"PM10":6.79,"Air":91.72}
{"epoch":1567307381,"battery":3.744326353,"Tdb_BME680":27.73,"RH_BME680":50.57,"P_BME680":102.56,"Alt_BME680":-138.96,"TVOC":886,"ECO2":1396,"RCO2":1904,"Tdb_scd30":29.73,"RH_scd30":48.73,"Lux":0.259200007,"PM1":6.49,"PM25":7.06,"PM10":7.58,"Air":90.63}
{"epoch":1567307442,"battery":3.717388868,"Tdb_BME680":27.87,"RH_BME680":50.38,"P_BME680":102.57,"Alt_BME680":-139.12,"TVOC":727,"ECO2":1213,"RCO2":1920,"Tdb_scd30":29.75,"RH_scd30":48.8,"Lux":0.244800001,"PM1":6.23,"PM25":6.88,"PM10":7.48,"Air":83.49}
{"epoch":1567307504,"battery":3.699430466,"Tdb_BME680":27.95,"RH_BME680":51.25,"P_BME680":102.56,"Alt_BME680":-138.79,"TVOC":1015,"ECO2":1475,"RCO2":1950,"Tdb_scd30":29.91,"RH_scd30":49.57,"Lux":0.302399993,"PM1":5.81,"PM25":6.32,"PM10":6.79,"Air":92.76}
{"epoch":1567307566,"battery":4.017069817,"Tdb_BME680":28.03,"RH_BME680":51.2,"P_BME680":102.56,"Alt_BME680":-138.79,"TVOC":1602,"ECO2":2558,"RCO2":1914,"Tdb_scd30":29.98,"RH_scd30":49.44,"Lux":0.309599996,"PM1":4.73,"PM25":5.14,"PM10":5.52,"Air":93.05}
{"epoch":1567307627,"battery":3.708409548,"Tdb_BME680":28.11,"RH_BME680":50.75,"P_BME680":102.56,"Alt_BME680":-138.46,"TVOC":1247,"ECO2":1502,"RCO2":1964,"Tdb_scd30":30.12,"RH_scd30":49.09,"Lux":0.316799998,"PM1":5.88,"PM25":6.49,"PM10":7.07,"Air":92.24}
{"epoch":1567307689,"battery":3.707287312,"Tdb_BME680":28.16,"RH_BME680":51.86,"P_BME680":102.56,"Alt_BME680":-138.79,"TVOC":1227,"ECO2":1766,"RCO2":1958,"Tdb_scd30":29.9,"RH_scd30":50.6,"Lux":0.266400009,"PM1":5.73,"PM25":6.4,"PM10":7.03,"Air":91.95}
{"epoch":1567307751,"battery":4.19104147,"Tdb_BME680":27.92,"RH_BME680":50.91,"P_BME680":102.56,"Alt_BME680":-138.63,"TVOC":1120,"ECO2":1512,"RCO2":1945,"Tdb_scd30":29.39,"RH_scd30":49.87,"Lux":0.259200007,"PM1":5.02,"PM25":5.56,"PM10":6.06,"Air":89.27}
{"epoch":1567307813,"battery":3.730857611,"Tdb_BME680":27.58,"RH_BME680":49.96,"P_BME680":102.56,"Alt_BME680":-138.63,"TVOC":1046,"ECO2":1457,"RCO2":1952,"Tdb_scd30":28.93,"RH_scd30":49.19,"Lux":0.244800001,"PM1":4.64,"PM25":5,"PM10":5.34,"Air":81.2}
{"epoch":1567307874,"battery":3.708409548,"Tdb_BME680":27.32,"RH_BME680":49.82,"P_BME680":102.56,"Alt_BME680":-138.79,"TVOC":993,"ECO2":1389,"RCO2":1952,"Tdb_scd30":29,"RH_scd30":48.68,"Lux":0.237599999,"PM1":5.2,"PM25":5.6,"PM10":5.97,"Air":86.93}
{"epoch":1567307936,"battery":4.268486977,"Tdb_BME680":27.42,"RH_BME680":49.42,"P_BME680":102.56,"Alt_BME680":-138.63,"TVOC":699,"ECO2":1208,"RCO2":1962,"Tdb_scd30":29.25,"RH_scd30":47.97,"Lux":0.29519999,"PM1":5.05,"PM25":5.47,"PM10":5.87,"Air":88.98}
{"epoch":1567307998,"battery":3.69606328,"Tdb_BME680":27.59,"RH_BME680":49.37,"P_BME680":102.56,"Alt_BME680":-138.79,"TVOC":794,"ECO2":1334,"RCO2":1897,"Tdb_scd30":29.54,"RH_scd30":48.36,"Lux":0.37439999,"PM1":4.75,"PM25":5.09,"PM10":5.42,"Air":90.85}
{"epoch":1567308059,"battery":3.783610344,"Tdb_BME680":27.67,"RH_BME680":50.81,"P_BME680":102.56,"Alt_BME680":-139.12,"TVOC":959,"ECO2":1429,"RCO2":1942,"Tdb_scd30":29.68,"RH_scd30":48.88,"Lux":0.273600012,"PM1":4.52,"PM25":4.79,"PM10":5.04,"Air":90.85}
{"epoch":1567308121,"battery":3.703919888,"Tdb_BME680":27.8,"RH_BME680":50.76,"P_BME680":102.56,"Alt_BME680":-138.79,"TVOC":1040,"ECO2":1473,"RCO2":1953,"Tdb_scd30":29.87,"RH_scd30":48.79,"Lux":0.273600012,"PM1":4.21,"PM25":4.45,"PM10":4.67,"Air":92.24}
{"epoch":1567308183,"battery":4.044007301,"Tdb_BME680":27.93,"RH_BME680":50.58,"P_BME680":102.56,"Alt_BME680":-139.12,"TVOC":826,"ECO2":1405,"RCO2":1943,"Tdb_scd30":29.91,"RH_scd30":49.21,"Lux":0.244800001,"PM1":4.63,"PM25":4.87,"PM10":5.09,"Air":84.78}
{"epoch":1567308245,"battery":3.702797651,"Tdb_BME680":27.98,"RH_BME680":51.16,"P_BME680":102.57,"Alt_BME680":-139.12,"TVOC":913,"ECO2":1416,"RCO2":1957,"Tdb_scd30":30.05,"RH_scd30":49.07,"Lux":0.244800001,"PM1":4.85,"PM25":5.07,"PM10":5.27,"Air":86.45}
{"epoch":1567308306,"battery":3.707287312,"Tdb_BME680":28.07,"RH_BME680":50.46,"P_BME680":102.57,"Alt_BME680":-138.96,"TVOC":723,"ECO2":1350,"RCO2":1939,"Tdb_scd30":30.19,"RH_scd30":48.5,"Lux":0.324000001,"PM1":4.69,"PM25":4.87,"PM10":5.04,"Air":91.89}
{"epoch":1567308368,"battery":4.23706007,"Tdb_BME680":28.16,"RH_BME680":50.88,"P_BME680":102.57,"Alt_BME680":-139.12,"TVOC":844,"ECO2":1442,"RCO2":1929,"Tdb_scd30":30.05,"RH_scd30":49.72,"Lux":0.280800015,"PM1":4.63,"PM25":4.9,"PM10":5.15,"Air":93.34}
{"epoch":1567308430,"battery":3.719633579,"Tdb_BME680":28.05,"RH_BME680":51.09,"P_BME680":102.57,"Alt_BME680":-138.96,"TVOC":808,"ECO2":1381,"RCO2":1958,"Tdb_scd30":29.58,"RH_scd30":49.74,"Lux":0.237599999,"PM1":5.1,"PM25":5.42,"PM10":5.72,"Air":90.28}
{"epoch":1567308491,"battery":3.7286129,"Tdb_BME680":27.76,"RH_BME680":50.11,"P_BME680":102.57,"Alt_BME680":-138.96,"TVOC":763,"ECO2":1311,"RCO2":1973,"Tdb_scd30":29.16,"RH_scd30":49.13,"Lux":0.266400009,"PM1":4.14,"PM25":4.37,"PM10":4.58,"Air":88.48}
{"epoch":1567308553,"battery":4.344810486,"Tdb_BME680":27.41,"RH_BME680":49.45,"P_BME680":102.57,"Alt_BME680":-139.29,"TVOC":933,"ECO2":1308,"RCO2":1971,"Tdb_scd30":28.96,"RH_scd30":48.54,"Lux":0.244800001,"PM1":4.93,"PM25":5.22,"PM10":5.49,"Air":88.7}
{"epoch":1567308615,"battery":3.730857611,"Tdb_BME680":27.37,"RH_BME680":49.81,"P_BME680":102.57,"Alt_BME680":-139.12,"TVOC":1279,"ECO2":1493,"RCO2":1974,"Tdb_scd30":29.09,"RH_scd30":48.48,"Lux":0.252000004,"PM1":3.96,"PM25":4.2,"PM10":4.42,"Air":86.86}
{"epoch":1567308677,"battery":3.709532022,"Tdb_BME680":27.54,"RH_BME680":49.35,"P_BME680":102.57,"Alt_BME680":-139.29,"TVOC":814,"ECO2":1233,"RCO2":1995,"Tdb_scd30":29.43,"RH_scd30":47.91,"Lux":0.230399996,"PM1":4.36,"PM25":4.61,"PM10":4.85,"Air":79.23}
{"epoch":1567308738,"battery":3.707287312,"Tdb_BME680":27.68,"RH_BME680":50.62,"P_BME680":102.57,"Alt_BME680":-139.29,"TVOC":854,"ECO2":1298,"RCO2":1972,"Tdb_scd30":29.63,"RH_scd30":48.96,"Lux":0.252000004,"PM1":4.48,"PM25":4.7,"PM10":4.9,"Air":89.77}
{"epoch":1567308800,"battery":4.050741673,"Tdb_BME680":27.78,"RH_BME680":50.36,"P_BME680":102.57,"Alt_BME680":-139.45,"TVOC":897,"ECO2":1340,"RCO2":1947,"Tdb_scd30":29.85,"RH_scd30":48.34,"Lux":0.266400009,"PM1":4.24,"PM25":4.44,"PM10":4.62,"Air":91.14}
{"epoch":1567308862,"battery":3.709532022,"Tdb_BME680":27.91,"RH_BME680":49.65,"P_BME680":102.57,"Alt_BME680":-139.45,"TVOC":671,"ECO2":1154,"RCO2":1936,"Tdb_scd30":29.87,"RH_scd30":47.98,"Lux":0.273600012,"PM1":4.22,"PM25":4.44,"PM10":4.65,"Air":91.37}
{"epoch":1567308923,"battery":4.201143265,"Tdb_BME680":27.97,"RH_BME680":50.89,"P_BME680":102.57,"Alt_BME680":-139.62,"TVOC":745,"ECO2":1279,"RCO2":1911,"Tdb_scd30":29.94,"RH_scd30":48.98,"Lux":0.273600012,"PM1":3.67,"PM25":3.86,"PM10":4.04,"Air":92.99}
{"epoch":1567308985,"battery":3.709532022,"Tdb_BME680":28,"RH_BME680":50.6,"P_BME680":102.57,"Alt_BME680":-139.78,"TVOC":788,"ECO2":1308,"RCO2":1924,"Tdb_scd30":30.14,"RH_scd30":48.46,"Lux":0.280800015,"PM1":3.83,"PM25":4.03,"PM10":4.21,"Air":93.29}
{"epoch":1567309047,"battery":3.761162281,"Tdb_BME680":28.1,"RH_BME680":50.37,"P_BME680":102.57,"Alt_BME680":-139.62,"TVOC":725,"ECO2":1162,"RCO2":1922,"Tdb_scd30":30.17,"RH_scd30":48.16,"Lux":0,"PM1":3.46,"PM25":3.71,"PM10":3.93,"Air":82.13}
{"epoch":1567309109,"battery":4.243794441,"Tdb_BME680":28.14,"RH_BME680":51.43,"P_BME680":102.57,"Alt_BME680":-139.95,"TVOC":774,"ECO2":1297,"RCO2":1902,"Tdb_scd30":29.95,"RH_scd30":49.98,"Lux":0,"PM1":4.23,"PM25":4.52,"PM10":4.78,"Air":91.08}
{"epoch":1567309170,"battery":3.761162281,"Tdb_BME680":27.89,"RH_BME680":50.38,"P_BME680":102.58,"Alt_BME680":-139.95,"TVOC":686,"ECO2":1194,"RCO2":1925,"Tdb_scd30":29.37,"RH_scd30":49.19,"Lux":0,"PM1":3.74,"PM25":3.95,"PM10":4.14,"Air":89.49}
{"epoch":1567309232,"battery":3.673615217,"Tdb_BME680":27.54,"RH_BME680":49.47,"P_BME680":102.58,"Alt_BME680":-139.95,"TVOC":689,"ECO2":1139,"RCO2":1928,"Tdb_scd30":28.82,"RH_scd30":48.73,"Lux":0,"PM1":3.85,"PM25":4.04,"PM10":4.22,"Air":86.93}
{"epoch":1567309294,"battery":3.709532022,"Tdb_BME680":27.29,"RH_BME680":49.38,"P_BME680":102.58,"Alt_BME680":-140.28,"TVOC":682,"ECO2":1136,"RCO2":1915,"Tdb_scd30":29.03,"RH_scd30":48.03,"Lux":0,"PM1":3.74,"PM25":3.91,"PM10":4.08,"Air":85.41}
{"epoch":1567309355,"battery":4.055231094,"Tdb_BME680":27.41,"RH_BME680":49.15,"P_BME680":102.58,"Alt_BME680":-140.28,"TVOC":673,"ECO2":1111,"RCO2":1929,"Tdb_scd30":29.5,"RH_scd30":47.25,"Lux":0,"PM1":3.41,"PM25":3.56,"PM10":3.7,"Air":86.37}
{"epoch":1567309417,"battery":3.720756054,"Tdb_BME680":27.57,"RH_BME680":48.95,"P_BME680":102.58,"Alt_BME680":-140.11,"TVOC":675,"ECO2":1103,"RCO2":1916,"Tdb_scd30":29.5,"RH_scd30":47.57,"Lux":0,"PM1":3.46,"PM25":3.65,"PM10":3.82,"Air":78.52}
{"epoch":1567309479,"battery":3.718511105,"Tdb_BME680":27.64,"RH_BME680":50.3,"P_BME680":102.58,"Alt_BME680":-140.28,"TVOC":696,"ECO2":1141,"RCO2":1928,"Tdb_scd30":29.8,"RH_scd30":48.18,"Lux":0,"PM1":3.78,"PM25":3.96,"PM10":4.12,"Air":89.77}
{"epoch":1567309541,"battery":4.201143265,"Tdb_BME680":27.79,"RH_BME680":50.03,"P_BME680":102.58,"Alt_BME680":-139.95,"TVOC":878,"ECO2":1229,"RCO2":1915,"Tdb_scd30":29.8,"RH_scd30":48.2,"Lux":0,"PM1":3.39,"PM25":3.55,"PM10":3.7,"Air":89.99}
{"epoch":1567309602,"battery":3.72636795,"Tdb_BME680":27.93,"RH_BME680":49.92,"P_BME680":102.58,"Alt_BME680":-140.11,"TVOC":822,"ECO2":1209,"RCO2":1925,"Tdb_scd30":29.87,"RH_scd30":48.71,"Lux":0,"PM1":3.02,"PM25":3.16,"PM10":3.29,"Air":91.66}
{"epoch":1567309664,"battery":3.710654497,"Tdb_BME680":27.95,"RH_BME680":50.37,"P_BME680":102.58,"Alt_BME680":-140.11,"TVOC":690,"ECO2":1123,"RCO2":1900,"Tdb_scd30":29.98,"RH_scd30":48.35,"Lux":0,"PM1":3.52,"PM25":3.68,"PM10":3.84,"Air":91.37}
{"epoch":1567309726,"battery":4.257263184,"Tdb_BME680":28.02,"RH_BME680":50,"P_BME680":102.58,"Alt_BME680":-140.28,"TVOC":683,"ECO2":1114,"RCO2":1891,"Tdb_scd30":30.09,"RH_scd30":48.07,"Lux":0,"PM1":3.37,"PM25":3.46,"PM10":3.55,"Air":92.18}
{"epoch":1567309787,"battery":3.746571302,"Tdb_BME680":28.12,"RH_BME680":50.29,"P_BME680":102.57,"Alt_BME680":-139.78,"TVOC":669,"ECO2":1178,"RCO2":1840,"Tdb_scd30":30.04,"RH_scd30":48.91,"Lux":0,"PM1":3.42,"PM25":3.52,"PM10":3.61,"Air":91.08}
{"epoch":1567309849,"battery":3.656779289,"Tdb_BME680":28.04,"RH_BME680":50.7,"P_BME680":102.57,"Alt_BME680":-139.78,"TVOC":688,"ECO2":1166,"RCO2":1906,"Tdb_scd30":29.61,"RH_scd30":49.43,"Lux":0,"PM1":3.73,"PM25":3.83,"PM10":3.93,"Air":78.7}
{"epoch":1567309911,"battery":3.669125557,"Tdb_BME680":27.72,"RH_BME680":49.69,"P_BME680":102.57,"Alt_BME680":-139.62,"TVOC":661,"ECO2":1082,"RCO2":1914,"Tdb_scd30":29.14,"RH_scd30":48.72,"Lux":0,"PM1":2.98,"PM25":3.06,"PM10":3.14,"Air":86.58}
{"epoch":1567309973,"battery":4.068699837,"Tdb_BME680":27.37,"RH_BME680":49.02,"P_BME680":102.57,"Alt_BME680":-139.62,"TVOC":649,"ECO2":1018,"RCO2":1918,"Tdb_scd30":28.88,"RH_scd30":48.15,"Lux":0,"PM1":3.16,"PM25":3.27,"PM10":3.36,"Air":85.61}
{"epoch":1567310034,"battery":3.694940805,"Tdb_BME680":27.38,"RH_BME680":49.24,"P_BME680":102.58,"Alt_BME680":-140.11,"TVOC":667,"ECO2":1049,"RCO2":1922,"Tdb_scd30":29.3,"RH_scd30":47.52,"Lux":0,"PM1":3.01,"PM25":3.12,"PM10":3.23,"Air":86.65}
{"epoch":1567310096,"battery":3.736469507,"Tdb_BME680":27.54,"RH_BME680":48.69,"P_BME680":102.58,"Alt_BME680":-140.11,"TVOC":633,"ECO2":950,"RCO2":1883,"Tdb_scd30":29.53,"RH_scd30":46.82,"Lux":0,"PM1":3.07,"PM25":3.18,"PM10":3.27,"Air":87.64}
{"epoch":1567310158,"battery":4.365013599,"Tdb_BME680":27.65,"RH_BME680":50.09,"P_BME680":102.58,"Alt_BME680":-140.11,"TVOC":617,"ECO2":966,"RCO2":1865,"Tdb_scd30":29.57,"RH_scd30":48.41,"Lux":0,"PM1":2.95,"PM25":3.05,"PM10":3.14,"Air":88.42}
{"epoch":1567310219,"battery":3.712899208,"Tdb_BME680":27.73,"RH_BME680":49.78,"P_BME680":102.58,"Alt_BME680":-140.61,"TVOC":631,"ECO2":1029,"RCO2":1866,"Tdb_scd30":29.9,"RH_scd30":47.57,"Lux":0,"PM1":3.14,"PM25":3.25,"PM10":3.36,"Air":78.26}
{"epoch":1567310281,"battery":3.714021683,"Tdb_BME680":27.87,"RH_BME680":49.42,"P_BME680":102.59,"Alt_BME680":-140.94,"TVOC":557,"ECO2":879,"RCO2":1809,"Tdb_scd30":29.98,"RH_scd30":46.99,"Lux":0,"PM1":2.48,"PM25":2.54,"PM10":2.61,"Air":87.79}
{"epoch":1567310343,"battery":4.219101429,"Tdb_BME680":27.92,"RH_BME680":50.5,"P_BME680":102.59,"Alt_BME680":-140.77,"TVOC":636,"ECO2":1039,"RCO2":1852,"Tdb_scd30":29.93,"RH_scd30":48.69,"Lux":0,"PM1":2.57,"PM25":2.63,"PM10":2.69,"Air":90.51}
{"epoch":1567310405,"battery":3.764529705,"Tdb_BME680":27.98,"RH_BME680":49.86,"P_BME680":102.6,"Alt_BME680":-141.68,"TVOC":593,"ECO2":898,"RCO2":1834,"Tdb_scd30":30.11,"RH_scd30":47.61,"Lux":0,"PM1":2.66,"PM25":2.74,"PM10":2.81,"Air":92.41}
{"epoch":1567310466,"battery":3.720756054,"Tdb_BME680":28.06,"RH_BME680":49.85,"P_BME680":102.59,"Alt_BME680":-141.68,"TVOC":515,"ECO2":746,"RCO2":1800,"Tdb_scd30":30.11,"RH_scd30":47.92,"Lux":0,"PM1":3.36,"PM25":3.47,"PM10":3.57,"Air":91.08}
{"epoch":1567310528,"battery":3.68708396,"Tdb_BME680":28.1,"RH_BME680":50.37,"P_BME680":102.59,"Alt_BME680":-140.94,"TVOC":596,"ECO2":959,"RCO2":1810,"Tdb_scd30":30.09,"RH_scd30":48.49,"Lux":0,"PM1":2.74,"PM25":2.83,"PM10":2.91,"Air":89.99}
{"epoch":1567310590,"battery":4.197775841,"Tdb_BME680":28.13,"RH_BME680":49.72,"P_BME680":102.6,"Alt_BME680":-141.85,"TVOC":552,"ECO2":914,"RCO2":1788,"Tdb_scd30":30.34,"RH_scd30":47.52,"Lux":0,"PM1":3.03,"PM25":3.12,"PM10":3.2,"Air":89.71}
{"epoch":1567310651,"battery":3.816159964,"Tdb_BME680":28.2,"RH_BME680":49.88,"P_BME680":102.59,"Alt_BME680":-140.94,"TVOC":567,"ECO2":905,"RCO2":1779,"Tdb_scd30":30.39,"RH_scd30":47.68,"Lux":0,"PM1":2.57,"PM25":2.65,"PM10":2.73,"Air":78.36}
{"epoch":1567310713,"battery":3.683716774,"Tdb_BME680":28.18,"RH_BME680":50.9,"P_BME680":102.6,"Alt_BME680":-141.85,"TVOC":601,"ECO2":1003,"RCO2":1772,"Tdb_scd30":30.05,"RH_scd30":48.96,"Lux":0,"PM1":2.95,"PM25":3.04,"PM10":3.12,"Air":89.42}
{"epoch":1567310775,"battery":4.246039391,"Tdb_BME680":27.94,"RH_BME680":49.66,"P_BME680":102.6,"Alt_BME680":-141.85,"TVOC":594,"ECO2":902,"RCO2":1785,"Tdb_scd30":29.39,"RH_scd30":48.45,"Lux":0,"PM1":2.74,"PM25":2.84,"PM10":2.92,"Air":87.92}
{"epoch":1567310837,"battery":3.717388868,"Tdb_BME680":27.56,"RH_BME680":48.72,"P_BME680":102.6,"Alt_BME680":-142.01,"TVOC":551,"ECO2":800,"RCO2":1770,"Tdb_scd30":28.85,"RH_scd30":47.93,"Lux":0,"PM1":2.61,"PM25":2.7,"PM10":2.78,"Air":84.31}
{"epoch":1567310898,"battery":3.711776733,"Tdb_BME680":27.43,"RH_BME680":48.65,"P_BME680":102.6,"Alt_BME680":-142.01,"TVOC":506,"ECO2":699,"RCO2":1733,"Tdb_scd30":29.23,"RH_scd30":47.23,"Lux":0,"PM1":2.88,"PM25":2.97,"PM10":3.06,"Air":84.78}
{"epoch":1567310960,"battery":4.23706007,"Tdb_BME680":27.55,"RH_BME680":48.22,"P_BME680":102.6,"Alt_BME680":-141.85,"TVOC":482,"ECO2":681,"RCO2":1686,"Tdb_scd30":29.58,"RH_scd30":46.49,"Lux":0,"PM1":2.77,"PM25":2.86,"PM10":2.95,"Air":84.51}
{"epoch":1567311022,"battery":3.764529705,"Tdb_BME680":27.67,"RH_BME680":49.54,"P_BME680":102.6,"Alt_BME680":-142.01,"TVOC":520,"ECO2":801,"RCO2":1668,"Tdb_scd30":29.52,"RH_scd30":48.29,"Lux":0,"PM1":2.9,"PM25":2.98,"PM10":3.06,"Air":74.63}
{"epoch":1567311083,"battery":3.727490425,"Tdb_BME680":27.73,"RH_BME680":49.4,"P_BME680":102.6,"Alt_BME680":-142.01,"TVOC":501,"ECO2":766,"RCO2":1676,"Tdb_scd30":29.85,"RH_scd30":47.23,"Lux":0,"PM1":2.62,"PM25":2.69,"PM10":2.75,"Air":86.3}
{"epoch":1567311145,"battery":4.342565536,"Tdb_BME680":27.82,"RH_BME680":48.73,"P_BME680":102.6,"Alt_BME680":-141.68,"TVOC":446,"ECO2":611,"RCO2":1670,"Tdb_scd30":30.08,"RH_scd30":46.39,"Lux":0,"PM1":2.5,"PM25":2.55,"PM10":2.6,"Air":89.42}
{"epoch":1567311207,"battery":3.666880846,"Tdb_BME680":27.9,"RH_BME680":49.82,"P_BME680":102.6,"Alt_BME680":-142.01,"TVOC":506,"ECO2":792,"RCO2":1660,"Tdb_scd30":29.78,"RH_scd30":48.18,"Lux":0,"PM1":2.49,"PM25":2.55,"PM10":2.59,"Air":88.13}
{"epoch":1567311269,"battery":3.718511105,"Tdb_BME680":27.94,"RH_BME680":49.36,"P_BME680":102.6,"Alt_BME680":-142.01,"TVOC":497,"ECO2":694,"RCO2":1660,"Tdb_scd30":30.11,"RH_scd30":47.28,"Lux":0,"PM1":3.04,"PM25":3.1,"PM10":3.15,"Air":87.85}
{"epoch":1567311330,"battery":4.219101429,"Tdb_BME680":28.05,"RH_BME680":49.14,"P_BME680":102.6,"Alt_BME680":-142.18,"TVOC":467,"ECO2":711,"RCO2":1640,"Tdb_scd30":30.12,"RH_scd30":47.34,"Lux":0,"PM1":2.34,"PM25":2.39,"PM10":2.43,"Air":88.63}
{"epoch":1567311392,"battery":3.707287312,"Tdb_BME680":28.11,"RH_BME680":50.22,"P_BME680":102.6,"Alt_BME680":-142.26,"TVOC":512,"ECO2":788,"RCO2":1662,"Tdb_scd30":30.15,"RH_scd30":48.37,"Lux":0,"PM1":3.25,"PM25":3.33,"PM10":3.4,"Air":81.55}
{"epoch":1567311454,"battery":3.731980085,"Tdb_BME680":27.96,"RH_BME680":49.85,"P_BME680":102.6,"Alt_BME680":-142.18,"TVOC":527,"ECO2":787,"RCO2":1687,"Tdb_scd30":29.49,"RH_scd30":48.66,"Lux":0,"PM1":2.51,"PM25":2.56,"PM10":2.61,"Air":78.03}
{"epoch":1567311515,"battery":4.284200668,"Tdb_BME680":27.63,"RH_BME680":49.02,"P_BME680":102.6,"Alt_BME680":-142.59,"TVOC":509,"ECO2":705,"RCO2":1683,"Tdb_scd30":28.95,"RH_scd30":48.18,"Lux":0,"PM1":2.6,"PM25":2.65,"PM10":2.7,"Air":81.74}
{"epoch":1567311577,"battery":3.749938488,"Tdb_BME680":27.34,"RH_BME680":49.05,"P_BME680":102.61,"Alt_BME680":-142.42,"TVOC":508,"ECO2":737,"RCO2":1708,"Tdb_scd30":29.09,"RH_scd30":47.68,"Lux":0,"PM1":2.38,"PM25":2.44,"PM10":2.48,"Air":82.01}
{"epoch":1567311639,"battery":3.72636795,"Tdb_BME680":27.42,"RH_BME680":48.98,"P_BME680":102.61,"Alt_BME680":-142.75,"TVOC":502,"ECO2":701,"RCO2":1722,"Tdb_scd30":29.53,"RH_scd30":46.99,"Lux":0,"PM1":2.7,"PM25":2.76,"PM10":2.81,"Air":84.51}
{"epoch":1567311701,"battery":3.82626152,"Tdb_BME680":27.61,"RH_BME680":48.47,"P_BME680":102.61,"Alt_BME680":-142.42,"TVOC":460,"ECO2":665,"RCO2":1693,"Tdb_scd30":29.64,"RH_scd30":47.1,"Lux":0,"PM1":2.24,"PM25":2.29,"PM10":2.34,"Air":84.71}
{"epoch":1567311762,"battery":4.15400219,"Tdb_BME680":27.66,"RH_BME680":50.03,"P_BME680":102.61,"Alt_BME680":-142.42,"TVOC":508,"ECO2":745,"RCO2":1701,"Tdb_scd30":29.71,"RH_scd30":47.99,"Lux":0,"PM1":2.45,"PM25":2.51,"PM10":2.56,"Air":83.49}
{"epoch":1567311824,"battery":3.743204117,"Tdb_BME680":27.79,"RH_BME680":49.84,"P_BME680":102.61,"Alt_BME680":-142.59,"TVOC":541,"ECO2":808,"RCO2":1705,"Tdb_scd30":29.81,"RH_scd30":47.97,"Lux":0,"PM1":2.58,"PM25":2.64,"PM10":2.7,"Air":72.29}
{"epoch":1567311886,"battery":3.72187829,"Tdb_BME680":27.93,"RH_BME680":49.65,"P_BME680":102.61,"Alt_BME680":-142.75,"TVOC":492,"ECO2":821,"RCO2":1677,"Tdb_scd30":29.84,"RH_scd30":48.59,"Lux":0,"PM1":2.1,"PM25":2.14,"PM10":2.18,"Air":83.69}
{"epoch":1567311947,"battery":4.283078194,"Tdb_BME680":27.96,"RH_BME680":50.48,"P_BME680":102.61,"Alt_BME680":-142.92,"TVOC":569,"ECO2":838,"RCO2":1711,"Tdb_scd30":30.05,"RH_scd30":48.34,"Lux":0,"PM1":2.37,"PM25":2.42,"PM10":2.46,"Air":87.57}
{"epoch":1567312009,"battery":3.739836693,"Tdb_BME680":28.04,"RH_BME680":50.17,"P_BME680":102.61,"Alt_BME680":-143.08,"TVOC":566,"ECO2":866,"RCO2":1706,"Tdb_scd30":30.19,"RH_scd30":47.95,"Lux":0,"PM1":2.14,"PM25":2.19,"PM10":2.23,"Air":85.75}
{"epoch":1567312071,"battery":3.737591982,"Tdb_BME680":28.13,"RH_BME680":50.57,"P_BME680":102.62,"Alt_BME680":-143.41,"TVOC":594,"ECO2":919,"RCO2":1711,"Tdb_scd30":30.09,"RH_scd30":49.05,"Lux":0,"PM1":2.62,"PM25":2.69,"PM10":2.76,"Air":85.47}
{"epoch":1567312133,"battery":4.152880192,"Tdb_BME680":28.05,"RH_BME680":50.81,"P_BME680":102.61,"Alt_BME680":-143.08,"TVOC":672,"ECO2":998,"RCO2":1783,"Tdb_scd30":29.64,"RH_scd30":49.39,"Lux":0.021600001,"PM1":2.7,"PM25":2.77,"PM10":2.83,"Air":83.41}
{"epoch":1567312194,"battery":3.771264076,"Tdb_BME680":27.75,"RH_BME680":49.84,"P_BME680":102.61,"Alt_BME680":-143.25,"TVOC":668,"ECO2":919,"RCO2":1818,"Tdb_scd30":29.09,"RH_scd30":48.86,"Lux":0.0072,"PM1":2.49,"PM25":2.55,"PM10":2.6,"Air":69.29}
{"epoch":1567312256,"battery":3.705042362,"Tdb_BME680":27.43,"RH_BME680":49.18,"P_BME680":102.62,"Alt_BME680":-143.58,"TVOC":666,"ECO2":874,"RCO2":1789,"Tdb_scd30":28.74,"RH_scd30":48.54,"Lux":0,"PM1":2.01,"PM25":2.06,"PM10":2.11,"Air":77.22}
{"epoch":1567312318,"battery":3.753305674,"Tdb_BME680":27.41,"RH_BME680":49.44,"P_BME680":102.62,"Alt_BME680":-143.74,"TVOC":719,"ECO2":946,"RCO2":1803,"Tdb_scd30":29.17,"RH_scd30":48.13,"Lux":0,"PM1":2.48,"PM25":2.54,"PM10":2.59,"Air":79.61}
{"epoch":1567312379,"battery":4.178695202,"Tdb_BME680":27.55,"RH_BME680":48.51,"P_BME680":102.62,"Alt_BME680":-143.58,"TVOC":595,"ECO2":833,"RCO2":1719,"Tdb_scd30":29.61,"RH_scd30":46.83,"Lux":0.021600001,"PM1":2.46,"PM25":2.52,"PM10":2.56,"Air":80.86}
{"epoch":1567312441,"battery":3.762284756,"Tdb_BME680":27.65,"RH_BME680":50.56,"P_BME680":102.62,"Alt_BME680":-143.74,"TVOC":673,"ECO2":940,"RCO2":1785,"Tdb_scd30":29.6,"RH_scd30":48.75,"Lux":0.0072,"PM1":2.16,"PM25":2.21,"PM10":2.25,"Air":80.67}
{"epoch":1567312503,"battery":3.747693539,"Tdb_BME680":27.73,"RH_BME680":50.3,"P_BME680":102.62,"Alt_BME680":-143.58,"TVOC":693,"ECO2":981,"RCO2":1801,"Tdb_scd30":29.63,"RH_scd30":48.69,"Lux":0,"PM1":2.56,"PM25":2.62,"PM10":2.67,"Air":80.93}
{"epoch":1567312565,"battery":4.257263184,"Tdb_BME680":27.85,"RH_BME680":49.64,"P_BME680":102.62,"Alt_BME680":-143.58,"TVOC":641,"ECO2":880,"RCO2":1791,"Tdb_scd30":29.91,"RH_scd30":47.69,"Lux":0,"PM1":2.49,"PM25":2.53,"PM10":2.58,"Air":73.62}
{"epoch":1567312626,"battery":3.690451145,"Tdb_BME680":27.91,"RH_BME680":50.71,"P_BME680":102.62,"Alt_BME680":-143.74,"TVOC":664,"ECO2":909,"RCO2":1775,"Tdb_scd30":29.83,"RH_scd30":48.86,"Lux":0,"PM1":1.89,"PM25":1.93,"PM10":1.96,"Air":71.54}
{"epoch":1567312688,"battery":3.764529705,"Tdb_BME680":27.95,"RH_BME680":50.15,"P_BME680":102.62,"Alt_BME680":-143.58,"TVOC":604,"ECO2":792,"RCO2":1750,"Tdb_scd30":30.05,"RH_scd30":47.92,"Lux":0,"PM1":2.22,"PM25":2.26,"PM10":2.3,"Air":78.89}
{"epoch":1567312750,"battery":4.327974319,"Tdb_BME680":28.03,"RH_BME680":49.21,"P_BME680":102.62,"Alt_BME680":-143.74,"TVOC":518,"ECO2":674,"RCO2":1657,"Tdb_scd30":30.21,"RH_scd30":47.31,"Lux":0,"PM1":2.23,"PM25":2.28,"PM10":2.32,"Air":80.86}
{"epoch":1567312811,"battery":4.069822311,"Tdb_BME680":28.06,"RH_BME680":50.64,"P_BME680":102.62,"Alt_BME680":-143.58,"TVOC":640,"ECO2":886,"RCO2":1685,"Tdb_scd30":30.17,"RH_scd30":48.67,"Lux":0,"PM1":1.97,"PM25":2.01,"PM10":2.04,"Air":79.87}
{"epoch":1567312873,"battery":3.873402357,"Tdb_BME680":28.1,"RH_BME680":50.46,"P_BME680":102.62,"Alt_BME680":-143.74,"TVOC":652,"ECO2":902,"RCO2":1709,"Tdb_scd30":30.35,"RH_scd30":48.03,"Lux":0,"PM1":1.72,"PM25":1.75,"PM10":1.78,"Air":80.86}
{"epoch":1567312935,"battery":3.769019127,"Tdb_BME680":28.17,"RH_BME680":49.54,"P_BME680":102.62,"Alt_BME680":-143.58,"TVOC":579,"ECO2":815,"RCO2":1699,"Tdb_scd30":30.38,"RH_scd30":47.44,"Lux":0,"PM1":2.62,"PM25":2.67,"PM10":2.72,"Air":78}
{"epoch":1567312997,"battery":4.258385658,"Tdb_BME680":28.15,"RH_BME680":50.94,"P_BME680":102.62,"Alt_BME680":-143.58,"TVOC":638,"ECO2":895,"RCO2":1696,"Tdb_scd30":29.94,"RH_scd30":49.18,"Lux":0,"PM1":2.49,"PM25":2.54,"PM10":2.58,"Air":66.27}
{"epoch":1567313058,"battery":3.790344715,"Tdb_BME680":27.87,"RH_BME680":49.82,"P_BME680":102.62,"Alt_BME680":-143.58,"TVOC":614,"ECO2":798,"RCO2":1693,"Tdb_scd30":29.29,"RH_scd30":48.74,"Lux":0,"PM1":2.26,"PM25":2.31,"PM10":2.35,"Air":75.32}
{"epoch":1567313120,"battery":3.716266394,"Tdb_BME680":27.51,"RH_BME680":48.99,"P_BME680":102.62,"Alt_BME680":-143.41,"TVOC":584,"ECO2":705,"RCO2":1700,"Tdb_scd30":28.68,"RH_scd30":48.38,"Lux":0,"PM1":2.07,"PM25":2.12,"PM10":2.16,"Air":70.02}
{"epoch":1567313182,"battery":4.340320587,"Tdb_BME680":27.36,"RH_BME680":49.11,"P_BME680":102.62,"Alt_BME680":-143.41,"TVOC":575,"ECO2":700,"RCO2":1671,"Tdb_scd30":29.1,"RH_scd30":47.64,"Lux":0,"PM1":2.09,"PM25":2.14,"PM10":2.18,"Air":72.79}
{"epoch":1567313243,"battery":3.734224796,"Tdb_BME680":27.49,"RH_BME680":48.99,"P_BME680":102.62,"Alt_BME680":-143.58,"TVOC":582,"ECO2":717,"RCO2":1663,"Tdb_scd30":29.53,"RH_scd30":47.1,"Lux":0,"PM1":1.9,"PM25":1.95,"PM10":2,"Air":73.29}
{"epoch":1567313305,"battery":4.470519066,"Tdb_BME680":27.63,"RH_BME680":49.83,"P_BME680":102.62,"Alt_BME680":-143.58,"TVOC":579,"ECO2":733,"RCO2":1656,"Tdb_scd30":29.43,"RH_scd30":48.6,"Lux":0,"PM1":2.05,"PM25":2.09,"PM10":2.14,"Air":73.62}
{"epoch":1567313367,"battery":4.124820232,"Tdb_BME680":27.7,"RH_BME680":49.64,"P_BME680":102.62,"Alt_BME680":-143.58,"TVOC":562,"ECO2":706,"RCO2":1622,"Tdb_scd30":29.65,"RH_scd30":48,"Lux":0,"PM1":2.45,"PM25":2.5,"PM10":2.54,"Air":69.68}
{"epoch":1567313429,"battery":3.839730501,"Tdb_BME680":27.8,"RH_BME680":49.28,"P_BME680":102.62,"Alt_BME680":-143.58,"TVOC":522,"ECO2":641,"RCO2":1614,"Tdb_scd30":30,"RH_scd30":46.99,"Lux":0,"PM1":2.35,"PM25":2.39,"PM10":2.43,"Air":63.44}
{"epoch":1567313490,"battery":3.753305674,"Tdb_BME680":27.88,"RH_BME680":50.24,"P_BME680":102.62,"Alt_BME680":-143.74,"TVOC":562,"ECO2":743,"RCO2":1609,"Tdb_scd30":29.83,"RH_scd30":48.54,"Lux":0,"PM1":2.13,"PM25":2.18,"PM10":2.22,"Air":70.73}
{"epoch":1567313552,"battery":4.317873001,"Tdb_BME680":27.92,"RH_BME680":49.94,"P_BME680":102.62,"Alt_BME680":-143.74,"TVOC":552,"ECO2":710,"RCO2":1601,"Tdb_scd30":30.09,"RH_scd30":47.68,"Lux":0,"PM1":1.9,"PM25":1.95,"PM10":1.99,"Air":72.04}
{"epoch":1567313614,"battery":3.836363316,"Tdb_BME680":28.01,"RH_BME680":49.39,"P_BME680":102.62,"Alt_BME680":-143.91,"TVOC":508,"ECO2":608,"RCO2":1565,"Tdb_scd30":30.21,"RH_scd30":46.98,"Lux":0,"PM1":1.92,"PM25":1.96,"PM10":2.01,"Air":71.13}
{"epoch":1567313675,"battery":3.846464872,"Tdb_BME680":28.06,"RH_BME680":50.33,"P_BME680":102.62,"Alt_BME680":-143.74,"TVOC":560,"ECO2":744,"RCO2":1562,"Tdb_scd30":30.05,"RH_scd30":48.51,"Lux":0,"PM1":2.19,"PM25":2.25,"PM10":2.3,"Air":70.64}
{"epoch":1567313737,"battery":4.312260628,"Tdb_BME680":28.07,"RH_BME680":50.15,"P_BME680":102.63,"Alt_BME680":-144.07,"TVOC":551,"ECO2":735,"RCO2":1571,"Tdb_scd30":30.31,"RH_scd30":47.68,"Lux":0,"PM1":2.16,"PM25":2.22,"PM10":2.27,"Air":70.89}
{"epoch":1567313799,"battery":4.038395405,"Tdb_BME680":28.11,"RH_BME680":50.01,"P_BME680":102.63,"Alt_BME680":-144.07,"TVOC":552,"ECO2":730,"RCO2":1567,"Tdb_scd30":30.19,"RH_scd30":48.03,"Lux":0,"PM1":2.4,"PM25":2.46,"PM10":2.5,"Air":62.54}
{"epoch":1567313861,"battery":3.982275248,"Tdb_BME680":28.17,"RH_BME680":50.33,"P_BME680":102.63,"Alt_BME680":-144.24,"TVOC":542,"ECO2":721,"RCO2":1577,"Tdb_scd30":30.31,"RH_scd30":48.13,"Lux":0,"PM1":2.14,"PM25":2.18,"PM10":2.22,"Air":62.3}
{"epoch":1567313922,"battery":4.303281784,"Tdb_BME680":28.18,"RH_BME680":49.56,"P_BME680":102.63,"Alt_BME680":-144.07,"TVOC":467,"ECO2":643,"RCO2":1482,"Tdb_scd30":30.08,"RH_scd30":47.57,"Lux":0,"PM1":2.74,"PM25":2.81,"PM10":2.88,"Air":65.66}
{"epoch":1567313984,"battery":4.099004745,"Tdb_BME680":27.96,"RH_BME680":48.24,"P_BME680":102.62,"Alt_BME680":-144.07,"TVOC":413,"ECO2":449,"RCO2":1487,"Tdb_scd30":30,"RH_scd30":46.27,"Lux":0,"PM1":1.81,"PM25":1.85,"PM10":1.88,"Air":64.82}
{"epoch":1567314046,"battery":3.876769543,"Tdb_BME680":27.75,"RH_BME680":47.89,"P_BME680":102.63,"Alt_BME680":-144.24,"TVOC":425,"ECO2":488,"RCO2":1464,"Tdb_scd30":29.83,"RH_scd30":45.97,"Lux":0,"PM1":2.05,"PM25":2.09,"PM10":2.12,"Air":63.39}
{"epoch":1567314107,"battery":3.887993574,"Tdb_BME680":27.82,"RH_BME680":47.62,"P_BME680":102.63,"Alt_BME680":-144.57,"TVOC":369,"ECO2":400,"RCO2":1437,"Tdb_scd30":29.98,"RH_scd30":45.42,"Lux":0,"PM1":2.44,"PM25":2.49,"PM10":2.53,"Air":64.59}
{"epoch":1567314169,"battery":4.47388649,"Tdb_BME680":27.99,"RH_BME680":47.39,"P_BME680":102.63,"Alt_BME680":-144.57,"TVOC":368,"ECO2":400,"RCO2":1397,"Tdb_scd30":30.03,"RH_scd30":45.55,"Lux":0,"PM1":2.22,"PM25":2.26,"PM10":2.3,"Air":62.12}
{"epoch":1567314231,"battery":3.939624071,"Tdb_BME680":28.07,"RH_BME680":47.66,"P_BME680":102.63,"Alt_BME680":-144.57,"TVOC":208,"ECO2":400,"RCO2":1307,"Tdb_scd30":30.03,"RH_scd30":45.88,"Lux":0,"PM1":1.74,"PM25":1.78,"PM10":1.81,"Air":52.38}
{"epoch":1567314293,"battery":3.983397484,"Tdb_BME680":27.93,"RH_BME680":46.84,"P_BME680":102.63,"Alt_BME680":-144.57,"TVOC":190,"ECO2":400,"RCO2":1294,"Tdb_scd30":29.78,"RH_scd30":45.27,"Lux":0,"PM1":2.02,"PM25":2.06,"PM10":2.09,"Air":57.65}
{"epoch":1567314354,"battery":4.596228123,"Tdb_BME680":27.77,"RH_BME680":46.58,"P_BME680":102.63,"Alt_BME680":-144.57,"TVOC":206,"ECO2":400,"RCO2":1289,"Tdb_scd30":29.88,"RH_scd30":44.63,"Lux":0,"PM1":1.87,"PM25":1.91,"PM10":1.94,"Air":58.73}
{"epoch":1567314416,"battery":3.994621515,"Tdb_BME680":27.87,"RH_BME680":46.49,"P_BME680":102.63,"Alt_BME680":-144.9,"TVOC":187,"ECO2":400,"RCO2":1267,"Tdb_scd30":30,"RH_scd30":44.42,"Lux":0,"PM1":2.35,"PM25":2.39,"PM10":2.43,"Air":58.95}
{"epoch":1567314478,"battery":3.971051216,"Tdb_BME680":27.97,"RH_BME680":46.5,"P_BME680":102.63,"Alt_BME680":-144.4,"TVOC":196,"ECO2":400,"RCO2":1254,"Tdb_scd30":30.03,"RH_scd30":45.18,"Lux":0,"PM1":2.26,"PM25":2.3,"PM10":2.34,"Air":57.75}
{"epoch":1567314539,"battery":4.370625496,"Tdb_BME680":28.07,"RH_BME680":48.68,"P_BME680":102.63,"Alt_BME680":-144.57,"TVOC":236,"ECO2":400,"RCO2":1276,"Tdb_scd30":30.07,"RH_scd30":47.06,"Lux":0,"PM1":2.74,"PM25":2.79,"PM10":2.84,"Air":57.1}
{"epoch":1567314601,"battery":4.294302464,"Tdb_BME680":27.93,"RH_BME680":48.03,"P_BME680":102.63,"Alt_BME680":-144.73,"TVOC":219,"ECO2":400,"RCO2":1352,"Tdb_scd30":29.47,"RH_scd30":46.78,"Lux":0,"PM1":2.71,"PM25":2.77,"PM10":2.81,"Air":53.81}
{"epoch":1567314663,"battery":3.9328897,"Tdb_BME680":27.56,"RH_BME680":47.81,"P_BME680":102.63,"Alt_BME680":-144.9,"TVOC":210,"ECO2":400,"RCO2":1294,"Tdb_scd30":29.25,"RH_scd30":46.57,"Lux":0,"PM1":2.55,"PM25":2.6,"PM10":2.64,"Air":41.55}
{"epoch":1567314724,"battery":4.027171135,"Tdb_BME680":27.59,"RH_BME680":48.04,"P_BME680":102.64,"Alt_BME680":-145.06,"TVOC":247,"ECO2":400,"RCO2":1281,"Tdb_scd30":29.53,"RH_scd30":46.48,"Lux":0,"PM1":2.61,"PM25":2.66,"PM10":2.71,"Air":49.8}
{"epoch":1567314786,"battery":4.596228123,"Tdb_BME680":27.74,"RH_BME680":47.87,"P_BME680":102.64,"Alt_BME680":-144.73,"TVOC":243,"ECO2":400,"RCO2":1300,"Tdb_scd30":29.8,"RH_scd30":45.99,"Lux":0,"PM1":2.82,"PM25":2.87,"PM10":2.92,"Air":50.58}
{"epoch":1567314848,"battery":4.166348934,"Tdb_BME680":27.83,"RH_BME680":49.01,"P_BME680":102.63,"Alt_BME680":-145.06,"TVOC":227,"ECO2":400,"RCO2":1288,"Tdb_scd30":29.77,"RH_scd30":47.26,"Lux":0,"PM1":2.1,"PM25":2.14,"PM10":2.18,"Air":49.89}
{"epoch":1567314910,"battery":4.061965466,"Tdb_BME680":27.93,"RH_BME680":48.67,"P_BME680":102.64,"Alt_BME680":-144.73,"TVOC":237,"ECO2":400,"RCO2":1287,"Tdb_scd30":29.98,"RH_scd30":46.79,"Lux":0,"PM1":2.41,"PM25":2.46,"PM10":2.5,"Air":49.02}
{"epoch":1567314971,"battery":4.596228123,"Tdb_BME680":28.05,"RH_BME680":48.49,"P_BME680":102.64,"Alt_BME680":-145.06,"TVOC":239,"ECO2":400,"RCO2":1284,"Tdb_scd30":30.15,"RH_scd30":46.44,"Lux":0,"PM1":2.77,"PM25":2.83,"PM10":2.87,"Air":46.57}
{"epoch":1567315033,"battery":4.193286419,"Tdb_BME680":28.1,"RH_BME680":49.23,"P_BME680":102.64,"Alt_BME680":-144.9,"TVOC":284,"ECO2":400,"RCO2":1253,"Tdb_scd30":30.05,"RH_scd30":47.64,"Lux":0,"PM1":2.73,"PM25":2.79,"PM10":2.83,"Air":38.07}
{"epoch":1567315095,"battery":4.084413528,"Tdb_BME680":28.15,"RH_BME680":49.14,"P_BME680":102.64,"Alt_BME680":-145.23,"TVOC":278,"ECO2":400,"RCO2":1241,"Tdb_scd30":30.27,"RH_scd30":47.06,"Lux":0,"PM1":2.14,"PM25":2.18,"PM10":2.22,"Air":41.61}
{"epoch":1567315156,"battery":4.395318508,"Tdb_BME680":27.99,"RH_BME680":49.08,"P_BME680":102.64,"Alt_BME680":-145.39,"TVOC":409,"ECO2":412,"RCO2":1270,"Tdb_scd30":29.42,"RH_scd30":47.93,"Lux":0,"PM1":2.45,"PM25":2.5,"PM10":2.54,"Air":40.1}
{"epoch":1567315218,"battery":4.443581581,"Tdb_BME680":27.54,"RH_BME680":48.56,"P_BME680":102.65,"Alt_BME680":-145.23,"TVOC":419,"ECO2":400,"RCO2":1318,"Tdb_scd30":28.83,"RH_scd30":47.89,"Lux":0,"PM1":2.16,"PM25":2.2,"PM10":2.24,"Air":37.03}
{"epoch":1567315280,"battery":4.159614563,"Tdb_BME680":27.13,"RH_BME680":48.1,"P_BME680":102.65,"Alt_BME680":-146.05,"TVOC":444,"ECO2":400,"RCO2":1296,"Tdb_scd30":28.41,"RH_scd30":47.5,"Lux":0,"PM1":2.47,"PM25":2.52,"PM10":2.56,"Air":34.06}
{"epoch":1567315342,"battery":4.257263184,"Tdb_BME680":26.82,"RH_BME680":47.6,"P_BME680":102.65,"Alt_BME680":-146.05,"TVOC":449,"ECO2":400,"RCO2":1357,"Tdb_scd30":27.93,"RH_scd30":47.33,"Lux":0,"PM1":2.28,"PM25":2.33,"PM10":2.36,"Air":30.6}
{"epoch":1567315403,"battery":4.596228123,"Tdb_BME680":26.49,"RH_BME680":47.24,"P_BME680":102.65,"Alt_BME680":-146.05,"TVOC":465,"ECO2":400,"RCO2":1322,"Tdb_scd30":27.49,"RH_scd30":47.18,"Lux":0,"PM1":1.7,"PM25":1.73,"PM10":1.76,"Air":28.24}
