{"epoch":1581815830,"battery":3.661268711,"Tdb_BME680":18.77,"RH_BME680":31.59,"P_BME680":103,"Alt_BME680":-174.54,"TVOC":0,"ECO2":408,"RCO2":855,"Tdb_scd30":19.7,"RH_scd30":31.49,"Lux":0.81,"PM1":1.51,"PM25":1.88,"PM10":2.19,"Air":null}
{"epoch":1581815892,"battery":3.645555258,"Tdb_BME680":19.04,"RH_BME680":30.53,"P_BME680":102.99,"Alt_BME680":-174.38,"TVOC":0,"ECO2":400,"RCO2":816,"Tdb_scd30":20.39,"RH_scd30":30.2,"Lux":1.79,"PM1":1.31,"PM25":1.62,"PM10":1.87,"Air":null}
{"epoch":1581815954,"battery":3.611883163,"Tdb_BME680":19.36,"RH_BME680":30.47,"P_BME680":102.99,"Alt_BME680":-174.38,"TVOC":0,"ECO2":400,"RCO2":882,"Tdb_scd30":20.97,"RH_scd30":28.97,"Lux":1.32,"PM1":1.32,"PM25":1.58,"PM10":1.79,"Air":null}
{"epoch":1581816016,"battery":3.551273584,"Tdb_BME680":19.73,"RH_BME680":29.67,"P_BME680":102.99,"Alt_BME680":-174.21,"TVOC":27,"ECO2":913,"RCO2":849,"Tdb_scd30":21.49,"RH_scd30":28.07,"Lux":0.35,"PM1":2.81,"PM25":3.37,"PM10":3.82,"Air":null}
{"epoch":1581816077,"battery":3.618617535,"Tdb_BME680":20.11,"RH_BME680":28.99,"P_BME680":103,"Alt_BME680":-174.54,"TVOC":102,"ECO2":723,"RCO2":828,"Tdb_scd30":21.96,"RH_scd30":27.19,"Lux":0.12,"PM1":1.55,"PM25":1.86,"PM10":2.11,"Air":null}
{"epoch":1581816139,"battery":3.625351906,"Tdb_BME680":20.48,"RH_BME680":28.25,"P_BME680":102.99,"Alt_BME680":-174.54,"TVOC":0,"ECO2":492,"RCO2":794,"Tdb_scd30":22.45,"RH_scd30":26.37,"Lux":0.4,"PM1":2.22,"PM25":2.67,"PM10":3.03,"Air":null}
{"epoch":1581816201,"battery":3.619740009,"Tdb_BME680":20.82,"RH_BME680":27.62,"P_BME680":103,"Alt_BME680":-174.87,"TVOC":0,"ECO2":483,"RCO2":778,"Tdb_scd30":22.79,"RH_scd30":25.75,"Lux":0.17,"PM1":1.63,"PM25":1.93,"PM10":2.18,"Air":null}
{"epoch":1581816263,"battery":3.608515978,"Tdb_BME680":21.15,"RH_BME680":27.1,"P_BME680":103,"Alt_BME680":-174.38,"TVOC":0,"ECO2":479,"RCO2":769,"Tdb_scd30":23.18,"RH_scd30":25.17,"Lux":0.46,"PM1":1.99,"PM25":2.37,"PM10":2.67,"Air":null}
{"epoch":1581816325,"battery":3.562497616,"Tdb_BME680":21.48,"RH_BME680":26.54,"P_BME680":102.99,"Alt_BME680":-174.38,"TVOC":0,"ECO2":456,"RCO2":765,"Tdb_scd30":23.54,"RH_scd30":24.47,"Lux":0.17,"PM1":1.83,"PM25":2.16,"PM10":2.43,"Air":null}
{"epoch":1581816387,"battery":3.635453701,"Tdb_BME680":21.81,"RH_BME680":25.95,"P_BME680":102.99,"Alt_BME680":-174.21,"TVOC":8,"ECO2":451,"RCO2":750,"Tdb_scd30":23.8,"RH_scd30":24.18,"Lux":0.4,"PM1":2.22,"PM25":2.69,"PM10":3.06,"Air":null}
{"epoch":1581816448,"battery":3.635453701,"Tdb_BME680":22.05,"RH_BME680":25.7,"P_BME680":102.99,"Alt_BME680":-174.21,"TVOC":3,"ECO2":448,"RCO2":755,"Tdb_scd30":24.08,"RH_scd30":23.93,"Lux":0.23,"PM1":2.3,"PM25":2.78,"PM10":3.18,"Air":null}
{"epoch":1581816510,"battery":3.628719091,"Tdb_BME680":22.26,"RH_BME680":25.45,"P_BME680":102.99,"Alt_BME680":-174.05,"TVOC":0,"ECO2":436,"RCO2":750,"Tdb_scd30":24.32,"RH_scd30":23.6,"Lux":0.35,"PM1":3.38,"PM25":4.19,"PM10":4.86,"Air":null}
{"epoch":1581816572,"battery":3.632086515,"Tdb_BME680":22.46,"RH_BME680":25.16,"P_BME680":102.99,"Alt_BME680":-174.05,"TVOC":0,"ECO2":442,"RCO2":745,"Tdb_scd30":24.55,"RH_scd30":23.4,"Lux":0.29,"PM1":3.36,"PM25":4.33,"PM10":5.15,"Air":null}
{"epoch":1581816634,"battery":3.556885481,"Tdb_BME680":22.65,"RH_BME680":24.84,"P_BME680":102.99,"Alt_BME680":-173.88,"TVOC":4,"ECO2":443,"RCO2":738,"Tdb_scd30":24.74,"RH_scd30":23.07,"Lux":0.29,"PM1":2.88,"PM25":3.85,"PM10":4.68,"Air":null}
{"epoch":1581816696,"battery":3.607393503,"Tdb_BME680":22.82,"RH_BME680":24.55,"P_BME680":102.98,"Alt_BME680":-173.56,"TVOC":3,"ECO2":420,"RCO2":731,"Tdb_scd30":24.93,"RH_scd30":22.83,"Lux":0.35,"PM1":3.33,"PM25":4.53,"PM10":5.55,"Air":null}
{"epoch":1581816758,"battery":3.617495298,"Tdb_BME680":22.99,"RH_BME680":24.22,"P_BME680":102.98,"Alt_BME680":-173.56,"TVOC":2,"ECO2":431,"RCO2":724,"Tdb_scd30":25.1,"RH_scd30":22.42,"Lux":0.17,"PM1":2.89,"PM25":3.9,"PM10":4.75,"Air":null}
{"epoch":1581816819,"battery":3.618617535,"Tdb_BME680":23.14,"RH_BME680":23.93,"P_BME680":102.98,"Alt_BME680":-173.23,"TVOC":4,"ECO2":408,"RCO2":718,"Tdb_scd30":25.27,"RH_scd30":22.03,"Lux":0.46,"PM1":3.1,"PM25":4.22,"PM10":5.18,"Air":null}
{"epoch":1581816881,"battery":3.561375141,"Tdb_BME680":23.28,"RH_BME680":23.67,"P_BME680":102.98,"Alt_BME680":-172.9,"TVOC":0,"ECO2":401,"RCO2":715,"Tdb_scd30":25.42,"RH_scd30":21.88,"Lux":0.17,"PM1":2.62,"PM25":3.49,"PM10":4.22,"Air":null}
{"epoch":1581816943,"battery":3.609638453,"Tdb_BME680":23.41,"RH_BME680":23.37,"P_BME680":102.98,"Alt_BME680":-173.23,"TVOC":5,"ECO2":400,"RCO2":708,"Tdb_scd30":25.51,"RH_scd30":21.48,"Lux":0.46,"PM1":3,"PM25":3.81,"PM10":4.48,"Air":null}
{"epoch":1581817005,"battery":3.613005638,"Tdb_BME680":23.52,"RH_BME680":23.11,"P_BME680":102.98,"Alt_BME680":-173.06,"TVOC":10,"ECO2":400,"RCO2":705,"Tdb_scd30":25.62,"RH_scd30":21.3,"Lux":0.12,"PM1":3,"PM25":3.81,"PM10":4.49,"Air":null}
{"epoch":1581817067,"battery":3.619740009,"Tdb_BME680":23.62,"RH_BME680":22.93,"P_BME680":102.98,"Alt_BME680":-173.06,"TVOC":5,"ECO2":400,"RCO2":700,"Tdb_scd30":25.72,"RH_scd30":21.19,"Lux":0.46,"PM1":2.86,"PM25":3.65,"PM10":4.31,"Air":null}
{"epoch":1581817128,"battery":3.608515978,"Tdb_BME680":23.72,"RH_BME680":22.7,"P_BME680":102.98,"Alt_BME680":-172.9,"TVOC":0,"ECO2":400,"RCO2":694,"Tdb_scd30":25.81,"RH_scd30":20.86,"Lux":0.23,"PM1":3.24,"PM25":4.23,"PM10":5.07,"Air":null}
{"epoch":1581817190,"battery":3.562497616,"Tdb_BME680":23.79,"RH_BME680":22.51,"P_BME680":102.97,"Alt_BME680":-172.73,"TVOC":0,"ECO2":400,"RCO2":692,"Tdb_scd30":25.89,"RH_scd30":20.74,"Lux":0.4,"PM1":3.33,"PM25":4.32,"PM10":5.15,"Air":null}
{"epoch":1581817252,"battery":3.610760689,"Tdb_BME680":23.88,"RH_BME680":22.34,"P_BME680":102.98,"Alt_BME680":-173.06,"TVOC":8,"ECO2":400,"RCO2":684,"Tdb_scd30":25.99,"RH_scd30":20.73,"Lux":0.29,"PM1":3.59,"PM25":4.57,"PM10":5.38,"Air":null}
{"epoch":1581817314,"battery":3.625351906,"Tdb_BME680":23.95,"RH_BME680":22.23,"P_BME680":102.98,"Alt_BME680":-173.06,"TVOC":0,"ECO2":400,"RCO2":677,"Tdb_scd30":26.06,"RH_scd30":20.52,"Lux":0.29,"PM1":3.66,"PM25":4.74,"PM10":5.65,"Air":null}
{"epoch":1581817376,"battery":3.617495298,"Tdb_BME680":24.03,"RH_BME680":22.08,"P_BME680":102.97,"Alt_BME680":-172.73,"TVOC":0,"ECO2":400,"RCO2":673,"Tdb_scd30":26.13,"RH_scd30":20.38,"Lux":0.35,"PM1":3.11,"PM25":3.9,"PM10":4.55,"Air":null}
{"epoch":1581817438,"battery":3.604026318,"Tdb_BME680":24.1,"RH_BME680":21.99,"P_BME680":102.98,"Alt_BME680":-172.9,"TVOC":0,"ECO2":400,"RCO2":670,"Tdb_scd30":26.19,"RH_scd30":20.4,"Lux":0.23,"PM1":2.56,"PM25":3.2,"PM10":3.73,"Air":null}
{"epoch":1581817499,"battery":3.55464077,"Tdb_BME680":24.17,"RH_BME680":21.94,"P_BME680":102.97,"Alt_BME680":-172.73,"TVOC":14,"ECO2":400,"RCO2":657,"Tdb_scd30":26.23,"RH_scd30":20.28,"Lux":0.4,"PM1":3.28,"PM25":4.08,"PM10":4.74,"Air":0}
{"epoch":1581817561,"battery":3.614128113,"Tdb_BME680":24.23,"RH_BME680":21.81,"P_BME680":102.97,"Alt_BME680":-172.57,"TVOC":9,"ECO2":400,"RCO2":652,"Tdb_scd30":26.3,"RH_scd30":20.17,"Lux":0.17,"PM1":3.16,"PM25":3.9,"PM10":4.51,"Air":null}
{"epoch":1581817623,"battery":3.618617535,"Tdb_BME680":24.28,"RH_BME680":21.61,"P_BME680":102.97,"Alt_BME680":-172.08,"TVOC":1,"ECO2":400,"RCO2":650,"Tdb_scd30":26.36,"RH_scd30":19.85,"Lux":0.46,"PM1":3.07,"PM25":3.86,"PM10":4.52,"Air":null}
{"epoch":1581817685,"battery":3.556885481,"Tdb_BME680":24.34,"RH_BME680":21.61,"P_BME680":102.97,"Alt_BME680":-172.24,"TVOC":5,"ECO2":400,"RCO2":645,"Tdb_scd30":26.42,"RH_scd30":20.12,"Lux":0.12,"PM1":2.53,"PM25":3.16,"PM10":3.68,"Air":null}
{"epoch":1581817747,"battery":3.599536896,"Tdb_BME680":24.39,"RH_BME680":21.52,"P_BME680":102.97,"Alt_BME680":-172.4,"TVOC":9,"ECO2":400,"RCO2":638,"Tdb_scd30":26.43,"RH_scd30":19.92,"Lux":0.46,"PM1":2.76,"PM25":3.36,"PM10":3.84,"Air":null}
{"epoch":1581817809,"battery":3.609638453,"Tdb_BME680":24.43,"RH_BME680":21.34,"P_BME680":102.97,"Alt_BME680":-171.99,"TVOC":4,"ECO2":400,"RCO2":633,"Tdb_scd30":26.47,"RH_scd30":19.68,"Lux":0.17,"PM1":2.7,"PM25":3.3,"PM10":3.79,"Air":null}
{"epoch":1581817870,"battery":3.59616971,"Tdb_BME680":24.46,"RH_BME680":21.15,"P_BME680":102.96,"Alt_BME680":-171.83,"TVOC":0,"ECO2":400,"RCO2":628,"Tdb_scd30":26.53,"RH_scd30":19.62,"Lux":0.4,"PM1":2.56,"PM25":3.21,"PM10":3.74,"Air":0}
{"epoch":1581817932,"battery":3.547906399,"Tdb_BME680":24.49,"RH_BME680":21.16,"P_BME680":102.96,"Alt_BME680":-171.5,"TVOC":3,"ECO2":400,"RCO2":623,"Tdb_scd30":26.56,"RH_scd30":19.64,"Lux":0.29,"PM1":2.44,"PM25":3,"PM10":3.46,"Air":null}
{"epoch":1581817994,"battery":3.593924761,"Tdb_BME680":24.53,"RH_BME680":21.09,"P_BME680":102.96,"Alt_BME680":-171.66,"TVOC":6,"ECO2":400,"RCO2":617,"Tdb_scd30":26.57,"RH_scd30":19.58,"Lux":0.35,"PM1":2.34,"PM25":2.91,"PM10":3.38,"Air":null}
{"epoch":1581818056,"battery":3.605148792,"Tdb_BME680":24.57,"RH_BME680":21,"P_BME680":102.96,"Alt_BME680":-171.83,"TVOC":0,"ECO2":400,"RCO2":619,"Tdb_scd30":26.61,"RH_scd30":19.38,"Lux":0.29,"PM1":2.39,"PM25":2.93,"PM10":3.38,"Air":null}
{"epoch":1581818118,"battery":3.606271267,"Tdb_BME680":24.6,"RH_BME680":20.91,"P_BME680":102.96,"Alt_BME680":-171.66,"TVOC":14,"ECO2":400,"RCO2":616,"Tdb_scd30":26.66,"RH_scd30":19.26,"Lux":0.75,"PM1":2.46,"PM25":3.05,"PM10":3.54,"Air":null}
{"epoch":1581818180,"battery":3.586067915,"Tdb_BME680":24.64,"RH_BME680":20.78,"P_BME680":102.96,"Alt_BME680":-171.99,"TVOC":0,"ECO2":400,"RCO2":607,"Tdb_scd30":26.64,"RH_scd30":19.18,"Lux":0.45,"PM1":2.23,"PM25":2.74,"PM10":3.16,"Air":null}
{"epoch":1581818241,"battery":3.546783924,"Tdb_BME680":24.67,"RH_BME680":20.87,"P_BME680":102.97,"Alt_BME680":-171.99,"TVOC":9,"ECO2":400,"RCO2":607,"Tdb_scd30":26.7,"RH_scd30":19.31,"Lux":0.17,"PM1":2.18,"PM25":2.66,"PM10":3.05,"Air":0}
{"epoch":1581818303,"battery":3.599536896,"Tdb_BME680":24.69,"RH_BME680":20.64,"P_BME680":102.96,"Alt_BME680":-171.83,"TVOC":0,"ECO2":401,"RCO2":602,"Tdb_scd30":26.7,"RH_scd30":19.26,"Lux":0.46,"PM1":2.5,"PM25":3.04,"PM10":3.49,"Air":null}
{"epoch":1581818365,"battery":3.609638453,"Tdb_BME680":24.72,"RH_BME680":20.63,"P_BME680":102.96,"Alt_BME680":-171.66,"TVOC":6,"ECO2":400,"RCO2":602,"Tdb_scd30":26.73,"RH_scd30":19.13,"Lux":0.14,"PM1":1.94,"PM25":2.39,"PM10":2.75,"Air":null}
{"epoch":1581818427,"battery":3.606271267,"Tdb_BME680":24.74,"RH_BME680":20.47,"P_BME680":102.96,"Alt_BME680":-171.66,"TVOC":0,"ECO2":400,"RCO2":599,"Tdb_scd30":26.74,"RH_scd30":18.97,"Lux":0.42,"PM1":2.39,"PM25":2.87,"PM10":3.25,"Air":0}
{"epoch":1581818489,"battery":3.59616971,"Tdb_BME680":24.75,"RH_BME680":20.38,"P_BME680":102.96,"Alt_BME680":-171.83,"TVOC":10,"ECO2":400,"RCO2":600,"Tdb_scd30":26.76,"RH_scd30":18.79,"Lux":0.23,"PM1":2.41,"PM25":2.87,"PM10":3.24,"Air":0}
{"epoch":1581818551,"battery":3.549028873,"Tdb_BME680":24.77,"RH_BME680":20.34,"P_BME680":102.97,"Alt_BME680":-172.08,"TVOC":11,"ECO2":400,"RCO2":596,"Tdb_scd30":26.77,"RH_scd30":18.73,"Lux":0.39,"PM1":2.54,"PM25":2.99,"PM10":3.34,"Air":null}
{"epoch":1581818612,"battery":3.598414421,"Tdb_BME680":24.78,"RH_BME680":20.27,"P_BME680":102.96,"Alt_BME680":-171.66,"TVOC":10,"ECO2":400,"RCO2":597,"Tdb_scd30":26.79,"RH_scd30":18.77,"Lux":0.24,"PM1":2.33,"PM25":2.72,"PM10":3.02,"Air":null}
{"epoch":1581818674,"battery":3.601781607,"Tdb_BME680":24.79,"RH_BME680":20.25,"P_BME680":102.96,"Alt_BME680":-171.5,"TVOC":2,"ECO2":400,"RCO2":595,"Tdb_scd30":26.79,"RH_scd30":18.72,"Lux":0.29,"PM1":2.41,"PM25":2.82,"PM10":3.15,"Air":null}
{"epoch":1581818736,"battery":3.599536896,"Tdb_BME680":24.8,"RH_BME680":20.17,"P_BME680":102.96,"Alt_BME680":-171.34,"TVOC":9,"ECO2":400,"RCO2":595,"Tdb_scd30":26.76,"RH_scd30":18.67,"Lux":0.35,"PM1":2.27,"PM25":2.68,"PM10":3,"Air":null}
{"epoch":1581818798,"battery":3.601781607,"Tdb_BME680":24.82,"RH_BME680":20.15,"P_BME680":102.95,"Alt_BME680":-170.68,"TVOC":5,"ECO2":400,"RCO2":589,"Tdb_scd30":26.81,"RH_scd30":18.62,"Lux":0.2,"PM1":2.47,"PM25":2.87,"PM10":3.19,"Air":null}
{"epoch":1581818860,"battery":3.534437656,"Tdb_BME680":24.84,"RH_BME680":20.08,"P_BME680":102.95,"Alt_BME680":-170.68,"TVOC":2,"ECO2":400,"RCO2":587,"Tdb_scd30":26.83,"RH_scd30":18.47,"Lux":0.37,"PM1":2.1,"PM25":2.46,"PM10":2.74,"Air":null}
{"epoch":1581818922,"battery":3.58719039,"Tdb_BME680":24.85,"RH_BME680":20,"P_BME680":102.95,"Alt_BME680":-170.35,"TVOC":0,"ECO2":400,"RCO2":582,"Tdb_scd30":26.81,"RH_scd30":18.53,"Lux":0.17,"PM1":1.78,"PM25":2.1,"PM10":2.36,"Air":null}
{"epoch":1581818983,"battery":3.59616971,"Tdb_BME680":24.86,"RH_BME680":19.94,"P_BME680":102.94,"Alt_BME680":-170.35,"TVOC":1,"ECO2":400,"RCO2":581,"Tdb_scd30":26.83,"RH_scd30":18.5,"Lux":0.46,"PM1":2.41,"PM25":2.91,"PM10":3.32,"Air":null}
{"epoch":1581819045,"battery":3.604026318,"Tdb_BME680":24.87,"RH_BME680":19.89,"P_BME680":102.94,"Alt_BME680":-169.85,"TVOC":6,"ECO2":400,"RCO2":579,"Tdb_scd30":26.83,"RH_scd30":18.41,"Lux":0.13,"PM1":2.35,"PM25":2.93,"PM10":3.4,"Air":null}
{"epoch":1581819107,"battery":3.59616971,"Tdb_BME680":24.87,"RH_BME680":19.84,"P_BME680":102.94,"Alt_BME680":-170.02,"TVOC":13,"ECO2":400,"RCO2":573,"Tdb_scd30":26.81,"RH_scd30":18.39,"Lux":0.48,"PM1":2.52,"PM25":3.18,"PM10":3.73,"Air":null}
{"epoch":1581819169,"battery":3.523213625,"Tdb_BME680":24.88,"RH_BME680":19.81,"P_BME680":102.94,"Alt_BME680":-170.02,"TVOC":7,"ECO2":400,"RCO2":571,"Tdb_scd30":26.81,"RH_scd30":18.53,"Lux":0.16,"PM1":2.56,"PM25":3.23,"PM10":3.79,"Air":null}
{"epoch":1581819231,"battery":3.583823204,"Tdb_BME680":24.89,"RH_BME680":19.84,"P_BME680":102.94,"Alt_BME680":-170.18,"TVOC":7,"ECO2":400,"RCO2":567,"Tdb_scd30":26.81,"RH_scd30":18.33,"Lux":0.39,"PM1":2.14,"PM25":2.68,"PM10":3.12,"Air":null}
{"epoch":1581819293,"battery":3.595047235,"Tdb_BME680":24.89,"RH_BME680":19.72,"P_BME680":102.94,"Alt_BME680":-170.35,"TVOC":1,"ECO2":400,"RCO2":561,"Tdb_scd30":26.86,"RH_scd30":18.21,"Lux":0.26,"PM1":2.21,"PM25":2.73,"PM10":3.16,"Air":null}
{"epoch":1581819354,"battery":3.598414421,"Tdb_BME680":24.89,"RH_BME680":19.67,"P_BME680":102.94,"Alt_BME680":-170.02,"TVOC":2,"ECO2":400,"RCO2":560,"Tdb_scd30":26.83,"RH_scd30":18.14,"Lux":0.29,"PM1":2.47,"PM25":3,"PM10":3.43,"Air":null}
{"epoch":1581819554,"battery":3.593924761,"Tdb_BME680":24.9,"RH_BME680":19.59,"P_BME680":102.93,"Alt_BME680":-169.03,"TVOC":11,"ECO2":412,"RCO2":558,"Tdb_scd30":26.83,"RH_scd30":18.11,"Lux":0.22,"PM1":2.72,"PM25":3.25,"PM10":3.68,"Air":null}
{"epoch":1581819616,"battery":3.590557575,"Tdb_BME680":24.9,"RH_BME680":19.53,"P_BME680":102.93,"Alt_BME680":-168.79,"TVOC":12,"ECO2":413,"RCO2":555,"Tdb_scd30":26.84,"RH_scd30":18.16,"Lux":0.35,"PM1":2.12,"PM25":2.51,"PM10":2.81,"Air":null}
{"epoch":1581819678,"battery":3.544539213,"Tdb_BME680":24.91,"RH_BME680":19.46,"P_BME680":102.93,"Alt_BME680":-169.03,"TVOC":3,"ECO2":406,"RCO2":553,"Tdb_scd30":26.84,"RH_scd30":18.03,"Lux":0.14,"PM1":2.12,"PM25":2.51,"PM10":2.82,"Air":null}
{"epoch":1581819740,"battery":3.574843884,"Tdb_BME680":24.91,"RH_BME680":19.44,"P_BME680":102.93,"Alt_BME680":-168.87,"TVOC":12,"ECO2":419,"RCO2":552,"Tdb_scd30":26.84,"RH_scd30":18.05,"Lux":0.44,"PM1":2.39,"PM25":2.84,"PM10":3.2,"Air":null}
{"epoch":1581819802,"battery":3.59616971,"Tdb_BME680":24.91,"RH_BME680":19.41,"P_BME680":102.93,"Alt_BME680":-168.79,"TVOC":9,"ECO2":406,"RCO2":554,"Tdb_scd30":26.84,"RH_scd30":17.94,"Lux":0.17,"PM1":2.1,"PM25":2.5,"PM10":2.82,"Air":0}
{"epoch":1581819863,"battery":3.573721647,"Tdb_BME680":24.92,"RH_BME680":19.33,"P_BME680":102.93,"Alt_BME680":-168.79,"TVOC":2,"ECO2":400,"RCO2":553,"Tdb_scd30":26.84,"RH_scd30":17.92,"Lux":0.43,"PM1":2,"PM25":2.37,"PM10":2.67,"Air":null}
{"epoch":1581819925,"battery":3.574843884,"Tdb_BME680":24.92,"RH_BME680":19.38,"P_BME680":102.93,"Alt_BME680":-168.79,"TVOC":18,"ECO2":404,"RCO2":551,"Tdb_scd30":26.84,"RH_scd30":17.94,"Lux":-98,"PM1":2.19,"PM25":2.57,"PM10":2.87,"Air":null}
{"epoch":1581819987,"battery":3.515356779,"Tdb_BME680":24.92,"RH_BME680":19.34,"P_BME680":102.92,"Alt_BME680":-168.62,"TVOC":10,"ECO2":406,"RCO2":551,"Tdb_scd30":26.84,"RH_scd30":17.9,"Lux":470.24,"PM1":2.26,"PM25":2.69,"PM10":3.03,"Air":null}
{"epoch":1581820049,"battery":3.574843884,"Tdb_BME680":24.91,"RH_BME680":19.35,"P_BME680":102.92,"Alt_BME680":-168.62,"TVOC":12,"ECO2":400,"RCO2":552,"Tdb_scd30":26.83,"RH_scd30":18,"Lux":0.24,"PM1":2.31,"PM25":2.76,"PM10":3.12,"Air":null}
{"epoch":1581820111,"battery":3.577088833,"Tdb_BME680":24.92,"RH_BME680":19.38,"P_BME680":102.92,"Alt_BME680":-168.46,"TVOC":2,"ECO2":407,"RCO2":554,"Tdb_scd30":26.81,"RH_scd30":17.97,"Lux":0.37,"PM1":2.25,"PM25":2.72,"PM10":3.1,"Air":null}
{"epoch":1581820173,"battery":3.59168005,"Tdb_BME680":24.91,"RH_BME680":19.3,"P_BME680":102.92,"Alt_BME680":-168.46,"TVOC":0,"ECO2":400,"RCO2":554,"Tdb_scd30":26.83,"RH_scd30":17.9,"Lux":0.33,"PM1":2.24,"PM25":2.68,"PM10":3.03,"Air":null}
{"epoch":1581820234,"battery":3.565864801,"Tdb_BME680":24.92,"RH_BME680":19.33,"P_BME680":102.92,"Alt_BME680":-168.29,"TVOC":19,"ECO2":400,"RCO2":550,"Tdb_scd30":26.83,"RH_scd30":17.97,"Lux":0.28,"PM1":2.44,"PM25":2.9,"PM10":3.27,"Air":null}
{"epoch":1581820296,"battery":3.516479254,"Tdb_BME680":24.91,"RH_BME680":19.3,"P_BME680":102.92,"Alt_BME680":-168.29,"TVOC":4,"ECO2":400,"RCO2":546,"Tdb_scd30":26.84,"RH_scd30":17.87,"Lux":0.42,"PM1":2,"PM25":2.33,"PM10":2.58,"Air":null}
{"epoch":1581820358,"battery":3.574843884,"Tdb_BME680":24.92,"RH_BME680":19.26,"P_BME680":102.92,"Alt_BME680":-168.13,"TVOC":9,"ECO2":400,"RCO2":545,"Tdb_scd30":26.83,"RH_scd30":17.92,"Lux":0.19,"PM1":1.85,"PM25":2.19,"PM10":2.45,"Air":null}
{"epoch":1581820420,"battery":3.589435101,"Tdb_BME680":24.91,"RH_BME680":19.24,"P_BME680":102.92,"Alt_BME680":-168.46,"TVOC":13,"ECO2":400,"RCO2":548,"Tdb_scd30":26.83,"RH_scd30":17.81,"Lux":0.38,"PM1":2.77,"PM25":3.29,"PM10":3.69,"Air":null}
{"epoch":1581820482,"battery":3.561375141,"Tdb_BME680":24.91,"RH_BME680":19.23,"P_BME680":102.92,"Alt_BME680":-168.13,"TVOC":14,"ECO2":404,"RCO2":546,"Tdb_scd30":26.8,"RH_scd30":17.87,"Lux":0.14,"PM1":2.72,"PM25":3.15,"PM10":3.48,"Air":null}
{"epoch":1581820544,"battery":3.55464077,"Tdb_BME680":24.91,"RH_BME680":19.23,"P_BME680":102.92,"Alt_BME680":-168.13,"TVOC":6,"ECO2":401,"RCO2":541,"Tdb_scd30":26.81,"RH_scd30":17.92,"Lux":0.45,"PM1":2.46,"PM25":2.81,"PM10":3.08,"Air":null}
{"epoch":1581820605,"battery":3.495153666,"Tdb_BME680":24.9,"RH_BME680":19.14,"P_BME680":102.92,"Alt_BME680":-167.96,"TVOC":10,"ECO2":400,"RCO2":542,"Tdb_scd30":26.79,"RH_scd30":17.7,"Lux":0.21,"PM1":1.57,"PM25":1.8,"PM10":1.98,"Air":null}
{"epoch":1581820667,"battery":3.55913043,"Tdb_BME680":24.89,"RH_BME680":19.18,"P_BME680":102.92,"Alt_BME680":-168.13,"TVOC":11,"ECO2":401,"RCO2":539,"Tdb_scd30":26.77,"RH_scd30":17.77,"Lux":0.4,"PM1":2.01,"PM25":2.25,"PM10":2.44,"Air":null}
{"epoch":1581820729,"battery":3.572599173,"Tdb_BME680":24.88,"RH_BME680":19.19,"P_BME680":102.91,"Alt_BME680":-167.47,"TVOC":10,"ECO2":402,"RCO2":543,"Tdb_scd30":26.79,"RH_scd30":17.76,"Lux":0.17,"PM1":2.19,"PM25":2.45,"PM10":2.63,"Air":null}
{"epoch":1581820791,"battery":3.565864801,"Tdb_BME680":24.88,"RH_BME680":19.11,"P_BME680":102.9,"Alt_BME680":-166.81,"TVOC":0,"ECO2":400,"RCO2":538,"Tdb_scd30":26.79,"RH_scd30":17.73,"Lux":0.3,"PM1":1.95,"PM25":2.17,"PM10":2.32,"Air":null}
{"epoch":1581820853,"battery":3.562497616,"Tdb_BME680":24.89,"RH_BME680":19.15,"P_BME680":102.9,"Alt_BME680":-166.48,"TVOC":7,"ECO2":406,"RCO2":536,"Tdb_scd30":26.79,"RH_scd30":17.74,"Lux":0.27,"PM1":2.15,"PM25":2.37,"PM10":2.52,"Air":0}
{"epoch":1581820915,"battery":3.497398376,"Tdb_BME680":24.89,"RH_BME680":19.09,"P_BME680":102.9,"Alt_BME680":-166.32,"TVOC":11,"ECO2":400,"RCO2":532,"Tdb_scd30":26.79,"RH_scd30":17.71,"Lux":0.35,"PM1":2.57,"PM25":2.86,"PM10":3.07,"Air":null}
{"epoch":1581820976,"battery":3.569231987,"Tdb_BME680":24.89,"RH_BME680":19.12,"P_BME680":102.9,"Alt_BME680":-166.48,"TVOC":4,"ECO2":400,"RCO2":531,"Tdb_scd30":26.79,"RH_scd30":17.74,"Lux":0.36,"PM1":2.04,"PM25":2.27,"PM10":2.43,"Air":null}
{"epoch":1581821038,"battery":3.56362009,"Tdb_BME680":24.88,"RH_BME680":19.06,"P_BME680":102.9,"Alt_BME680":-166.32,"TVOC":12,"ECO2":401,"RCO2":530,"Tdb_scd30":26.76,"RH_scd30":17.76,"Lux":0.24,"PM1":2.08,"PM25":2.32,"PM10":2.48,"Air":null}
{"epoch":1581821100,"battery":3.564742327,"Tdb_BME680":24.88,"RH_BME680":19.07,"P_BME680":102.9,"Alt_BME680":-166.32,"TVOC":4,"ECO2":404,"RCO2":531,"Tdb_scd30":26.76,"RH_scd30":17.67,"Lux":0.36,"PM1":1.92,"PM25":2.18,"PM10":2.36,"Air":null}
{"epoch":1581821162,"battery":3.547906399,"Tdb_BME680":24.87,"RH_BME680":19.05,"P_BME680":102.89,"Alt_BME680":-166.15,"TVOC":2,"ECO2":400,"RCO2":534,"Tdb_scd30":26.76,"RH_scd30":17.77,"Lux":0.19,"PM1":2.41,"PM25":2.75,"PM10":3.01,"Air":null}
{"epoch":1581821224,"battery":3.570354462,"Tdb_BME680":24.86,"RH_BME680":19.03,"P_BME680":102.89,"Alt_BME680":-165.99,"TVOC":8,"ECO2":400,"RCO2":532,"Tdb_scd30":26.74,"RH_scd30":17.7,"Lux":0.39,"PM1":2.23,"PM25":2.51,"PM10":2.72,"Air":null}
{"epoch":1581821286,"battery":3.561375141,"Tdb_BME680":24.85,"RH_BME680":18.99,"P_BME680":102.89,"Alt_BME680":-165.82,"TVOC":9,"ECO2":404,"RCO2":544,"Tdb_scd30":26.73,"RH_scd30":17.63,"Lux":0.16,"PM1":2.11,"PM25":2.37,"PM10":2.55,"Air":null}
{"epoch":1581821347,"battery":3.546783924,"Tdb_BME680":24.85,"RH_BME680":19.06,"P_BME680":102.89,"Alt_BME680":-165.82,"TVOC":8,"ECO2":401,"RCO2":542,"Tdb_scd30":26.74,"RH_scd30":17.68,"Lux":0.48,"PM1":2.4,"PM25":2.71,"PM10":2.93,"Air":null}
{"epoch":1581821409,"battery":3.497398376,"Tdb_BME680":24.85,"RH_BME680":19.03,"P_BME680":102.88,"Alt_BME680":-165.33,"TVOC":17,"ECO2":405,"RCO2":540,"Tdb_scd30":26.74,"RH_scd30":17.62,"Lux":0.14,"PM1":2.24,"PM25":2.51,"PM10":2.71,"Air":null}
{"epoch":1581821471,"battery":3.561375141,"Tdb_BME680":24.84,"RH_BME680":19.02,"P_BME680":102.88,"Alt_BME680":-165.16,"TVOC":9,"ECO2":400,"RCO2":538,"Tdb_scd30":26.73,"RH_scd30":17.7,"Lux":0.46,"PM1":2.39,"PM25":2.67,"PM10":2.86,"Air":null}
{"epoch":1581821533,"battery":3.552396059,"Tdb_BME680":24.85,"RH_BME680":19.02,"P_BME680":102.88,"Alt_BME680":-165.16,"TVOC":7,"ECO2":400,"RCO2":538,"Tdb_scd30":26.76,"RH_scd30":17.7,"Lux":0.17,"PM1":1.74,"PM25":1.95,"PM10":2.1,"Air":null}
{"epoch":1581821595,"battery":3.552396059,"Tdb_BME680":24.84,"RH_BME680":19,"P_BME680":102.89,"Alt_BME680":-165.49,"TVOC":14,"ECO2":405,"RCO2":535,"Tdb_scd30":26.74,"RH_scd30":17.63,"Lux":0.37,"PM1":2.28,"PM25":2.57,"PM10":2.78,"Air":null}
{"epoch":1581821656,"battery":3.498520851,"Tdb_BME680":24.84,"RH_BME680":19.02,"P_BME680":102.89,"Alt_BME680":-165.49,"TVOC":10,"ECO2":400,"RCO2":533,"Tdb_scd30":26.73,"RH_scd30":17.7,"Lux":0.27,"PM1":2.55,"PM25":2.84,"PM10":3.04,"Air":null}
{"epoch":1581821718,"battery":3.551273584,"Tdb_BME680":24.84,"RH_BME680":19.05,"P_BME680":102.89,"Alt_BME680":-165.82,"TVOC":21,"ECO2":406,"RCO2":530,"Tdb_scd30":26.7,"RH_scd30":17.76,"Lux":0.27,"PM1":1.9,"PM25":2.09,"PM10":2.23,"Air":null}
{"epoch":1581821780,"battery":3.55015111,"Tdb_BME680":24.83,"RH_BME680":18.98,"P_BME680":102.89,"Alt_BME680":-165.82,"TVOC":11,"ECO2":400,"RCO2":526,"Tdb_scd30":26.71,"RH_scd30":17.63,"Lux":0.32,"PM1":1.86,"PM25":2.03,"PM10":2.14,"Air":null}
{"epoch":1581821842,"battery":3.552396059,"Tdb_BME680":24.83,"RH_BME680":18.96,"P_BME680":102.89,"Alt_BME680":-165.99,"TVOC":6,"ECO2":401,"RCO2":526,"Tdb_scd30":26.7,"RH_scd30":17.66,"Lux":0.26,"PM1":1.73,"PM25":1.88,"PM10":1.97,"Air":null}
{"epoch":1581821904,"battery":3.537804842,"Tdb_BME680":24.81,"RH_BME680":18.94,"P_BME680":102.89,"Alt_BME680":-165.49,"TVOC":3,"ECO2":415,"RCO2":526,"Tdb_scd30":26.7,"RH_scd30":17.6,"Lux":0.39,"PM1":1.89,"PM25":2.04,"PM10":2.13,"Air":0}
{"epoch":1581821966,"battery":3.489541531,"Tdb_BME680":24.81,"RH_BME680":18.99,"P_BME680":102.88,"Alt_BME680":-165.33,"TVOC":9,"ECO2":411,"RCO2":526,"Tdb_scd30":26.7,"RH_scd30":17.65,"Lux":0.16,"PM1":1.77,"PM25":1.92,"PM10":2.01,"Air":null}
{"epoch":1581822027,"battery":3.536682367,"Tdb_BME680":24.8,"RH_BME680":19.01,"P_BME680":102.88,"Alt_BME680":-165.33,"TVOC":11,"ECO2":410,"RCO2":525,"Tdb_scd30":26.67,"RH_scd30":17.72,"Lux":0.43,"PM1":1.63,"PM25":1.79,"PM10":1.89,"Air":null}
{"epoch":1581822089,"battery":3.551273584,"Tdb_BME680":24.79,"RH_BME680":19.02,"P_BME680":102.89,"Alt_BME680":-165.66,"TVOC":5,"ECO2":409,"RCO2":520,"Tdb_scd30":26.68,"RH_scd30":17.79,"Lux":0.13,"PM1":1.96,"PM25":2.14,"PM10":2.26,"Air":null}
{"epoch":1581822151,"battery":3.545661688,"Tdb_BME680":24.79,"RH_BME680":19.02,"P_BME680":102.89,"Alt_BME680":-165.82,"TVOC":13,"ECO2":408,"RCO2":517,"Tdb_scd30":26.67,"RH_scd30":17.69,"Lux":0.46,"PM1":1.74,"PM25":1.91,"PM10":2.02,"Air":null}
{"epoch":1581822213,"battery":3.537804842,"Tdb_BME680":24.78,"RH_BME680":18.95,"P_BME680":102.89,"Alt_BME680":-165.49,"TVOC":11,"ECO2":400,"RCO2":522,"Tdb_scd30":26.66,"RH_scd30":17.66,"Lux":0.19,"PM1":1.74,"PM25":1.91,"PM10":2.02,"Air":null}
{"epoch":1581822275,"battery":3.48729682,"Tdb_BME680":24.78,"RH_BME680":18.98,"P_BME680":102.88,"Alt_BME680":-165.16,"TVOC":4,"ECO2":417,"RCO2":524,"Tdb_scd30":26.63,"RH_scd30":17.66,"Lux":0.37,"PM1":1.88,"PM25":2.04,"PM10":2.15,"Air":null}
{"epoch":1581822337,"battery":3.531070471,"Tdb_BME680":24.77,"RH_BME680":19,"P_BME680":102.88,"Alt_BME680":-165.16,"TVOC":5,"ECO2":420,"RCO2":521,"Tdb_scd30":26.64,"RH_scd30":17.74,"Lux":0.22,"PM1":1.82,"PM25":1.96,"PM10":2.06,"Air":null}
{"epoch":1581822398,"battery":3.55015111,"Tdb_BME680":24.76,"RH_BME680":19.08,"P_BME680":102.88,"Alt_BME680":-165.16,"TVOC":11,"ECO2":435,"RCO2":521,"Tdb_scd30":26.64,"RH_scd30":17.71,"Lux":0.33,"PM1":1.72,"PM25":1.84,"PM10":1.91,"Air":null}
{"epoch":1581822460,"battery":3.535559893,"Tdb_BME680":24.76,"RH_BME680":19.05,"P_BME680":102.88,"Alt_BME680":-164.75,"TVOC":8,"ECO2":407,"RCO2":521,"Tdb_scd30":26.63,"RH_scd30":17.75,"Lux":0.3,"PM1":1.67,"PM25":1.78,"PM10":1.84,"Air":null}
{"epoch":1581822522,"battery":3.546783924,"Tdb_BME680":24.76,"RH_BME680":19.09,"P_BME680":102.88,"Alt_BME680":-164.75,"TVOC":10,"ECO2":431,"RCO2":523,"Tdb_scd30":26.63,"RH_scd30":17.74,"Lux":0.23,"PM1":1.59,"PM25":1.71,"PM10":1.78,"Air":null}
{"epoch":1581822584,"battery":3.474950314,"Tdb_BME680":24.76,"RH_BME680":19.13,"P_BME680":102.87,"Alt_BME680":-164.42,"TVOC":19,"ECO2":441,"RCO2":523,"Tdb_scd30":26.63,"RH_scd30":17.83,"Lux":0.33,"PM1":1.87,"PM25":2.01,"PM10":2.09,"Air":null}
{"epoch":1581822646,"battery":3.533315182,"Tdb_BME680":24.75,"RH_BME680":19.06,"P_BME680":102.87,"Alt_BME680":-164.59,"TVOC":14,"ECO2":438,"RCO2":523,"Tdb_scd30":26.63,"RH_scd30":17.69,"Lux":0.22,"PM1":1.81,"PM25":1.94,"PM10":2.02,"Air":0}
{"epoch":1581822708,"battery":3.542294502,"Tdb_BME680":24.74,"RH_BME680":18.97,"P_BME680":102.87,"Alt_BME680":-164.42,"TVOC":13,"ECO2":422,"RCO2":521,"Tdb_scd30":26.63,"RH_scd30":17.63,"Lux":0.43,"PM1":1.58,"PM25":1.69,"PM10":1.76,"Air":null}
{"epoch":1581822769,"battery":3.544539213,"Tdb_BME680":24.73,"RH_BME680":18.93,"P_BME680":102.88,"Alt_BME680":-164.75,"TVOC":9,"ECO2":423,"RCO2":520,"Tdb_scd30":26.61,"RH_scd30":17.63,"Lux":0.13,"PM1":1.77,"PM25":1.89,"PM10":1.96,"Air":null}
{"epoch":1581822831,"battery":3.549028873,"Tdb_BME680":24.72,"RH_BME680":18.92,"P_BME680":102.88,"Alt_BME680":-164.92,"TVOC":5,"ECO2":435,"RCO2":519,"Tdb_scd30":26.6,"RH_scd30":17.59,"Lux":0.46,"PM1":1.68,"PM25":1.78,"PM10":1.84,"Air":null}
{"epoch":1581822893,"battery":3.527703285,"Tdb_BME680":24.71,"RH_BME680":18.94,"P_BME680":102.88,"Alt_BME680":-165.33,"TVOC":4,"ECO2":426,"RCO2":518,"Tdb_scd30":26.6,"RH_scd30":17.63,"Lux":0.13,"PM1":1.89,"PM25":2.01,"PM10":2.07,"Air":null}
{"epoch":1581822955,"battery":3.523213625,"Tdb_BME680":24.71,"RH_BME680":18.92,"P_BME680":102.88,"Alt_BME680":-165.16,"TVOC":7,"ECO2":431,"RCO2":515,"Tdb_scd30":26.57,"RH_scd30":17.59,"Lux":0.42,"PM1":1.87,"PM25":1.97,"PM10":2.02,"Air":0}
{"epoch":1581823030,"battery":3.515356779,"Tdb_BME680":24.7,"RH_BME680":18.92,"P_BME680":102.88,"Alt_BME680":-164.75,"TVOC":12,"ECO2":427,"RCO2":515,"Tdb_scd30":26.59,"RH_scd30":17.63,"Lux":0.14,"PM1":1.66,"PM25":1.76,"PM10":1.81,"Air":null}
{"epoch":1581823092,"battery":3.478317499,"Tdb_BME680":24.7,"RH_BME680":18.89,"P_BME680":102.87,"Alt_BME680":-164.26,"TVOC":22,"ECO2":404,"RCO2":516,"Tdb_scd30":26.6,"RH_scd30":17.52,"Lux":0.4,"PM1":1.92,"PM25":2.04,"PM10":2.1,"Air":null}
{"epoch":1581823154,"battery":3.534437656,"Tdb_BME680":24.69,"RH_BME680":18.81,"P_BME680":102.87,"Alt_BME680":-163.93,"TVOC":14,"ECO2":416,"RCO2":513,"Tdb_scd30":26.59,"RH_scd30":17.45,"Lux":0.17,"PM1":1.86,"PM25":1.97,"PM10":2.04,"Air":null}
{"epoch":1581823216,"battery":3.545661688,"Tdb_BME680":24.69,"RH_BME680":18.82,"P_BME680":102.85,"Alt_BME680":-162.69,"TVOC":9,"ECO2":408,"RCO2":514,"Tdb_scd30":26.56,"RH_scd30":17.45,"Lux":0.44,"PM1":1.73,"PM25":1.84,"PM10":1.89,"Air":null}
{"epoch":1581823278,"battery":3.529947996,"Tdb_BME680":24.68,"RH_BME680":18.84,"P_BME680":102.85,"Alt_BME680":-162.37,"TVOC":13,"ECO2":423,"RCO2":514,"Tdb_scd30":26.56,"RH_scd30":17.53,"Lux":0.27,"PM1":2.43,"PM25":2.58,"PM10":2.65,"Air":null}
{"epoch":1581823340,"battery":3.525458336,"Tdb_BME680":24.67,"RH_BME680":18.83,"P_BME680":102.85,"Alt_BME680":-162.53,"TVOC":12,"ECO2":415,"RCO2":513,"Tdb_scd30":26.56,"RH_scd30":17.47,"Lux":0.35,"PM1":1.41,"PM25":1.49,"PM10":1.53,"Air":null}
{"epoch":1581823401,"battery":3.504132748,"Tdb_BME680":24.67,"RH_BME680":18.82,"P_BME680":102.85,"Alt_BME680":-162.53,"TVOC":9,"ECO2":407,"RCO2":512,"Tdb_scd30":26.54,"RH_scd30":17.5,"Lux":0.36,"PM1":1.46,"PM25":1.55,"PM10":1.59,"Air":null}
{"epoch":1581823463,"battery":3.532192707,"Tdb_BME680":24.66,"RH_BME680":18.83,"P_BME680":102.85,"Alt_BME680":-162.69,"TVOC":22,"ECO2":426,"RCO2":508,"Tdb_scd30":26.54,"RH_scd30":17.51,"Lux":0.26,"PM1":1.65,"PM25":1.75,"PM10":1.79,"Air":null}
{"epoch":1581823525,"battery":3.525458336,"Tdb_BME680":24.66,"RH_BME680":18.83,"P_BME680":102.87,"Alt_BME680":-163.93,"TVOC":16,"ECO2":422,"RCO2":506,"Tdb_scd30":26.51,"RH_scd30":17.46,"Lux":2.59,"PM1":1.86,"PM25":1.97,"PM10":2.02,"Air":null}
{"epoch":1581823587,"battery":3.526580811,"Tdb_BME680":24.65,"RH_BME680":18.8,"P_BME680":102.87,"Alt_BME680":-163.93,"TVOC":9,"ECO2":411,"RCO2":506,"Tdb_scd30":26.5,"RH_scd30":17.48,"Lux":0.16,"PM1":1.43,"PM25":1.52,"PM10":1.56,"Air":null}
{"epoch":1581823649,"battery":3.465971231,"Tdb_BME680":24.64,"RH_BME680":18.77,"P_BME680":102.86,"Alt_BME680":-163.77,"TVOC":14,"ECO2":408,"RCO2":506,"Tdb_scd30":26.53,"RH_scd30":17.47,"Lux":0.41,"PM1":1.86,"PM25":1.97,"PM10":2.03,"Air":null}
{"epoch":1581823711,"battery":3.520968914,"Tdb_BME680":24.62,"RH_BME680":18.75,"P_BME680":102.85,"Alt_BME680":-162.86,"TVOC":1,"ECO2":400,"RCO2":504,"Tdb_scd30":26.51,"RH_scd30":17.4,"Lux":0.15,"PM1":2.04,"PM25":2.18,"PM10":2.25,"Air":null}
{"epoch":1581823772,"battery":3.525458336,"Tdb_BME680":24.62,"RH_BME680":18.79,"P_BME680":102.85,"Alt_BME680":-162.86,"TVOC":18,"ECO2":406,"RCO2":501,"Tdb_scd30":26.5,"RH_scd30":17.45,"Lux":0.44,"PM1":1.78,"PM25":1.89,"PM10":1.96,"Air":null}
{"epoch":1581823834,"battery":3.533315182,"Tdb_BME680":24.61,"RH_BME680":18.76,"P_BME680":102.85,"Alt_BME680":-162.53,"TVOC":15,"ECO2":400,"RCO2":504,"Tdb_scd30":26.49,"RH_scd30":17.4,"Lux":0.14,"PM1":1.33,"PM25":1.42,"PM10":1.47,"Air":null}
{"epoch":1581823896,"battery":3.518723965,"Tdb_BME680":24.62,"RH_BME680":18.73,"P_BME680":102.85,"Alt_BME680":-162.37,"TVOC":17,"ECO2":400,"RCO2":501,"Tdb_scd30":26.5,"RH_scd30":17.43,"Lux":0.37,"PM1":1.81,"PM25":1.92,"PM10":1.98,"Air":null}
{"epoch":1581823958,"battery":3.453624725,"Tdb_BME680":24.6,"RH_BME680":18.75,"P_BME680":102.85,"Alt_BME680":-162.2,"TVOC":13,"ECO2":404,"RCO2":501,"Tdb_scd30":26.49,"RH_scd30":17.45,"Lux":0.22,"PM1":1.51,"PM25":1.6,"PM10":1.64,"Air":null}
{"epoch":1581824020,"battery":3.529947996,"Tdb_BME680":24.6,"RH_BME680":18.7,"P_BME680":102.84,"Alt_BME680":-162.04,"TVOC":9,"ECO2":401,"RCO2":499,"Tdb_scd30":26.47,"RH_scd30":17.4,"Lux":0.4,"PM1":1.6,"PM25":1.68,"PM10":1.71,"Air":null}
{"epoch":1581824082,"battery":3.525458336,"Tdb_BME680":24.59,"RH_BME680":18.76,"P_BME680":102.84,"Alt_BME680":-162.04,"TVOC":9,"ECO2":413,"RCO2":497,"Tdb_scd30":26.49,"RH_scd30":17.46,"Lux":0.31,"PM1":1.33,"PM25":1.39,"PM10":1.42,"Air":null}
{"epoch":1581824143,"battery":3.509744883,"Tdb_BME680":24.58,"RH_BME680":18.7,"P_BME680":102.84,"Alt_BME680":-162.04,"TVOC":17,"ECO2":407,"RCO2":498,"Tdb_scd30":26.46,"RH_scd30":17.45,"Lux":0.3,"PM1":1.64,"PM25":1.72,"PM10":1.75,"Air":null}
{"epoch":1581824205,"battery":3.458114386,"Tdb_BME680":24.57,"RH_BME680":18.66,"P_BME680":102.84,"Alt_BME680":-161.87,"TVOC":8,"ECO2":400,"RCO2":495,"Tdb_scd30":26.43,"RH_scd30":17.34,"Lux":0.41,"PM1":1.67,"PM25":1.76,"PM10":1.8,"Air":null}
{"epoch":1581824267,"battery":3.528825521,"Tdb_BME680":24.57,"RH_BME680":18.68,"P_BME680":102.84,"Alt_BME680":-161.21,"TVOC":9,"ECO2":408,"RCO2":494,"Tdb_scd30":26.46,"RH_scd30":17.35,"Lux":3761.57,"PM1":1.21,"PM25":1.27,"PM10":1.3,"Air":0}
{"epoch":1581824329,"battery":3.520968914,"Tdb_BME680":24.57,"RH_BME680":18.75,"P_BME680":102.84,"Alt_BME680":-161.38,"TVOC":16,"ECO2":415,"RCO2":492,"Tdb_scd30":26.46,"RH_scd30":17.38,"Lux":0.37,"PM1":1.84,"PM25":1.94,"PM10":1.98,"Air":null}
{"epoch":1581824391,"battery":3.511989594,"Tdb_BME680":24.56,"RH_BME680":18.66,"P_BME680":102.84,"Alt_BME680":-161.21,"TVOC":16,"ECO2":400,"RCO2":491,"Tdb_scd30":26.43,"RH_scd30":17.38,"Lux":0.14,"PM1":1.47,"PM25":1.54,"PM10":1.57,"Air":null}
{"epoch":1581824453,"battery":3.506377697,"Tdb_BME680":24.55,"RH_BME680":18.64,"P_BME680":102.83,"Alt_BME680":-161.13,"TVOC":7,"ECO2":400,"RCO2":489,"Tdb_scd30":26.43,"RH_scd30":17.32,"Lux":0.45,"PM1":1.74,"PM25":1.82,"PM10":1.85,"Air":null}
{"epoch":1581824514,"battery":3.440155983,"Tdb_BME680":24.54,"RH_BME680":18.64,"P_BME680":102.83,"Alt_BME680":-161.13,"TVOC":13,"ECO2":400,"RCO2":485,"Tdb_scd30":26.4,"RH_scd30":17.38,"Lux":0.14,"PM1":1.35,"PM25":1.41,"PM10":1.44,"Air":null}
{"epoch":1581824576,"battery":3.499643087,"Tdb_BME680":24.53,"RH_BME680":18.63,"P_BME680":102.83,"Alt_BME680":-160.64,"TVOC":7,"ECO2":400,"RCO2":483,"Tdb_scd30":26.4,"RH_scd30":17.32,"Lux":0.4,"PM1":1.9,"PM25":1.99,"PM10":2.02,"Air":null}
{"epoch":1581824638,"battery":3.514234304,"Tdb_BME680":24.52,"RH_BME680":18.62,"P_BME680":102.82,"Alt_BME680":-160.47,"TVOC":12,"ECO2":400,"RCO2":480,"Tdb_scd30":26.42,"RH_scd30":17.35,"Lux":0.17,"PM1":1.57,"PM25":1.64,"PM10":1.66,"Air":0}
{"epoch":1581824700,"battery":3.51760149,"Tdb_BME680":24.52,"RH_BME680":18.65,"P_BME680":102.82,"Alt_BME680":-160.47,"TVOC":7,"ECO2":405,"RCO2":484,"Tdb_scd30":26.38,"RH_scd30":17.27,"Lux":0.3,"PM1":1.67,"PM25":1.75,"PM10":1.77,"Air":null}
{"epoch":1581824762,"battery":3.509744883,"Tdb_BME680":24.51,"RH_BME680":18.65,"P_BME680":102.83,"Alt_BME680":-160.8,"TVOC":2,"ECO2":400,"RCO2":484,"Tdb_scd30":26.38,"RH_scd30":17.33,"Lux":0.28,"PM1":1.45,"PM25":1.51,"PM10":1.54,"Air":null}
{"epoch":1581824824,"battery":3.45025754,"Tdb_BME680":24.5,"RH_BME680":18.6,"P_BME680":102.83,"Alt_BME680":-161.38,"TVOC":16,"ECO2":400,"RCO2":484,"Tdb_scd30":26.38,"RH_scd30":17.25,"Lux":0.33,"PM1":1.55,"PM25":1.62,"PM10":1.64,"Air":null}
{"epoch":1581824885,"battery":3.507499933,"Tdb_BME680":24.49,"RH_BME680":18.64,"P_BME680":102.83,"Alt_BME680":-161.21,"TVOC":6,"ECO2":400,"RCO2":481,"Tdb_scd30":26.39,"RH_scd30":17.35,"Lux":0.37,"PM1":1.48,"PM25":1.54,"PM10":1.57,"Air":null}
{"epoch":1581824947,"battery":3.508622408,"Tdb_BME680":24.48,"RH_BME680":18.63,"P_BME680":102.84,"Alt_BME680":-161.38,"TVOC":4,"ECO2":400,"RCO2":483,"Tdb_scd30":26.38,"RH_scd30":17.3,"Lux":0.23,"PM1":1.39,"PM25":1.45,"PM10":1.47,"Air":null}
{"epoch":1581825009,"battery":3.501888037,"Tdb_BME680":24.48,"RH_BME680":18.65,"P_BME680":102.84,"Alt_BME680":-161.87,"TVOC":12,"ECO2":400,"RCO2":483,"Tdb_scd30":26.38,"RH_scd30":17.3,"Lux":0.35,"PM1":1.63,"PM25":1.71,"PM10":1.74,"Air":null}
{"epoch":1581825071,"battery":3.497398376,"Tdb_BME680":24.47,"RH_BME680":18.65,"P_BME680":102.84,"Alt_BME680":-162.04,"TVOC":12,"ECO2":400,"RCO2":484,"Tdb_scd30":26.35,"RH_scd30":17.35,"Lux":0.14,"PM1":1.76,"PM25":1.84,"PM10":1.87,"Air":null}
{"epoch":1581825133,"battery":3.511989594,"Tdb_BME680":24.47,"RH_BME680":18.65,"P_BME680":102.84,"Alt_BME680":-162.04,"TVOC":5,"ECO2":400,"RCO2":482,"Tdb_scd30":26.38,"RH_scd30":17.38,"Lux":0.44,"PM1":1.36,"PM25":1.42,"PM10":1.43,"Air":null}
{"epoch":1581825195,"battery":3.518723965,"Tdb_BME680":24.47,"RH_BME680":18.64,"P_BME680":102.84,"Alt_BME680":-162.04,"TVOC":9,"ECO2":400,"RCO2":483,"Tdb_scd30":26.32,"RH_scd30":17.33,"Lux":0.17,"PM1":1.39,"PM25":1.45,"PM10":1.47,"Air":null}
{"epoch":1581825256,"battery":3.503010511,"Tdb_BME680":24.46,"RH_BME680":18.61,"P_BME680":102.84,"Alt_BME680":-162.04,"TVOC":12,"ECO2":400,"RCO2":483,"Tdb_scd30":26.32,"RH_scd30":17.25,"Lux":0.43,"PM1":1.63,"PM25":1.69,"PM10":1.7,"Air":null}
{"epoch":1581825318,"battery":3.453624725,"Tdb_BME680":24.45,"RH_BME680":18.61,"P_BME680":102.84,"Alt_BME680":-161.87,"TVOC":9,"ECO2":400,"RCO2":479,"Tdb_scd30":26.3,"RH_scd30":17.34,"Lux":0.15,"PM1":1.47,"PM25":1.52,"PM10":1.53,"Air":null}
{"epoch":1581825380,"battery":3.48729682,"Tdb_BME680":24.44,"RH_BME680":18.6,"P_BME680":102.84,"Alt_BME680":-161.71,"TVOC":7,"ECO2":400,"RCO2":479,"Tdb_scd30":26.32,"RH_scd30":17.31,"Lux":0.33,"PM1":1.84,"PM25":1.9,"PM10":1.91,"Air":null}
{"epoch":1581825442,"battery":3.500765562,"Tdb_BME680":24.43,"RH_BME680":18.58,"P_BME680":102.84,"Alt_BME680":-161.87,"TVOC":7,"ECO2":400,"RCO2":478,"Tdb_scd30":26.29,"RH_scd30":17.26,"Lux":0.24,"PM1":1.42,"PM25":1.47,"PM10":1.47,"Air":null}
{"epoch":1581825504,"battery":3.501888037,"Tdb_BME680":24.43,"RH_BME680":18.59,"P_BME680":102.84,"Alt_BME680":-162.2,"TVOC":10,"ECO2":401,"RCO2":477,"Tdb_scd30":26.29,"RH_scd30":17.29,"Lux":0.35,"PM1":1.49,"PM25":1.54,"PM10":1.55,"Air":null}
{"epoch":1581825566,"battery":3.503010511,"Tdb_BME680":24.42,"RH_BME680":18.61,"P_BME680":102.85,"Alt_BME680":-162.2,"TVOC":14,"ECO2":400,"RCO2":475,"Tdb_scd30":26.3,"RH_scd30":17.3,"Lux":0.35,"PM1":1.68,"PM25":1.74,"PM10":1.74,"Air":null}
{"epoch":1581825627,"battery":3.455869675,"Tdb_BME680":24.41,"RH_BME680":18.59,"P_BME680":102.85,"Alt_BME680":-162.37,"TVOC":5,"ECO2":402,"RCO2":476,"Tdb_scd30":26.29,"RH_scd30":17.25,"Lux":0.26,"PM1":1.38,"PM25":1.43,"PM10":1.43,"Air":null}
{"epoch":1581825689,"battery":3.503010511,"Tdb_BME680":24.41,"RH_BME680":18.6,"P_BME680":102.84,"Alt_BME680":-161.87,"TVOC":18,"ECO2":400,"RCO2":474,"Tdb_scd30":26.28,"RH_scd30":17.33,"Lux":0.32,"PM1":1.53,"PM25":1.58,"PM10":1.58,"Air":null}
{"epoch":1581825751,"battery":3.48729682,"Tdb_BME680":24.4,"RH_BME680":18.59,"P_BME680":102.84,"Alt_BME680":-161.54,"TVOC":9,"ECO2":400,"RCO2":475,"Tdb_scd30":26.26,"RH_scd30":17.28,"Lux":0.17,"PM1":1.6,"PM25":1.65,"PM10":1.66,"Air":null}
{"epoch":1581825813,"battery":3.496275902,"Tdb_BME680":24.4,"RH_BME680":18.61,"P_BME680":102.84,"Alt_BME680":-161.38,"TVOC":16,"ECO2":403,"RCO2":474,"Tdb_scd30":26.28,"RH_scd30":17.34,"Lux":0.41,"PM1":1.5,"PM25":1.54,"PM10":1.55,"Air":null}
{"epoch":1581825875,"battery":3.501888037,"Tdb_BME680":24.4,"RH_BME680":18.56,"P_BME680":102.84,"Alt_BME680":-161.38,"TVOC":7,"ECO2":400,"RCO2":474,"Tdb_scd30":26.26,"RH_scd30":17.25,"Lux":0.15,"PM1":1.53,"PM25":1.57,"PM10":1.58,"Air":null}
{"epoch":1581825937,"battery":3.437911272,"Tdb_BME680":24.39,"RH_BME680":18.56,"P_BME680":102.83,"Alt_BME680":-161.21,"TVOC":12,"ECO2":400,"RCO2":472,"Tdb_scd30":26.26,"RH_scd30":17.23,"Lux":0.45,"PM1":1.23,"PM25":1.27,"PM10":1.28,"Air":null}
{"epoch":1581825998,"battery":3.490664005,"Tdb_BME680":24.38,"RH_BME680":18.57,"P_BME680":102.83,"Alt_BME680":-161.38,"TVOC":7,"ECO2":400,"RCO2":471,"Tdb_scd30":26.23,"RH_scd30":17.28,"Lux":0.14,"PM1":1.65,"PM25":1.71,"PM10":1.72,"Air":null}
{"epoch":1581826060,"battery":3.489541531,"Tdb_BME680":24.37,"RH_BME680":18.54,"P_BME680":102.83,"Alt_BME680":-161.21,"TVOC":10,"ECO2":400,"RCO2":471,"Tdb_scd30":26.23,"RH_scd30":17.25,"Lux":0.36,"PM1":1.53,"PM25":1.59,"PM10":1.61,"Air":null}
{"epoch":1581826122,"battery":3.492908716,"Tdb_BME680":24.36,"RH_BME680":18.55,"P_BME680":102.83,"Alt_BME680":-161.21,"TVOC":10,"ECO2":400,"RCO2":471,"Tdb_scd30":26.23,"RH_scd30":17.26,"Lux":0.22,"PM1":1.08,"PM25":1.13,"PM10":1.14,"Air":null}
{"epoch":1581826184,"battery":3.497398376,"Tdb_BME680":24.35,"RH_BME680":18.52,"P_BME680":102.83,"Alt_BME680":-160.97,"TVOC":4,"ECO2":400,"RCO2":469,"Tdb_scd30":26.23,"RH_scd30":17.2,"Lux":0.42,"PM1":1.33,"PM25":1.39,"PM10":1.41,"Air":0}
{"epoch":1581826246,"battery":3.433421612,"Tdb_BME680":24.34,"RH_BME680":18.51,"P_BME680":102.82,"Alt_BME680":-159.98,"TVOC":10,"ECO2":400,"RCO2":465,"Tdb_scd30":26.23,"RH_scd30":17.15,"Lux":0.23,"PM1":1.14,"PM25":1.19,"PM10":1.2,"Air":null}
{"epoch":1581826308,"battery":3.490664005,"Tdb_BME680":24.35,"RH_BME680":18.53,"P_BME680":102.81,"Alt_BME680":-158.99,"TVOC":14,"ECO2":401,"RCO2":463,"Tdb_scd30":26.22,"RH_scd30":17.15,"Lux":0.32,"PM1":1.57,"PM25":1.63,"PM10":1.64,"Air":null}
{"epoch":1581826369,"battery":3.496275902,"Tdb_BME680":24.34,"RH_BME680":18.49,"P_BME680":102.8,"Alt_BME680":-158.83,"TVOC":11,"ECO2":400,"RCO2":460,"Tdb_scd30":26.2,"RH_scd30":17.16,"Lux":0.26,"PM1":1.14,"PM25":1.18,"PM10":1.18,"Air":null}
{"epoch":1581826431,"battery":3.489541531,"Tdb_BME680":24.33,"RH_BME680":18.48,"P_BME680":102.8,"Alt_BME680":-158.66,"TVOC":0,"ECO2":400,"RCO2":457,"Tdb_scd30":26.19,"RH_scd30":17.13,"Lux":0.27,"PM1":1.3,"PM25":1.34,"PM10":1.35,"Air":null}
{"epoch":1581826493,"battery":3.474950314,"Tdb_BME680":24.32,"RH_BME680":18.47,"P_BME680":102.8,"Alt_BME680":-158.66,"TVOC":10,"ECO2":400,"RCO2":456,"Tdb_scd30":26.22,"RH_scd30":17.21,"Lux":0.36,"PM1":1.35,"PM25":1.4,"PM10":1.41,"Air":null}
{"epoch":1581826555,"battery":3.428931952,"Tdb_BME680":24.32,"RH_BME680":18.49,"P_BME680":102.8,"Alt_BME680":-158.5,"TVOC":12,"ECO2":400,"RCO2":452,"Tdb_scd30":26.19,"RH_scd30":17.23,"Lux":-98,"PM1":1.46,"PM25":1.51,"PM10":1.52,"Air":null}
{"epoch":1581826631,"battery":3.486174345,"Tdb_BME680":24.3,"RH_BME680":18.48,"P_BME680":102.8,"Alt_BME680":-158.83,"TVOC":2,"ECO2":400,"RCO2":456,"Tdb_scd30":26.18,"RH_scd30":17.19,"Lux":0.18,"PM1":1.6,"PM25":1.65,"PM10":1.66,"Air":null}
{"epoch":1581826693,"battery":3.499643087,"Tdb_BME680":24.3,"RH_BME680":18.46,"P_BME680":102.81,"Alt_BME680":-158.99,"TVOC":12,"ECO2":410,"RCO2":457,"Tdb_scd30":26.18,"RH_scd30":17.12,"Lux":0.42,"PM1":1.32,"PM25":1.36,"PM10":1.36,"Air":null}
{"epoch":1581826755,"battery":3.474950314,"Tdb_BME680":24.29,"RH_BME680":18.47,"P_BME680":102.8,"Alt_BME680":-158.5,"TVOC":11,"ECO2":412,"RCO2":455,"Tdb_scd30":26.16,"RH_scd30":17.18,"Lux":0.28,"PM1":1.38,"PM25":1.42,"PM10":1.43,"Air":null}
{"epoch":1581826817,"battery":3.427809715,"Tdb_BME680":24.28,"RH_BME680":18.48,"P_BME680":102.8,"Alt_BME680":-158.66,"TVOC":12,"ECO2":400,"RCO2":454,"Tdb_scd30":26.16,"RH_scd30":17.18,"Lux":0.32,"PM1":1.23,"PM25":1.27,"PM10":1.27,"Air":null}
{"epoch":1581826878,"battery":3.488419294,"Tdb_BME680":24.28,"RH_BME680":18.46,"P_BME680":102.8,"Alt_BME680":-158.66,"TVOC":9,"ECO2":404,"RCO2":455,"Tdb_scd30":26.15,"RH_scd30":17.13,"Lux":0.29,"PM1":1.55,"PM25":1.59,"PM10":1.59,"Air":0}
{"epoch":1581826940,"battery":3.465971231,"Tdb_BME680":24.27,"RH_BME680":18.47,"P_BME680":102.8,"Alt_BME680":-158.5,"TVOC":12,"ECO2":405,"RCO2":456,"Tdb_scd30":26.12,"RH_scd30":17.19,"Lux":0.32,"PM1":1.27,"PM25":1.31,"PM10":1.31,"Air":null}
{"epoch":1581827002,"battery":3.480562449,"Tdb_BME680":24.26,"RH_BME680":18.46,"P_BME680":102.8,"Alt_BME680":-158.66,"TVOC":23,"ECO2":419,"RCO2":454,"Tdb_scd30":26.15,"RH_scd30":17.1,"Lux":0.32,"PM1":1.33,"PM25":1.36,"PM10":1.36,"Air":null}
{"epoch":1581827064,"battery":3.483929634,"Tdb_BME680":24.26,"RH_BME680":18.48,"P_BME680":102.8,"Alt_BME680":-158.83,"TVOC":22,"ECO2":411,"RCO2":453,"Tdb_scd30":26.12,"RH_scd30":17.14,"Lux":0.22,"PM1":1.6,"PM25":1.65,"PM10":1.65,"Air":null}
{"epoch":1581827126,"battery":3.430054426,"Tdb_BME680":24.25,"RH_BME680":18.45,"P_BME680":102.81,"Alt_BME680":-159.15,"TVOC":14,"ECO2":401,"RCO2":452,"Tdb_scd30":26.12,"RH_scd30":17.11,"Lux":0.42,"PM1":1.29,"PM25":1.32,"PM10":1.33,"Air":null}
{"epoch":1581827188,"battery":3.485052109,"Tdb_BME680":24.24,"RH_BME680":18.46,"P_BME680":102.81,"Alt_BME680":-159.32,"TVOC":14,"ECO2":400,"RCO2":448,"Tdb_scd30":26.09,"RH_scd30":17.14,"Lux":0.17,"PM1":1.4,"PM25":1.44,"PM10":1.45,"Air":null}
{"epoch":1581827249,"battery":3.483929634,"Tdb_BME680":24.23,"RH_BME680":18.41,"P_BME680":102.81,"Alt_BME680":-159.15,"TVOC":11,"ECO2":400,"RCO2":445,"Tdb_scd30":26.1,"RH_scd30":17.1,"Lux":0.46,"PM1":1.29,"PM25":1.32,"PM10":1.32,"Air":null}
{"epoch":1581827311,"battery":3.472705603,"Tdb_BME680":24.22,"RH_BME680":18.41,"P_BME680":102.81,"Alt_BME680":-159.32,"TVOC":20,"ECO2":400,"RCO2":444,"Tdb_scd30":26.1,"RH_scd30":17.11,"Lux":0.13,"PM1":1.29,"PM25":1.33,"PM10":1.33,"Air":null}
{"epoch":1581827373,"battery":3.471583128,"Tdb_BME680":24.22,"RH_BME680":18.41,"P_BME680":102.81,"Alt_BME680":-159.15,"TVOC":11,"ECO2":400,"RCO2":443,"Tdb_scd30":26.09,"RH_scd30":17.11,"Lux":0.46,"PM1":1.12,"PM25":1.15,"PM10":1.15,"Air":0}
{"epoch":1581827435,"battery":3.424442291,"Tdb_BME680":24.21,"RH_BME680":18.44,"P_BME680":102.8,"Alt_BME680":-158.83,"TVOC":18,"ECO2":400,"RCO2":442,"Tdb_scd30":26.09,"RH_scd30":17.14,"Lux":0.17,"PM1":1.37,"PM25":1.41,"PM10":1.42,"Air":null}
{"epoch":1581827497,"battery":3.483929634,"Tdb_BME680":24.2,"RH_BME680":18.41,"P_BME680":102.8,"Alt_BME680":-158.66,"TVOC":12,"ECO2":400,"RCO2":439,"Tdb_scd30":26.09,"RH_scd30":17.08,"Lux":0.36,"PM1":1.37,"PM25":1.42,"PM10":1.42,"Air":null}
{"epoch":1581827558,"battery":3.481684685,"Tdb_BME680":24.2,"RH_BME680":18.41,"P_BME680":102.8,"Alt_BME680":-158.83,"TVOC":9,"ECO2":400,"RCO2":436,"Tdb_scd30":26.05,"RH_scd30":17.11,"Lux":0.26,"PM1":1.53,"PM25":1.59,"PM10":1.61,"Air":null}
{"epoch":1581827620,"battery":3.474950314,"Tdb_BME680":24.19,"RH_BME680":18.41,"P_BME680":102.8,"Alt_BME680":-158.83,"TVOC":11,"ECO2":400,"RCO2":439,"Tdb_scd30":26.03,"RH_scd30":17.09,"Lux":0.33,"PM1":1.18,"PM25":1.22,"PM10":1.23,"Air":null}
{"epoch":1581827682,"battery":3.428931952,"Tdb_BME680":24.18,"RH_BME680":18.39,"P_BME680":102.81,"Alt_BME680":-158.99,"TVOC":13,"ECO2":400,"RCO2":438,"Tdb_scd30":26.06,"RH_scd30":17.11,"Lux":0.32,"PM1":1.56,"PM25":1.62,"PM10":1.63,"Air":null}
{"epoch":1581827744,"battery":3.474950314,"Tdb_BME680":24.18,"RH_BME680":18.38,"P_BME680":102.8,"Alt_BME680":-158.5,"TVOC":6,"ECO2":400,"RCO2":437,"Tdb_scd30":26.03,"RH_scd30":17.03,"Lux":0.23,"PM1":1.08,"PM25":1.12,"PM10":1.13,"Air":null}
{"epoch":1581827806,"battery":3.465971231,"Tdb_BME680":24.17,"RH_BME680":18.38,"P_BME680":102.8,"Alt_BME680":-158.17,"TVOC":6,"ECO2":400,"RCO2":439,"Tdb_scd30":26.05,"RH_scd30":17.06,"Lux":0.35,"PM1":1.31,"PM25":1.35,"PM10":1.35,"Air":null}
{"epoch":1581827868,"battery":3.474950314,"Tdb_BME680":24.16,"RH_BME680":18.35,"P_BME680":102.8,"Alt_BME680":-158.33,"TVOC":7,"ECO2":400,"RCO2":435,"Tdb_scd30":26.05,"RH_scd30":17.03,"Lux":0.19,"PM1":1.34,"PM25":1.38,"PM10":1.39,"Air":null}
{"epoch":1581827929,"battery":3.461481571,"Tdb_BME680":24.16,"RH_BME680":18.37,"P_BME680":102.8,"Alt_BME680":-158.17,"TVOC":9,"ECO2":407,"RCO2":437,"Tdb_scd30":26.03,"RH_scd30":17.02,"Lux":0.45,"PM1":1.16,"PM25":1.2,"PM10":1.2,"Air":null}
{"epoch":1581827991,"battery":3.427809715,"Tdb_BME680":24.15,"RH_BME680":18.35,"P_BME680":102.79,"Alt_BME680":-157.84,"TVOC":21,"ECO2":400,"RCO2":438,"Tdb_scd30":26.03,"RH_scd30":17.03,"Lux":0.13,"PM1":1.38,"PM25":1.43,"PM10":1.44,"Air":null}
{"epoch":1581828053,"battery":3.467093706,"Tdb_BME680":24.15,"RH_BME680":18.37,"P_BME680":102.79,"Alt_BME680":-157.51,"TVOC":14,"ECO2":400,"RCO2":437,"Tdb_scd30":26.02,"RH_scd30":17.06,"Lux":0.46,"PM1":1.19,"PM25":1.23,"PM10":1.24,"Air":null}
{"epoch":1581828115,"battery":3.460359097,"Tdb_BME680":24.14,"RH_BME680":18.35,"P_BME680":102.79,"Alt_BME680":-157.51,"TVOC":7,"ECO2":400,"RCO2":433,"Tdb_scd30":26.02,"RH_scd30":17.02,"Lux":0.16,"PM1":1.05,"PM25":1.08,"PM10":1.09,"Air":null}
{"epoch":1581828177,"battery":3.470460892,"Tdb_BME680":24.13,"RH_BME680":18.35,"P_BME680":102.79,"Alt_BME680":-157.34,"TVOC":9,"ECO2":400,"RCO2":429,"Tdb_scd30":26,"RH_scd30":17.03,"Lux":0.37,"PM1":1.03,"PM25":1.07,"PM10":1.07,"Air":null}
{"epoch":1581828239,"battery":3.4547472,"Tdb_BME680":24.13,"RH_BME680":18.35,"P_BME680":102.79,"Alt_BME680":-157.26,"TVOC":5,"ECO2":400,"RCO2":431,"Tdb_scd30":25.98,"RH_scd30":17.01,"Lux":0.19,"PM1":1.47,"PM25":1.52,"PM10":1.53,"Air":null}
{"epoch":1581828300,"battery":3.431176901,"Tdb_BME680":24.11,"RH_BME680":18.32,"P_BME680":102.78,"Alt_BME680":-157.1,"TVOC":5,"ECO2":400,"RCO2":423,"Tdb_scd30":26,"RH_scd30":17.06,"Lux":0.33,"PM1":1.18,"PM25":1.22,"PM10":1.23,"Air":0}
{"epoch":1581828362,"battery":3.474950314,"Tdb_BME680":24.11,"RH_BME680":18.32,"P_BME680":102.78,"Alt_BME680":-157.1,"TVOC":1,"ECO2":400,"RCO2":425,"Tdb_scd30":25.96,"RH_scd30":16.99,"Lux":0.29,"PM1":1.42,"PM25":1.46,"PM10":1.47,"Air":null}
{"epoch":1581828424,"battery":3.4547472,"Tdb_BME680":24.11,"RH_BME680":18.37,"P_BME680":102.78,"Alt_BME680":-156.93,"TVOC":7,"ECO2":400,"RCO2":424,"Tdb_scd30":25.99,"RH_scd30":17.03,"Lux":0.23,"PM1":1.15,"PM25":1.19,"PM10":1.2,"Air":null}
{"epoch":1581828486,"battery":3.415463209,"Tdb_BME680":24.1,"RH_BME680":18.33,"P_BME680":102.79,"Alt_BME680":-157.26,"TVOC":2,"ECO2":400,"RCO2":422,"Tdb_scd30":25.96,"RH_scd30":17.06,"Lux":0.33,"PM1":1.43,"PM25":1.48,"PM10":1.49,"Air":null}
{"epoch":1581828548,"battery":3.455869675,"Tdb_BME680":24.09,"RH_BME680":18.36,"P_BME680":102.78,"Alt_BME680":-157.1,"TVOC":7,"ECO2":400,"RCO2":418,"Tdb_scd30":25.98,"RH_scd30":17.01,"Lux":0.2,"PM1":1.33,"PM25":1.38,"PM10":1.39,"Air":null}
{"epoch":1581828610,"battery":3.460359097,"Tdb_BME680":24.09,"RH_BME680":18.3,"P_BME680":102.78,"Alt_BME680":-157.1,"TVOC":7,"ECO2":400,"RCO2":421,"Tdb_scd30":25.93,"RH_scd30":16.99,"Lux":0.43,"PM1":1.39,"PM25":1.43,"PM10":1.44,"Air":null}
{"epoch":1581828671,"battery":3.461481571,"Tdb_BME680":24.08,"RH_BME680":18.32,"P_BME680":102.78,"Alt_BME680":-157.1,"TVOC":7,"ECO2":400,"RCO2":418,"Tdb_scd30":25.93,"RH_scd30":17.04,"Lux":0.16,"PM1":1.08,"PM25":1.11,"PM10":1.12,"Air":null}
{"epoch":1581828733,"battery":3.439033508,"Tdb_BME680":24.07,"RH_BME680":18.36,"P_BME680":102.78,"Alt_BME680":-156.93,"TVOC":8,"ECO2":400,"RCO2":418,"Tdb_scd30":25.95,"RH_scd30":17.1,"Lux":0.46,"PM1":1.3,"PM25":1.34,"PM10":1.34,"Air":null}
{"epoch":1581828795,"battery":3.437911272,"Tdb_BME680":24.07,"RH_BME680":18.34,"P_BME680":102.78,"Alt_BME680":-156.93,"TVOC":11,"ECO2":400,"RCO2":417,"Tdb_scd30":25.93,"RH_scd30":17.02,"Lux":0.14,"PM1":1.17,"PM25":1.21,"PM10":1.21,"Air":null}
{"epoch":1581828857,"battery":3.453624725,"Tdb_BME680":24.06,"RH_BME680":18.34,"P_BME680":102.78,"Alt_BME680":-156.6,"TVOC":2,"ECO2":400,"RCO2":418,"Tdb_scd30":25.92,"RH_scd30":17.05,"Lux":0.39,"PM1":1.23,"PM25":1.27,"PM10":1.27,"Air":null}
{"epoch":1581828919,"battery":3.449135303,"Tdb_BME680":24.06,"RH_BME680":18.37,"P_BME680":102.77,"Alt_BME680":-155.45,"TVOC":19,"ECO2":400,"RCO2":418,"Tdb_scd30":25.91,"RH_scd30":17.05,"Lux":0.19,"PM1":1.21,"PM25":1.25,"PM10":1.26,"Air":null}
{"epoch":1581828981,"battery":3.437911272,"Tdb_BME680":24.04,"RH_BME680":18.32,"P_BME680":102.77,"Alt_BME680":-155.61,"TVOC":0,"ECO2":400,"RCO2":417,"Tdb_scd30":25.92,"RH_scd30":17.04,"Lux":0.35,"PM1":1.19,"PM25":1.22,"PM10":1.23,"Air":null}
{"epoch":1581829042,"battery":3.416585684,"Tdb_BME680":24.03,"RH_BME680":18.35,"P_BME680":102.77,"Alt_BME680":-155.78,"TVOC":13,"ECO2":400,"RCO2":417,"Tdb_scd30":25.89,"RH_scd30":17.05,"Lux":0.29,"PM1":1.2,"PM25":1.23,"PM10":1.24,"Air":null}
{"epoch":1581829104,"battery":3.442400694,"Tdb_BME680":24.02,"RH_BME680":18.37,"P_BME680":102.77,"Alt_BME680":-156.11,"TVOC":9,"ECO2":400,"RCO2":417,"Tdb_scd30":25.89,"RH_scd30":17.05,"Lux":0.32,"PM1":1.23,"PM25":1.27,"PM10":1.27,"Air":0}
{"epoch":1581829166,"battery":3.449135303,"Tdb_BME680":24.02,"RH_BME680":18.36,"P_BME680":102.77,"Alt_BME680":-156.11,"TVOC":15,"ECO2":400,"RCO2":418,"Tdb_scd30":25.88,"RH_scd30":17.1,"Lux":0.32,"PM1":1.26,"PM25":1.29,"PM10":1.29,"Air":0}
{"epoch":1581829228,"battery":3.453624725,"Tdb_BME680":24.02,"RH_BME680":18.38,"P_BME680":102.77,"Alt_BME680":-155.94,"TVOC":11,"ECO2":400,"RCO2":415,"Tdb_scd30":25.86,"RH_scd30":17.05,"Lux":0.22,"PM1":1.32,"PM25":1.35,"PM10":1.36,"Air":null}
{"epoch":1581829290,"battery":3.434544086,"Tdb_BME680":24.01,"RH_BME680":18.35,"P_BME680":102.77,"Alt_BME680":-155.45,"TVOC":0,"ECO2":400,"RCO2":417,"Tdb_scd30":25.85,"RH_scd30":17.05,"Lux":0.42,"PM1":1.29,"PM25":1.33,"PM10":1.33,"Air":null}
{"epoch":1581829352,"battery":3.406483889,"Tdb_BME680":23.99,"RH_BME680":18.34,"P_BME680":102.76,"Alt_BME680":-155.12,"TVOC":5,"ECO2":400,"RCO2":419,"Tdb_scd30":25.88,"RH_scd30":17.07,"Lux":0.17,"PM1":1.17,"PM25":1.21,"PM10":1.21,"Air":null}
{"epoch":1581829413,"battery":3.446890354,"Tdb_BME680":23.99,"RH_BME680":18.37,"P_BME680":102.76,"Alt_BME680":-155.28,"TVOC":13,"ECO2":400,"RCO2":417,"Tdb_scd30":25.88,"RH_scd30":17.07,"Lux":0.46,"PM1":1.15,"PM25":1.18,"PM10":1.18,"Air":null}
{"epoch":1581829475,"battery":3.449135303,"Tdb_BME680":23.99,"RH_BME680":18.37,"P_BME680":102.76,"Alt_BME680":-155.28,"TVOC":11,"ECO2":400,"RCO2":414,"Tdb_scd30":25.88,"RH_scd30":17.05,"Lux":0.13,"PM1":1.18,"PM25":1.21,"PM10":1.22,"Air":null}
{"epoch":1581829537,"battery":3.442400694,"Tdb_BME680":23.98,"RH_BME680":18.34,"P_BME680":102.77,"Alt_BME680":-155.78,"TVOC":16,"ECO2":400,"RCO2":411,"Tdb_scd30":25.85,"RH_scd30":16.96,"Lux":0.46,"PM1":1.13,"PM25":1.16,"PM10":1.17,"Air":null}
{"epoch":1581829599,"battery":3.421075106,"Tdb_BME680":23.98,"RH_BME680":18.39,"P_BME680":102.76,"Alt_BME680":-155.28,"TVOC":14,"ECO2":400,"RCO2":412,"Tdb_scd30":25.85,"RH_scd30":17.07,"Lux":0.17,"PM1":1.06,"PM25":1.09,"PM10":1.1,"Air":null}
{"epoch":1581829661,"battery":3.441278458,"Tdb_BME680":23.97,"RH_BME680":18.35,"P_BME680":102.76,"Alt_BME680":-155.12,"TVOC":13,"ECO2":400,"RCO2":411,"Tdb_scd30":25.84,"RH_scd30":17.02,"Lux":0.36,"PM1":0.96,"PM25":0.99,"PM10":0.99,"Air":null}
{"epoch":1581829723,"battery":3.444645643,"Tdb_BME680":23.96,"RH_BME680":18.34,"P_BME680":102.76,"Alt_BME680":-155.12,"TVOC":12,"ECO2":400,"RCO2":412,"Tdb_scd30":25.81,"RH_scd30":16.98,"Lux":0.29,"PM1":0.99,"PM25":1.02,"PM10":1.02,"Air":null}
{"epoch":1581829784,"battery":3.440155983,"Tdb_BME680":23.95,"RH_BME680":18.33,"P_BME680":102.76,"Alt_BME680":-154.95,"TVOC":13,"ECO2":400,"RCO2":410,"Tdb_scd30":25.82,"RH_scd30":17.02,"Lux":0.32,"PM1":1.09,"PM25":1.12,"PM10":1.12,"Air":0}
{"epoch":1581829846,"battery":3.440155983,"Tdb_BME680":23.94,"RH_BME680":18.31,"P_BME680":102.76,"Alt_BME680":-154.95,"TVOC":7,"ECO2":400,"RCO2":404,"Tdb_scd30":25.78,"RH_scd30":16.97,"Lux":0.32,"PM1":1.05,"PM25":1.08,"PM10":1.08,"Air":null}
{"epoch":1581829908,"battery":3.398627281,"Tdb_BME680":23.94,"RH_BME680":18.35,"P_BME680":102.75,"Alt_BME680":-154.46,"TVOC":6,"ECO2":400,"RCO2":403,"Tdb_scd30":25.84,"RH_scd30":17.03,"Lux":0.22,"PM1":1.22,"PM25":1.25,"PM10":1.25,"Air":null}
{"epoch":1581829970,"battery":3.448012829,"Tdb_BME680":23.93,"RH_BME680":18.33,"P_BME680":102.75,"Alt_BME680":-154.79,"TVOC":10,"ECO2":400,"RCO2":404,"Tdb_scd30":25.79,"RH_scd30":17.03,"Lux":0.35,"PM1":1.18,"PM25":1.21,"PM10":1.21,"Air":0}
{"epoch":1581830032,"battery":3.446890354,"Tdb_BME680":23.92,"RH_BME680":18.35,"P_BME680":102.76,"Alt_BME680":-154.95,"TVOC":3,"ECO2":400,"RCO2":405,"Tdb_scd30":25.81,"RH_scd30":17.03,"Lux":0.19,"PM1":1.18,"PM25":1.22,"PM10":1.22,"Air":null}
{"epoch":1581830094,"battery":3.440155983,"Tdb_BME680":23.92,"RH_BME680":18.36,"P_BME680":102.76,"Alt_BME680":-154.79,"TVOC":12,"ECO2":400,"RCO2":405,"Tdb_scd30":25.78,"RH_scd30":17.02,"Lux":0.45,"PM1":1.24,"PM25":1.28,"PM10":1.28,"Air":null}
{"epoch":1581830155,"battery":3.428931952,"Tdb_BME680":23.92,"RH_BME680":18.37,"P_BME680":102.76,"Alt_BME680":-155.12,"TVOC":19,"ECO2":400,"RCO2":402,"Tdb_scd30":25.78,"RH_scd30":17.09,"Lux":0.14,"PM1":1.14,"PM25":1.17,"PM10":1.17,"Air":null}
{"epoch":1581830231,"battery":3.445768118,"Tdb_BME680":23.89,"RH_BME680":18.38,"P_BME680":102.75,"Alt_BME680":-154.62,"TVOC":5,"ECO2":411,"RCO2":400,"Tdb_scd30":25.79,"RH_scd30":17.08,"Lux":0.14,"PM1":1.13,"PM25":1.16,"PM10":1.16,"Air":null}
{"epoch":1581830293,"battery":3.434544086,"Tdb_BME680":23.89,"RH_BME680":18.38,"P_BME680":102.75,"Alt_BME680":-154.62,"TVOC":6,"ECO2":415,"RCO2":403,"Tdb_scd30":25.75,"RH_scd30":17.17,"Lux":0.37,"PM1":1.04,"PM25":1.07,"PM10":1.07,"Air":null}
{"epoch":1581830355,"battery":3.424442291,"Tdb_BME680":23.89,"RH_BME680":18.37,"P_BME680":102.75,"Alt_BME680":-154.62,"TVOC":5,"ECO2":406,"RCO2":400,"Tdb_scd30":25.78,"RH_scd30":17.08,"Lux":0.19,"PM1":1.08,"PM25":1.11,"PM10":1.11,"Air":null}
{"epoch":1581830417,"battery":3.39189291,"Tdb_BME680":23.88,"RH_BME680":18.33,"P_BME680":102.76,"Alt_BME680":-154.79,"TVOC":1,"ECO2":400,"RCO2":399,"Tdb_scd30":25.75,"RH_scd30":17.03,"Lux":0.39,"PM1":1.11,"PM25":1.14,"PM10":1.14,"Air":null}
{"epoch":1581830479,"battery":3.424442291,"Tdb_BME680":23.88,"RH_BME680":18.39,"P_BME680":102.75,"Alt_BME680":-154.46,"TVOC":4,"ECO2":410,"RCO2":395,"Tdb_scd30":25.75,"RH_scd30":17.04,"Lux":0.3,"PM1":1,"PM25":1.03,"PM10":1.03,"Air":0}
{"epoch":1581830541,"battery":3.413218498,"Tdb_BME680":23.88,"RH_BME680":18.36,"P_BME680":102.74,"Alt_BME680":-153.64,"TVOC":11,"ECO2":415,"RCO2":394,"Tdb_scd30":25.75,"RH_scd30":17.08,"Lux":0.29,"PM1":1.18,"PM25":1.21,"PM10":1.21,"Air":null}
{"epoch":1581830602,"battery":3.436788797,"Tdb_BME680":23.88,"RH_BME680":18.41,"P_BME680":102.74,"Alt_BME680":-153.22,"TVOC":6,"ECO2":403,"RCO2":393,"Tdb_scd30":25.74,"RH_scd30":17.14,"Lux":0.27,"PM1":1.31,"PM25":1.34,"PM10":1.34,"Air":null}
{"epoch":1581830664,"battery":3.42219758,"Tdb_BME680":23.87,"RH_BME680":18.36,"P_BME680":102.74,"Alt_BME680":-153.47,"TVOC":10,"ECO2":412,"RCO2":392,"Tdb_scd30":25.75,"RH_scd30":17.11,"Lux":0.19,"PM1":0.85,"PM25":0.87,"PM10":0.87,"Air":null}
{"epoch":1581830726,"battery":3.41770792,"Tdb_BME680":23.86,"RH_BME680":18.37,"P_BME680":102.74,"Alt_BME680":-153.64,"TVOC":10,"ECO2":400,"RCO2":391,"Tdb_scd30":25.74,"RH_scd30":17.06,"Lux":0.37,"PM1":1.01,"PM25":1.03,"PM10":1.03,"Air":null}
{"epoch":1581830788,"battery":3.397504807,"Tdb_BME680":23.85,"RH_BME680":18.38,"P_BME680":102.74,"Alt_BME680":-153.8,"TVOC":8,"ECO2":410,"RCO2":387,"Tdb_scd30":25.72,"RH_scd30":17.11,"Lux":0.22,"PM1":0.92,"PM25":0.94,"PM10":0.94,"Air":null}
{"epoch":1581830850,"battery":3.431176901,"Tdb_BME680":23.84,"RH_BME680":18.37,"P_BME680":102.75,"Alt_BME680":-154.13,"TVOC":9,"ECO2":400,"RCO2":388,"Tdb_scd30":25.71,"RH_scd30":17.04,"Lux":0.44,"PM1":0.97,"PM25":1,"PM10":1,"Air":null}
{"epoch":1581830912,"battery":3.42219758,"Tdb_BME680":23.84,"RH_BME680":18.35,"P_BME680":102.74,"Alt_BME680":-153.64,"TVOC":2,"ECO2":400,"RCO2":393,"Tdb_scd30":25.71,"RH_scd30":17.03,"Lux":0.14,"PM1":1.09,"PM25":1.12,"PM10":1.13,"Air":null}
{"epoch":1581830973,"battery":3.436788797,"Tdb_BME680":23.83,"RH_BME680":18.39,"P_BME680":102.74,"Alt_BME680":-153.22,"TVOC":11,"ECO2":402,"RCO2":391,"Tdb_scd30":25.72,"RH_scd30":17.11,"Lux":0.44,"PM1":0.93,"PM25":0.96,"PM10":0.96,"Air":null}
{"epoch":1581831035,"battery":3.434544086,"Tdb_BME680":23.84,"RH_BME680":18.4,"P_BME680":102.73,"Alt_BME680":-152.73,"TVOC":4,"ECO2":400,"RCO2":391,"Tdb_scd30":25.71,"RH_scd30":17.07,"Lux":0.19,"PM1":0.81,"PM25":0.83,"PM10":0.84,"Air":null}
{"epoch":1581831097,"battery":3.406483889,"Tdb_BME680":23.84,"RH_BME680":18.39,"P_BME680":102.73,"Alt_BME680":-152.57,"TVOC":16,"ECO2":405,"RCO2":391,"Tdb_scd30":25.69,"RH_scd30":17.1,"Lux":0.4,"PM1":1.27,"PM25":1.31,"PM10":1.32,"Air":null}
{"epoch":1581831159,"battery":3.430054426,"Tdb_BME680":23.82,"RH_BME680":18.35,"P_BME680":102.72,"Alt_BME680":-152.24,"TVOC":8,"ECO2":400,"RCO2":390,"Tdb_scd30":25.71,"RH_scd30":17.09,"Lux":0.29,"PM1":0.94,"PM25":0.97,"PM10":0.98,"Air":null}
{"epoch":1581831221,"battery":3.423320055,"Tdb_BME680":23.82,"RH_BME680":18.37,"P_BME680":102.72,"Alt_BME680":-151.91,"TVOC":18,"ECO2":400,"RCO2":390,"Tdb_scd30":25.69,"RH_scd30":17.06,"Lux":0.31,"PM1":1.17,"PM25":1.21,"PM10":1.21,"Air":null}
{"epoch":1581831283,"battery":3.427809715,"Tdb_BME680":23.81,"RH_BME680":18.36,"P_BME680":102.73,"Alt_BME680":-152.57,"TVOC":1,"ECO2":400,"RCO2":389,"Tdb_scd30":25.68,"RH_scd30":17.04,"Lux":0.27,"PM1":1.18,"PM25":1.22,"PM10":1.22,"Air":null}
{"epoch":1581831344,"battery":3.432299137,"Tdb_BME680":23.8,"RH_BME680":18.35,"P_BME680":102.74,"Alt_BME680":-153.22,"TVOC":11,"ECO2":400,"RCO2":387,"Tdb_scd30":25.67,"RH_scd30":17.04,"Lux":0.21,"PM1":1.22,"PM25":1.25,"PM10":1.25,"Air":0}
{"epoch":1581831406,"battery":3.421075106,"Tdb_BME680":23.79,"RH_BME680":18.39,"P_BME680":102.74,"Alt_BME680":-153.64,"TVOC":16,"ECO2":400,"RCO2":384,"Tdb_scd30":25.68,"RH_scd30":17.06,"Lux":0.26,"PM1":1.08,"PM25":1.11,"PM10":1.11,"Air":0}
{"epoch":1581831468,"battery":3.407606363,"Tdb_BME680":23.78,"RH_BME680":18.36,"P_BME680":102.74,"Alt_BME680":-153.64,"TVOC":0,"ECO2":400,"RCO2":384,"Tdb_scd30":25.65,"RH_scd30":17.07,"Lux":0.26,"PM1":1.1,"PM25":1.13,"PM10":1.13,"Air":0}
{"epoch":1581831530,"battery":3.42219758,"Tdb_BME680":23.78,"RH_BME680":18.39,"P_BME680":102.73,"Alt_BME680":-152.89,"TVOC":17,"ECO2":405,"RCO2":386,"Tdb_scd30":25.67,"RH_scd30":17.07,"Lux":0.36,"PM1":0.83,"PM25":0.85,"PM10":0.85,"Air":null}
{"epoch":1581831592,"battery":3.423320055,"Tdb_BME680":23.77,"RH_BME680":18.37,"P_BME680":102.73,"Alt_BME680":-152.4,"TVOC":5,"ECO2":400,"RCO2":384,"Tdb_scd30":25.64,"RH_scd30":17.07,"Lux":0.22,"PM1":1.38,"PM25":1.42,"PM10":1.42,"Air":null}
{"epoch":1581831654,"battery":3.416585684,"Tdb_BME680":23.77,"RH_BME680":18.38,"P_BME680":102.73,"Alt_BME680":-152.4,"TVOC":5,"ECO2":400,"RCO2":382,"Tdb_scd30":25.65,"RH_scd30":17.09,"Lux":0.39,"PM1":1.36,"PM25":1.39,"PM10":1.39,"Air":null}
{"epoch":1581831715,"battery":3.419952869,"Tdb_BME680":23.75,"RH_BME680":18.39,"P_BME680":102.72,"Alt_BME680":-151.74,"TVOC":9,"ECO2":400,"RCO2":383,"Tdb_scd30":25.64,"RH_scd30":17.07,"Lux":0.12,"PM1":0.9,"PM25":0.92,"PM10":0.92,"Air":null}
{"epoch":1581831777,"battery":3.424442291,"Tdb_BME680":23.75,"RH_BME680":18.49,"P_BME680":102.71,"Alt_BME680":-151.58,"TVOC":14,"ECO2":401,"RCO2":384,"Tdb_scd30":25.64,"RH_scd30":17.16,"Lux":0.43,"PM1":1.15,"PM25":1.18,"PM10":1.18,"Air":null}
{"epoch":1581831839,"battery":3.409851313,"Tdb_BME680":23.75,"RH_BME680":18.42,"P_BME680":102.72,"Alt_BME680":-151.74,"TVOC":15,"ECO2":400,"RCO2":385,"Tdb_scd30":25.6,"RH_scd30":17.16,"Lux":0.12,"PM1":0.99,"PM25":1.02,"PM10":1.02,"Air":null}
{"epoch":1581831901,"battery":3.42219758,"Tdb_BME680":23.74,"RH_BME680":18.44,"P_BME680":102.72,"Alt_BME680":-151.74,"TVOC":12,"ECO2":400,"RCO2":385,"Tdb_scd30":25.62,"RH_scd30":17.12,"Lux":0.39,"PM1":0.69,"PM25":0.71,"PM10":0.71,"Air":null}
{"epoch":1581831963,"battery":3.412096024,"Tdb_BME680":23.74,"RH_BME680":18.4,"P_BME680":102.72,"Alt_BME680":-151.74,"TVOC":12,"ECO2":400,"RCO2":380,"Tdb_scd30":25.61,"RH_scd30":17.1,"Lux":0.22,"PM1":1.01,"PM25":1.04,"PM10":1.04,"Air":null}
{"epoch":1581832025,"battery":3.413218498,"Tdb_BME680":23.73,"RH_BME680":18.44,"P_BME680":102.72,"Alt_BME680":-151.58,"TVOC":9,"ECO2":400,"RCO2":382,"Tdb_scd30":25.6,"RH_scd30":17.12,"Lux":0.36,"PM1":0.91,"PM25":0.94,"PM10":0.94,"Air":null}
{"epoch":1581832086,"battery":3.416585684,"Tdb_BME680":23.72,"RH_BME680":18.44,"P_BME680":102.71,"Alt_BME680":-151.25,"TVOC":9,"ECO2":400,"RCO2":383,"Tdb_scd30":25.58,"RH_scd30":17.18,"Lux":0.27,"PM1":0.79,"PM25":0.81,"PM10":0.81,"Air":null}
{"epoch":1581832148,"battery":3.421075106,"Tdb_BME680":23.71,"RH_BME680":18.44,"P_BME680":102.71,"Alt_BME680":-150.92,"TVOC":14,"ECO2":400,"RCO2":384,"Tdb_scd30":25.6,"RH_scd30":17.15,"Lux":0.26,"PM1":0.77,"PM25":0.79,"PM10":0.79,"Air":null}
{"epoch":1581832210,"battery":3.42219758,"Tdb_BME680":23.71,"RH_BME680":18.4,"P_BME680":102.71,"Alt_BME680":-150.92,"TVOC":0,"ECO2":400,"RCO2":384,"Tdb_scd30":25.6,"RH_scd30":17.13,"Lux":0.32,"PM1":1.1,"PM25":1.13,"PM10":1.13,"Air":null}
{"epoch":1581832272,"battery":3.41770792,"Tdb_BME680":23.7,"RH_BME680":18.42,"P_BME680":102.71,"Alt_BME680":-150.92,"TVOC":12,"ECO2":400,"RCO2":380,"Tdb_scd30":25.55,"RH_scd30":17.14,"Lux":0.22,"PM1":1.24,"PM25":1.28,"PM10":1.28,"Air":null}
{"epoch":1581832334,"battery":3.396382332,"Tdb_BME680":23.69,"RH_BME680":18.43,"P_BME680":102.71,"Alt_BME680":-151.25,"TVOC":7,"ECO2":400,"RCO2":380,"Tdb_scd30":25.55,"RH_scd30":17.09,"Lux":0.4,"PM1":0.91,"PM25":0.94,"PM10":0.94,"Air":null}
{"epoch":1581832396,"battery":3.410973549,"Tdb_BME680":23.69,"RH_BME680":18.43,"P_BME680":102.71,"Alt_BME680":-151.08,"TVOC":8,"ECO2":400,"RCO2":380,"Tdb_scd30":25.55,"RH_scd30":17.13,"Lux":0.17,"PM1":0.92,"PM25":0.95,"PM10":0.95,"Air":null}
{"epoch":1581832457,"battery":3.425564766,"Tdb_BME680":23.68,"RH_BME680":18.42,"P_BME680":102.7,"Alt_BME680":-150.59,"TVOC":7,"ECO2":400,"RCO2":380,"Tdb_scd30":25.57,"RH_scd30":17.14,"Lux":0.45,"PM1":1.16,"PM25":1.19,"PM10":1.19,"Air":null}
{"epoch":1581832519,"battery":3.419952869,"Tdb_BME680":23.67,"RH_BME680":18.43,"P_BME680":102.7,"Alt_BME680":-150.75,"TVOC":3,"ECO2":400,"RCO2":380,"Tdb_scd30":25.57,"RH_scd30":17.13,"Lux":0.14,"PM1":1.01,"PM25":1.04,"PM10":1.05,"Air":null}
{"epoch":1581832581,"battery":3.395260096,"Tdb_BME680":23.66,"RH_BME680":18.44,"P_BME680":102.7,"Alt_BME680":-150.59,"TVOC":0,"ECO2":400,"RCO2":380,"Tdb_scd30":25.54,"RH_scd30":17.13,"Lux":0.45,"PM1":1.11,"PM25":1.15,"PM10":1.15,"Air":null}
{"epoch":1581832643,"battery":3.415463209,"Tdb_BME680":23.66,"RH_BME680":18.46,"P_BME680":102.7,"Alt_BME680":-150.26,"TVOC":18,"ECO2":400,"RCO2":374,"Tdb_scd30":25.52,"RH_scd30":17.24,"Lux":0.16,"PM1":1.14,"PM25":1.18,"PM10":1.18,"Air":0}
{"epoch":1581832705,"battery":3.398627281,"Tdb_BME680":23.66,"RH_BME680":18.45,"P_BME680":102.7,"Alt_BME680":-150.26,"TVOC":12,"ECO2":400,"RCO2":373,"Tdb_scd30":25.54,"RH_scd30":17.18,"Lux":0.35,"PM1":1.21,"PM25":1.25,"PM10":1.25,"Air":null}
{"epoch":1581832767,"battery":3.414340734,"Tdb_BME680":23.65,"RH_BME680":18.46,"P_BME680":102.7,"Alt_BME680":-150.26,"TVOC":5,"ECO2":400,"RCO2":367,"Tdb_scd30":25.52,"RH_scd30":17.12,"Lux":0.27,"PM1":0.93,"PM25":0.96,"PM10":0.97,"Air":null}
{"epoch":1581832828,"battery":3.41770792,"Tdb_BME680":23.64,"RH_BME680":18.42,"P_BME680":102.7,"Alt_BME680":-150.26,"TVOC":4,"ECO2":400,"RCO2":367,"Tdb_scd30":25.49,"RH_scd30":17.11,"Lux":0.32,"PM1":0.98,"PM25":1.01,"PM10":1.02,"Air":null}
{"epoch":1581832890,"battery":3.426687241,"Tdb_BME680":23.63,"RH_BME680":18.43,"P_BME680":102.71,"Alt_BME680":-150.75,"TVOC":4,"ECO2":400,"RCO2":366,"Tdb_scd30":25.49,"RH_scd30":17.14,"Lux":0.32,"PM1":1.17,"PM25":1.21,"PM10":1.22,"Air":null}
{"epoch":1581832952,"battery":3.413218498,"Tdb_BME680":23.63,"RH_BME680":18.42,"P_BME680":102.7,"Alt_BME680":-150.42,"TVOC":9,"ECO2":400,"RCO2":364,"Tdb_scd30":25.51,"RH_scd30":17.14,"Lux":0.2,"PM1":0.88,"PM25":0.91,"PM10":0.91,"Air":0}
{"epoch":1581833014,"battery":3.389647961,"Tdb_BME680":23.63,"RH_BME680":18.44,"P_BME680":102.7,"Alt_BME680":-150.26,"TVOC":14,"ECO2":400,"RCO2":364,"Tdb_scd30":25.49,"RH_scd30":17.08,"Lux":0.35,"PM1":1.01,"PM25":1.04,"PM10":1.05,"Air":0}
{"epoch":1581833076,"battery":3.408728838,"Tdb_BME680":23.62,"RH_BME680":18.44,"P_BME680":102.69,"Alt_BME680":-149.68,"TVOC":0,"ECO2":400,"RCO2":362,"Tdb_scd30":25.48,"RH_scd30":17.09,"Lux":0.17,"PM1":1.05,"PM25":1.08,"PM10":1.09,"Air":0}
{"epoch":1581833138,"battery":3.407606363,"Tdb_BME680":23.61,"RH_BME680":18.44,"P_BME680":102.69,"Alt_BME680":-149.52,"TVOC":13,"ECO2":400,"RCO2":362,"Tdb_scd30":25.49,"RH_scd30":17.11,"Lux":0.45,"PM1":0.91,"PM25":0.93,"PM10":0.94,"Air":null}
{"epoch":1581833199,"battery":3.407606363,"Tdb_BME680":23.61,"RH_BME680":18.43,"P_BME680":102.69,"Alt_BME680":-149.02,"TVOC":13,"ECO2":400,"RCO2":361,"Tdb_scd30":25.47,"RH_scd30":17.15,"Lux":0.13,"PM1":0.98,"PM25":1.01,"PM10":1.02,"Air":null}
{"epoch":1581833261,"battery":3.418830395,"Tdb_BME680":23.61,"RH_BME680":18.44,"P_BME680":102.68,"Alt_BME680":-148.85,"TVOC":6,"ECO2":400,"RCO2":361,"Tdb_scd30":25.51,"RH_scd30":17.14,"Lux":0.43,"PM1":1.03,"PM25":1.06,"PM10":1.07,"Air":null}
{"epoch":1581833323,"battery":3.405361652,"Tdb_BME680":23.61,"RH_BME680":18.43,"P_BME680":102.68,"Alt_BME680":-148.69,"TVOC":3,"ECO2":400,"RCO2":361,"Tdb_scd30":25.45,"RH_scd30":17.09,"Lux":0.17,"PM1":0.8,"PM25":0.83,"PM10":0.84,"Air":null}
{"epoch":1581833385,"battery":3.418830395,"Tdb_BME680":23.6,"RH_BME680":18.43,"P_BME680":102.68,"Alt_BME680":-148.53,"TVOC":8,"ECO2":400,"RCO2":362,"Tdb_scd30":25.47,"RH_scd30":17.09,"Lux":0.37,"PM1":0.83,"PM25":0.86,"PM10":0.87,"Air":null}
{"epoch":1581833447,"battery":3.409851313,"Tdb_BME680":23.59,"RH_BME680":18.42,"P_BME680":102.68,"Alt_BME680":-148.53,"TVOC":13,"ECO2":400,"RCO2":363,"Tdb_scd30":25.45,"RH_scd30":17.15,"Lux":0.2,"PM1":1.02,"PM25":1.05,"PM10":1.06,"Air":null}
{"epoch":1581833509,"battery":3.407606363,"Tdb_BME680":23.58,"RH_BME680":18.42,"P_BME680":102.68,"Alt_BME680":-148.36,"TVOC":6,"ECO2":400,"RCO2":363,"Tdb_scd30":25.44,"RH_scd30":17.11,"Lux":0.29,"PM1":0.9,"PM25":0.93,"PM10":0.94,"Air":null}
{"epoch":1581833570,"battery":3.39189291,"Tdb_BME680":23.58,"RH_BME680":18.46,"P_BME680":102.67,"Alt_BME680":-147.7,"TVOC":8,"ECO2":405,"RCO2":362,"Tdb_scd30":25.45,"RH_scd30":17.14,"Lux":0.24,"PM1":0.97,"PM25":1.01,"PM10":1.01,"Air":null}
{"epoch":1581833632,"battery":3.408728838,"Tdb_BME680":23.58,"RH_BME680":18.48,"P_BME680":102.67,"Alt_BME680":-147.37,"TVOC":11,"ECO2":400,"RCO2":363,"Tdb_scd30":25.45,"RH_scd30":17.14,"Lux":-98,"PM1":1.16,"PM25":1.2,"PM10":1.2,"Air":null}
{"epoch":1581833694,"battery":3.401994467,"Tdb_BME680":23.57,"RH_BME680":18.47,"P_BME680":102.67,"Alt_BME680":-147.7,"TVOC":9,"ECO2":400,"RCO2":362,"Tdb_scd30":25.45,"RH_scd30":17.22,"Lux":0.35,"PM1":0.99,"PM25":1.02,"PM10":1.03,"Air":null}
{"epoch":1581833756,"battery":3.398627281,"Tdb_BME680":23.56,"RH_BME680":18.45,"P_BME680":102.67,"Alt_BME680":-148.03,"TVOC":5,"ECO2":400,"RCO2":362,"Tdb_scd30":25.41,"RH_scd30":17.09,"Lux":0.22,"PM1":1,"PM25":1.02,"PM10":1.02,"Air":0}
{"epoch":1581833832,"battery":3.412096024,"Tdb_BME680":23.55,"RH_BME680":18.45,"P_BME680":102.69,"Alt_BME680":-149.02,"TVOC":4,"ECO2":400,"RCO2":359,"Tdb_scd30":25.41,"RH_scd30":17.18,"Lux":0.14,"PM1":1.09,"PM25":1.12,"PM10":1.12,"Air":null}
{"epoch":1581833894,"battery":3.403116703,"Tdb_BME680":23.54,"RH_BME680":18.44,"P_BME680":102.69,"Alt_BME680":-149.35,"TVOC":7,"ECO2":419,"RCO2":359,"Tdb_scd30":25.4,"RH_scd30":17.14,"Lux":0.34,"PM1":0.86,"PM25":0.88,"PM10":0.88,"Air":null}
{"epoch":1581833956,"battery":3.416585684,"Tdb_BME680":23.54,"RH_BME680":18.46,"P_BME680":102.69,"Alt_BME680":-149.35,"TVOC":9,"ECO2":406,"RCO2":363,"Tdb_scd30":25.41,"RH_scd30":17.15,"Lux":0.22,"PM1":1.04,"PM25":1.07,"PM10":1.07,"Air":null}
{"epoch":1581834018,"battery":3.353731155,"Tdb_BME680":23.52,"RH_BME680":18.45,"P_BME680":102.69,"Alt_BME680":-149.02,"TVOC":7,"ECO2":400,"RCO2":363,"Tdb_scd30":25.4,"RH_scd30":17.18,"Lux":0.34,"PM1":0.87,"PM25":0.89,"PM10":0.89,"Air":null}
{"epoch":1581834080,"battery":3.412096024,"Tdb_BME680":23.51,"RH_BME680":18.44,"P_BME680":102.68,"Alt_BME680":-148.69,"TVOC":2,"ECO2":402,"RCO2":365,"Tdb_scd30":25.37,"RH_scd30":17.13,"Lux":2.59,"PM1":1.06,"PM25":1.09,"PM10":1.09,"Air":null}
{"epoch":1581834141,"battery":3.408728838,"Tdb_BME680":23.5,"RH_BME680":18.48,"P_BME680":102.67,"Alt_BME680":-147.87,"TVOC":15,"ECO2":414,"RCO2":363,"Tdb_scd30":25.37,"RH_scd30":17.21,"Lux":0.24,"PM1":1.2,"PM25":1.23,"PM10":1.23,"Air":null}
{"epoch":1581834203,"battery":3.394137621,"Tdb_BME680":23.49,"RH_BME680":18.5,"P_BME680":102.67,"Alt_BME680":-147.54,"TVOC":12,"ECO2":403,"RCO2":362,"Tdb_scd30":25.35,"RH_scd30":17.16,"Lux":0.3,"PM1":1.09,"PM25":1.12,"PM10":1.12,"Air":null}
{"epoch":1581834265,"battery":3.404239178,"Tdb_BME680":23.49,"RH_BME680":18.5,"P_BME680":102.67,"Alt_BME680":-147.54,"TVOC":25,"ECO2":424,"RCO2":363,"Tdb_scd30":25.34,"RH_scd30":17.24,"Lux":0.14,"PM1":1.19,"PM25":1.22,"PM10":1.22,"Air":null}
{"epoch":1581834327,"battery":3.406483889,"Tdb_BME680":23.49,"RH_BME680":18.48,"P_BME680":102.67,"Alt_BME680":-147.54,"TVOC":20,"ECO2":402,"RCO2":360,"Tdb_scd30":25.37,"RH_scd30":17.13,"Lux":0.4,"PM1":1.06,"PM25":1.09,"PM10":1.09,"Air":null}
{"epoch":1581834389,"battery":3.351486444,"Tdb_BME680":23.48,"RH_BME680":18.46,"P_BME680":102.67,"Alt_BME680":-147.37,"TVOC":14,"ECO2":401,"RCO2":362,"Tdb_scd30":25.35,"RH_scd30":17.16,"Lux":0.17,"PM1":0.85,"PM25":0.87,"PM10":0.87,"Air":null}
{"epoch":1581834451,"battery":3.396382332,"Tdb_BME680":23.48,"RH_BME680":18.48,"P_BME680":102.66,"Alt_BME680":-147.04,"TVOC":14,"ECO2":400,"RCO2":361,"Tdb_scd30":25.37,"RH_scd30":17.21,"Lux":0.42,"PM1":0.8,"PM25":0.82,"PM10":0.82,"Air":0}
{"epoch":1581834512,"battery":3.412096024,"Tdb_BME680":23.47,"RH_BME680":18.47,"P_BME680":102.66,"Alt_BME680":-146.88,"TVOC":4,"ECO2":400,"RCO2":359,"Tdb_scd30":25.35,"RH_scd30":17.16,"Lux":0.14,"PM1":1.23,"PM25":1.26,"PM10":1.26,"Air":null}
{"epoch":1581834574,"battery":3.414340734,"Tdb_BME680":23.46,"RH_BME680":18.47,"P_BME680":102.65,"Alt_BME680":-146.3,"TVOC":12,"ECO2":400,"RCO2":357,"Tdb_scd30":25.33,"RH_scd30":17.16,"Lux":0.44,"PM1":0.91,"PM25":0.94,"PM10":0.94,"Air":null}
{"epoch":1581834636,"battery":3.395260096,"Tdb_BME680":23.46,"RH_BME680":18.47,"P_BME680":102.65,"Alt_BME680":-146.55,"TVOC":8,"ECO2":400,"RCO2":353,"Tdb_scd30":25.33,"RH_scd30":17.13,"Lux":1.9,"PM1":0.97,"PM25":1,"PM10":1,"Air":0}
{"epoch":1581834698,"battery":3.39189291,"Tdb_BME680":23.45,"RH_BME680":18.43,"P_BME680":102.66,"Alt_BME680":-147.04,"TVOC":1,"ECO2":400,"RCO2":350,"Tdb_scd30":25.31,"RH_scd30":17.13,"Lux":0.35,"PM1":1.2,"PM25":1.24,"PM10":1.24,"Air":null}
{"epoch":1581834760,"battery":3.401994467,"Tdb_BME680":23.44,"RH_BME680":18.45,"P_BME680":102.67,"Alt_BME680":-147.37,"TVOC":12,"ECO2":400,"RCO2":350,"Tdb_scd30":25.33,"RH_scd30":17.19,"Lux":0.22,"PM1":0.84,"PM25":0.86,"PM10":0.87,"Air":null}
{"epoch":1581834822,"battery":3.398627281,"Tdb_BME680":23.44,"RH_BME680":18.49,"P_BME680":102.67,"Alt_BME680":-147.37,"TVOC":7,"ECO2":400,"RCO2":348,"Tdb_scd30":25.33,"RH_scd30":17.13,"Lux":0.24,"PM1":0.92,"PM25":0.94,"PM10":0.95,"Air":0}
{"epoch":1581834883,"battery":3.380668879,"Tdb_BME680":23.43,"RH_BME680":18.47,"P_BME680":102.66,"Alt_BME680":-147.04,"TVOC":14,"ECO2":400,"RCO2":348,"Tdb_scd30":25.28,"RH_scd30":17.14,"Lux":0.32,"PM1":0.85,"PM25":0.87,"PM10":0.88,"Air":0}
{"epoch":1581834945,"battery":3.409851313,"Tdb_BME680":23.42,"RH_BME680":18.47,"P_BME680":102.65,"Alt_BME680":-146.38,"TVOC":12,"ECO2":400,"RCO2":350,"Tdb_scd30":25.31,"RH_scd30":17.18,"Lux":0.27,"PM1":0.76,"PM25":0.79,"PM10":0.79,"Air":0}
{"epoch":1581835007,"battery":3.406483889,"Tdb_BME680":23.42,"RH_BME680":18.47,"P_BME680":102.65,"Alt_BME680":-146.38,"TVOC":10,"ECO2":400,"RCO2":352,"Tdb_scd30":25.31,"RH_scd30":17.14,"Lux":0.42,"PM1":0.97,"PM25":1,"PM10":1.01,"Air":0}
{"epoch":1581835069,"battery":3.407606363,"Tdb_BME680":23.42,"RH_BME680":18.46,"P_BME680":102.65,"Alt_BME680":-146.38,"TVOC":12,"ECO2":400,"RCO2":352,"Tdb_scd30":25.3,"RH_scd30":17.11,"Lux":0.17,"PM1":1.15,"PM25":1.19,"PM10":1.2,"Air":null}
{"epoch":1581835131,"battery":3.393015146,"Tdb_BME680":23.4,"RH_BME680":18.46,"P_BME680":102.65,"Alt_BME680":-145.97,"TVOC":3,"ECO2":400,"RCO2":353,"Tdb_scd30":25.27,"RH_scd30":17.19,"Lux":0.38,"PM1":0.91,"PM25":0.94,"PM10":0.94,"Air":null}
{"epoch":1581835193,"battery":3.395260096,"Tdb_BME680":23.39,"RH_BME680":18.48,"P_BME680":102.64,"Alt_BME680":-145.64,"TVOC":15,"ECO2":400,"RCO2":349,"Tdb_scd30":25.25,"RH_scd30":17.14,"Lux":0.14,"PM1":1.07,"PM25":1.1,"PM10":1.11,"Air":null}
{"epoch":1581835254,"battery":3.384036064,"Tdb_BME680":23.38,"RH_BME680":18.46,"P_BME680":102.64,"Alt_BME680":-145.31,"TVOC":11,"ECO2":400,"RCO2":352,"Tdb_scd30":25.25,"RH_scd30":17.14,"Lux":0.41,"PM1":0.92,"PM25":0.95,"PM10":0.96,"Air":null}
{"epoch":1581835316,"battery":3.372812033,"Tdb_BME680":23.38,"RH_BME680":18.51,"P_BME680":102.65,"Alt_BME680":-146.14,"TVOC":11,"ECO2":400,"RCO2":353,"Tdb_scd30":25.25,"RH_scd30":17.19,"Lux":0.13,"PM1":0.98,"PM25":1.02,"PM10":1.03,"Air":null}
{"epoch":1581835378,"battery":3.389647961,"Tdb_BME680":23.38,"RH_BME680":18.49,"P_BME680":102.66,"Alt_BME680":-146.71,"TVOC":9,"ECO2":400,"RCO2":356,"Tdb_scd30":25.21,"RH_scd30":17.22,"Lux":0.32,"PM1":1.05,"PM25":1.09,"PM10":1.1,"Air":null}
{"epoch":1581835440,"battery":3.388525486,"Tdb_BME680":23.38,"RH_BME680":18.53,"P_BME680":102.66,"Alt_BME680":-146.55,"TVOC":9,"ECO2":400,"RCO2":358,"Tdb_scd30":25.25,"RH_scd30":17.16,"Lux":0.21,"PM1":1.21,"PM25":1.25,"PM10":1.27,"Air":null}
{"epoch":1581835502,"battery":3.400871992,"Tdb_BME680":23.37,"RH_BME680":18.45,"P_BME680":102.65,"Alt_BME680":-145.97,"TVOC":3,"ECO2":400,"RCO2":357,"Tdb_scd30":25.24,"RH_scd30":17.14,"Lux":0.39,"PM1":1.01,"PM25":1.05,"PM10":1.06,"Air":0}
{"epoch":1581835563,"battery":3.401994467,"Tdb_BME680":23.37,"RH_BME680":18.44,"P_BME680":102.63,"Alt_BME680":-144.82,"TVOC":7,"ECO2":400,"RCO2":357,"Tdb_scd30":25.25,"RH_scd30":17.09,"Lux":0.23,"PM1":0.99,"PM25":1.02,"PM10":1.03,"Air":null}
{"epoch":1581835625,"battery":3.399749517,"Tdb_BME680":23.36,"RH_BME680":18.48,"P_BME680":102.62,"Alt_BME680":-143.83,"TVOC":16,"ECO2":400,"RCO2":355,"Tdb_scd30":25.24,"RH_scd30":17.16,"Lux":0.29,"PM1":0.81,"PM25":0.84,"PM10":0.85,"Air":null}
{"epoch":1581835687,"battery":3.386280775,"Tdb_BME680":23.35,"RH_BME680":18.45,"P_BME680":102.61,"Alt_BME680":-143.17,"TVOC":8,"ECO2":400,"RCO2":355,"Tdb_scd30":25.23,"RH_scd30":17.12,"Lux":0.27,"PM1":0.9,"PM25":0.93,"PM10":0.93,"Air":null}
{"epoch":1581835749,"battery":3.401994467,"Tdb_BME680":23.33,"RH_BME680":18.47,"P_BME680":102.62,"Alt_BME680":-143.66,"TVOC":11,"ECO2":400,"RCO2":355,"Tdb_scd30":25.21,"RH_scd30":17.16,"Lux":0.26,"PM1":0.99,"PM25":1.02,"PM10":1.02,"Air":null}
{"epoch":1581835811,"battery":3.395260096,"Tdb_BME680":23.33,"RH_BME680":18.48,"P_BME680":102.62,"Alt_BME680":-143.83,"TVOC":9,"ECO2":400,"RCO2":355,"Tdb_scd30":25.2,"RH_scd30":17.23,"Lux":0.37,"PM1":1.39,"PM25":1.44,"PM10":1.45,"Air":null}
{"epoch":1581835873,"battery":3.412096024,"Tdb_BME680":23.32,"RH_BME680":18.47,"P_BME680":102.62,"Alt_BME680":-143.99,"TVOC":8,"ECO2":400,"RCO2":355,"Tdb_scd30":25.2,"RH_scd30":17.2,"Lux":0.16,"PM1":1,"PM25":1.03,"PM10":1.04,"Air":null}
{"epoch":1581835934,"battery":3.404239178,"Tdb_BME680":23.32,"RH_BME680":18.51,"P_BME680":102.63,"Alt_BME680":-143.99,"TVOC":8,"ECO2":400,"RCO2":354,"Tdb_scd30":25.2,"RH_scd30":17.2,"Lux":0.42,"PM1":1.03,"PM25":1.07,"PM10":1.08,"Air":0}
{"epoch":1581835996,"battery":3.412096024,"Tdb_BME680":23.32,"RH_BME680":18.49,"P_BME680":102.62,"Alt_BME680":-143.83,"TVOC":6,"ECO2":400,"RCO2":357,"Tdb_scd30":25.21,"RH_scd30":17.16,"Lux":0.12,"PM1":0.97,"PM25":1,"PM10":1.01,"Air":null}
{"epoch":1581836058,"battery":3.407606363,"Tdb_BME680":23.31,"RH_BME680":18.49,"P_BME680":102.62,"Alt_BME680":-143.99,"TVOC":14,"ECO2":400,"RCO2":359,"Tdb_scd30":25.17,"RH_scd30":17.18,"Lux":0.42,"PM1":0.82,"PM25":0.85,"PM10":0.86,"Air":0}
{"epoch":1581836120,"battery":3.412096024,"Tdb_BME680":23.31,"RH_BME680":18.5,"P_BME680":102.63,"Alt_BME680":-144.32,"TVOC":22,"ECO2":400,"RCO2":358,"Tdb_scd30":25.17,"RH_scd30":17.15,"Lux":0.14,"PM1":0.91,"PM25":0.95,"PM10":0.96,"Air":0.01}
{"epoch":1581836182,"battery":3.381791115,"Tdb_BME680":23.3,"RH_BME680":18.48,"P_BME680":102.63,"Alt_BME680":-144.32,"TVOC":7,"ECO2":400,"RCO2":357,"Tdb_scd30":25.2,"RH_scd30":17.22,"Lux":0.36,"PM1":1.1,"PM25":1.14,"PM10":1.15,"Air":0}
{"epoch":1581836244,"battery":3.399749517,"Tdb_BME680":23.3,"RH_BME680":18.49,"P_BME680":102.63,"Alt_BME680":-144.32,"TVOC":16,"ECO2":400,"RCO2":357,"Tdb_scd30":25.17,"RH_scd30":17.18,"Lux":0.17,"PM1":0.92,"PM25":0.96,"PM10":0.97,"Air":null}
{"epoch":1581836305,"battery":3.401994467,"Tdb_BME680":23.29,"RH_BME680":18.48,"P_BME680":102.62,"Alt_BME680":-143.83,"TVOC":7,"ECO2":400,"RCO2":358,"Tdb_scd30":25.17,"RH_scd30":17.18,"Lux":0.3,"PM1":1.18,"PM25":1.22,"PM10":1.24,"Air":null}
{"epoch":1581836367,"battery":3.406483889,"Tdb_BME680":23.29,"RH_BME680":18.5,"P_BME680":102.62,"Alt_BME680":-143.17,"TVOC":7,"ECO2":407,"RCO2":357,"Tdb_scd30":25.17,"RH_scd30":17.15,"Lux":0.27,"PM1":0.96,"PM25":1,"PM10":1.01,"Air":null}
{"epoch":1581836429,"battery":3.399749517,"Tdb_BME680":23.28,"RH_BME680":18.5,"P_BME680":102.61,"Alt_BME680":-143.17,"TVOC":11,"ECO2":400,"RCO2":358,"Tdb_scd30":25.16,"RH_scd30":17.2,"Lux":0.27,"PM1":1.12,"PM25":1.16,"PM10":1.18,"Air":null}
{"epoch":1581836491,"battery":3.339139938,"Tdb_BME680":23.28,"RH_BME680":18.53,"P_BME680":102.61,"Alt_BME680":-142.84,"TVOC":12,"ECO2":401,"RCO2":356,"Tdb_scd30":25.14,"RH_scd30":17.28,"Lux":0.32,"PM1":0.9,"PM25":0.93,"PM10":0.95,"Air":null}
{"epoch":1581836553,"battery":3.409851313,"Tdb_BME680":23.27,"RH_BME680":18.5,"P_BME680":102.61,"Alt_BME680":-142.84,"TVOC":7,"ECO2":400,"RCO2":355,"Tdb_scd30":25.14,"RH_scd30":17.23,"Lux":0.17,"PM1":1.06,"PM25":1.1,"PM10":1.11,"Air":null}
{"epoch":1581836615,"battery":3.388525486,"Tdb_BME680":23.26,"RH_BME680":18.49,"P_BME680":102.61,"Alt_BME680":-142.84,"TVOC":3,"ECO2":400,"RCO2":354,"Tdb_scd30":25.13,"RH_scd30":17.12,"Lux":0.37,"PM1":1.01,"PM25":1.05,"PM10":1.06,"Air":null}
{"epoch":1581836676,"battery":3.39189291,"Tdb_BME680":23.26,"RH_BME680":18.5,"P_BME680":102.61,"Alt_BME680":-142.84,"TVOC":0,"ECO2":400,"RCO2":353,"Tdb_scd30":25.14,"RH_scd30":17.21,"Lux":0.14,"PM1":0.69,"PM25":0.72,"PM10":0.73,"Air":null}
{"epoch":1581836738,"battery":3.398627281,"Tdb_BME680":23.25,"RH_BME680":18.49,"P_BME680":102.6,"Alt_BME680":-141.85,"TVOC":12,"ECO2":400,"RCO2":354,"Tdb_scd30":25.13,"RH_scd30":17.18,"Lux":0.46,"PM1":0.89,"PM25":0.93,"PM10":0.94,"Air":null}
{"epoch":1581836800,"battery":3.396382332,"Tdb_BME680":23.25,"RH_BME680":18.51,"P_BME680":102.6,"Alt_BME680":-141.68,"TVOC":12,"ECO2":400,"RCO2":353,"Tdb_scd30":25.13,"RH_scd30":17.2,"Lux":0.13,"PM1":0.97,"PM25":1.01,"PM10":1.02,"Air":null}
{"epoch":1581836862,"battery":3.398627281,"Tdb_BME680":23.24,"RH_BME680":18.5,"P_BME680":102.6,"Alt_BME680":-141.68,"TVOC":18,"ECO2":401,"RCO2":354,"Tdb_scd30":25.1,"RH_scd30":17.2,"Lux":0.42,"PM1":1.19,"PM25":1.23,"PM10":1.24,"Air":null}
{"epoch":1581836924,"battery":3.396382332,"Tdb_BME680":23.24,"RH_BME680":18.5,"P_BME680":102.59,"Alt_BME680":-141.52,"TVOC":5,"ECO2":400,"RCO2":353,"Tdb_scd30":25.1,"RH_scd30":17.16,"Lux":0.22,"PM1":0.98,"PM25":1.02,"PM10":1.03,"Air":null}
{"epoch":1581836986,"battery":3.390770435,"Tdb_BME680":23.23,"RH_BME680":18.49,"P_BME680":102.59,"Alt_BME680":-141.52,"TVOC":15,"ECO2":400,"RCO2":354,"Tdb_scd30":25.09,"RH_scd30":17.21,"Lux":0.37,"PM1":0.88,"PM25":0.91,"PM10":0.93,"Air":0}
{"epoch":1581837047,"battery":3.386280775,"Tdb_BME680":23.22,"RH_BME680":18.52,"P_BME680":102.59,"Alt_BME680":-140.86,"TVOC":11,"ECO2":400,"RCO2":353,"Tdb_scd30":25.07,"RH_scd30":17.23,"Lux":0.26,"PM1":1.22,"PM25":1.26,"PM10":1.28,"Air":null}
{"epoch":1581837109,"battery":3.397504807,"Tdb_BME680":23.21,"RH_BME680":18.52,"P_BME680":102.58,"Alt_BME680":-140.03,"TVOC":10,"ECO2":400,"RCO2":353,"Tdb_scd30":25.07,"RH_scd30":17.24,"Lux":0.26,"PM1":0.98,"PM25":1.02,"PM10":1.03,"Air":0.01}
{"epoch":1581837171,"battery":3.370567083,"Tdb_BME680":23.2,"RH_BME680":18.55,"P_BME680":102.58,"Alt_BME680":-139.87,"TVOC":20,"ECO2":413,"RCO2":354,"Tdb_scd30":25.07,"RH_scd30":17.21,"Lux":1.15,"PM1":0.79,"PM25":0.82,"PM10":0.83,"Air":0}
{"epoch":1581837233,"battery":3.403116703,"Tdb_BME680":23.2,"RH_BME680":18.54,"P_BME680":102.57,"Alt_BME680":-139.7,"TVOC":12,"ECO2":401,"RCO2":354,"Tdb_scd30":25.06,"RH_scd30":17.22,"Lux":0.2,"PM1":1.04,"PM25":1.08,"PM10":1.09,"Air":null}
{"epoch":1581837295,"battery":3.390770435,"Tdb_BME680":23.2,"RH_BME680":18.52,"P_BME680":102.57,"Alt_BME680":-139.87,"TVOC":6,"ECO2":400,"RCO2":356,"Tdb_scd30":25.03,"RH_scd30":17.24,"Lux":0.37,"PM1":0.89,"PM25":0.92,"PM10":0.93,"Air":null}
{"epoch":1581837357,"battery":3.388525486,"Tdb_BME680":23.19,"RH_BME680":18.52,"P_BME680":102.57,"Alt_BME680":-139.21,"TVOC":4,"ECO2":400,"RCO2":357,"Tdb_scd30":25.09,"RH_scd30":17.21,"Lux":0.17,"PM1":0.78,"PM25":0.81,"PM10":0.82,"Air":null}
{"epoch":1581837495,"battery":3.368322372,"Tdb_BME680":23.19,"RH_BME680":18.51,"P_BME680":102.56,"Alt_BME680":-138.46,"TVOC":13,"ECO2":404,"RCO2":360,"Tdb_scd30":25.07,"RH_scd30":17.18,"Lux":0.27,"PM1":1.08,"PM25":1.11,"PM10":1.12,"Air":0}
{"epoch":1581837556,"battery":3.389647961,"Tdb_BME680":23.18,"RH_BME680":18.53,"P_BME680":102.56,"Alt_BME680":-138.88,"TVOC":18,"ECO2":413,"RCO2":357,"Tdb_scd30":25.03,"RH_scd30":17.21,"Lux":0.3,"PM1":0.91,"PM25":0.94,"PM10":0.94,"Air":null}
{"epoch":1581837618,"battery":3.401994467,"Tdb_BME680":23.17,"RH_BME680":18.52,"P_BME680":102.56,"Alt_BME680":-139.04,"TVOC":20,"ECO2":420,"RCO2":361,"Tdb_scd30":25.03,"RH_scd30":17.21,"Lux":0.24,"PM1":1.32,"PM25":1.36,"PM10":1.36,"Air":null}
{"epoch":1581837680,"battery":3.396382332,"Tdb_BME680":23.16,"RH_BME680":18.54,"P_BME680":102.57,"Alt_BME680":-139.37,"TVOC":7,"ECO2":400,"RCO2":358,"Tdb_scd30":25.04,"RH_scd30":17.22,"Lux":0.4,"PM1":0.93,"PM25":0.96,"PM10":0.96,"Air":null}
{"epoch":1581837742,"battery":3.398627281,"Tdb_BME680":23.17,"RH_BME680":18.53,"P_BME680":102.57,"Alt_BME680":-139.7,"TVOC":11,"ECO2":405,"RCO2":361,"Tdb_scd30":25.04,"RH_scd30":17.18,"Lux":0.15,"PM1":1.01,"PM25":1.04,"PM10":1.05,"Air":null}
{"epoch":1581837804,"battery":3.407606363,"Tdb_BME680":23.15,"RH_BME680":18.51,"P_BME680":102.57,"Alt_BME680":-139.7,"TVOC":0,"ECO2":402,"RCO2":362,"Tdb_scd30":24.99,"RH_scd30":17.18,"Lux":-98,"PM1":1.12,"PM25":1.16,"PM10":1.16,"Air":null}
{"epoch":1581837866,"battery":3.412096024,"Tdb_BME680":23.14,"RH_BME680":18.52,"P_BME680":102.57,"Alt_BME680":-139.21,"TVOC":13,"ECO2":400,"RCO2":361,"Tdb_scd30":25.03,"RH_scd30":17.19,"Lux":0.17,"PM1":0.88,"PM25":0.91,"PM10":0.91,"Air":null}
{"epoch":1581837927,"battery":3.379546404,"Tdb_BME680":23.14,"RH_BME680":18.52,"P_BME680":102.56,"Alt_BME680":-138.88,"TVOC":8,"ECO2":403,"RCO2":357,"Tdb_scd30":25,"RH_scd30":17.22,"Lux":0.42,"PM1":1.02,"PM25":1.05,"PM10":1.05,"Air":null}
{"epoch":1581837989,"battery":3.377301693,"Tdb_BME680":23.14,"RH_BME680":18.52,"P_BME680":102.56,"Alt_BME680":-138.46,"TVOC":3,"ECO2":400,"RCO2":356,"Tdb_scd30":25.03,"RH_scd30":17.19,"Lux":0.14,"PM1":0.82,"PM25":0.85,"PM10":0.85,"Air":null}
{"epoch":1581838051,"battery":3.390770435,"Tdb_BME680":23.13,"RH_BME680":18.52,"P_BME680":102.55,"Alt_BME680":-138.13,"TVOC":4,"ECO2":400,"RCO2":353,"Tdb_scd30":24.97,"RH_scd30":17.17,"Lux":0.32,"PM1":0.75,"PM25":0.78,"PM10":0.79,"Air":0.01}
{"epoch":1581838113,"battery":3.39189291,"Tdb_BME680":23.13,"RH_BME680":18.53,"P_BME680":102.55,"Alt_BME680":-137.97,"TVOC":0,"ECO2":400,"RCO2":353,"Tdb_scd30":24.99,"RH_scd30":17.19,"Lux":0.24,"PM1":0.82,"PM25":0.85,"PM10":0.86,"Air":0}
{"epoch":1581838175,"battery":3.342507124,"Tdb_BME680":23.12,"RH_BME680":18.53,"P_BME680":102.55,"Alt_BME680":-137.97,"TVOC":10,"ECO2":405,"RCO2":357,"Tdb_scd30":24.97,"RH_scd30":17.24,"Lux":0.34,"PM1":1.19,"PM25":1.24,"PM10":1.25,"Air":null}
{"epoch":1581838237,"battery":3.408728838,"Tdb_BME680":23.12,"RH_BME680":18.55,"P_BME680":102.55,"Alt_BME680":-138.13,"TVOC":14,"ECO2":400,"RCO2":355,"Tdb_scd30":25.02,"RH_scd30":17.22,"Lux":0.21,"PM1":0.7,"PM25":0.73,"PM10":0.73,"Air":0}
{"epoch":1581838298,"battery":3.380668879,"Tdb_BME680":23.11,"RH_BME680":18.53,"P_BME680":102.55,"Alt_BME680":-138.3,"TVOC":14,"ECO2":404,"RCO2":356,"Tdb_scd30":24.97,"RH_scd30":17.2,"Lux":1.84,"PM1":1.02,"PM25":1.06,"PM10":1.06,"Air":null}
{"epoch":1581838360,"battery":3.400871992,"Tdb_BME680":23.1,"RH_BME680":18.54,"P_BME680":102.55,"Alt_BME680":-137.97,"TVOC":14,"ECO2":404,"RCO2":353,"Tdb_scd30":24.94,"RH_scd30":17.25,"Lux":0.31,"PM1":0.95,"PM25":0.98,"PM10":0.99,"Air":null}
{"epoch":1581838422,"battery":3.393015146,"Tdb_BME680":23.1,"RH_BME680":18.52,"P_BME680":102.55,"Alt_BME680":-137.8,"TVOC":26,"ECO2":402,"RCO2":352,"Tdb_scd30":24.96,"RH_scd30":17.22,"Lux":0.23,"PM1":0.95,"PM25":0.99,"PM10":1,"Air":null}
{"epoch":1581838484,"battery":3.400871992,"Tdb_BME680":23.09,"RH_BME680":18.54,"P_BME680":102.55,"Alt_BME680":-137.31,"TVOC":12,"ECO2":400,"RCO2":346,"Tdb_scd30":24.96,"RH_scd30":17.2,"Lux":0.4,"PM1":1.17,"PM25":1.21,"PM10":1.22,"Air":null}
{"epoch":1581838546,"battery":3.398627281,"Tdb_BME680":23.09,"RH_BME680":18.55,"P_BME680":102.54,"Alt_BME680":-137.31,"TVOC":14,"ECO2":400,"RCO2":346,"Tdb_scd30":24.96,"RH_scd30":17.22,"Lux":0.13,"PM1":1.03,"PM25":1.05,"PM10":1.05,"Air":null}
{"epoch":1581838608,"battery":3.398627281,"Tdb_BME680":23.08,"RH_BME680":18.54,"P_BME680":102.55,"Alt_BME680":-137.47,"TVOC":12,"ECO2":400,"RCO2":348,"Tdb_scd30":24.94,"RH_scd30":17.19,"Lux":0.41,"PM1":1.03,"PM25":1.05,"PM10":1.05,"Air":null}
{"epoch":1581838669,"battery":3.363832712,"Tdb_BME680":23.08,"RH_BME680":18.56,"P_BME680":102.55,"Alt_BME680":-137.8,"TVOC":23,"ECO2":402,"RCO2":350,"Tdb_scd30":24.97,"RH_scd30":17.24,"Lux":0.16,"PM1":1.12,"PM25":1.15,"PM10":1.15,"Air":null}
{"epoch":1581838731,"battery":3.395260096,"Tdb_BME680":23.08,"RH_BME680":18.55,"P_BME680":102.55,"Alt_BME680":-138.13,"TVOC":12,"ECO2":403,"RCO2":352,"Tdb_scd30":24.93,"RH_scd30":17.23,"Lux":0.41,"PM1":1.01,"PM25":1.03,"PM10":1.03,"Air":0}
{"epoch":1581838793,"battery":3.395260096,"Tdb_BME680":23.07,"RH_BME680":18.56,"P_BME680":102.56,"Alt_BME680":-138.63,"TVOC":6,"ECO2":400,"RCO2":350,"Tdb_scd30":24.94,"RH_scd30":17.2,"Lux":0.15,"PM1":1.01,"PM25":1.04,"PM10":1.04,"Air":null}
{"epoch":1581838855,"battery":3.379546404,"Tdb_BME680":23.07,"RH_BME680":18.56,"P_BME680":102.56,"Alt_BME680":-138.63,"TVOC":15,"ECO2":400,"RCO2":350,"Tdb_scd30":24.94,"RH_scd30":17.25,"Lux":0.3,"PM1":0.81,"PM25":0.83,"PM10":0.83,"Air":0}
{"epoch":1581838917,"battery":3.38740325,"Tdb_BME680":23.07,"RH_BME680":18.57,"P_BME680":102.56,"Alt_BME680":-138.46,"TVOC":12,"ECO2":400,"RCO2":347,"Tdb_scd30":24.91,"RH_scd30":17.26,"Lux":0.26,"PM1":0.75,"PM25":0.77,"PM10":0.77,"Air":null}
{"epoch":1581838979,"battery":3.386280775,"Tdb_BME680":23.06,"RH_BME680":18.57,"P_BME680":102.55,"Alt_BME680":-138.13,"TVOC":17,"ECO2":400,"RCO2":348,"Tdb_scd30":24.93,"RH_scd30":17.23,"Lux":-98,"PM1":1.14,"PM25":1.17,"PM10":1.17,"Air":0}
{"epoch":1581839040,"battery":3.357098341,"Tdb_BME680":23.05,"RH_BME680":18.56,"P_BME680":102.55,"Alt_BME680":-137.8,"TVOC":22,"ECO2":400,"RCO2":348,"Tdb_scd30":24.91,"RH_scd30":17.25,"Lux":0.37,"PM1":1.25,"PM25":1.28,"PM10":1.28,"Air":0.01}
{"epoch":1581839102,"battery":3.38740325,"Tdb_BME680":23.05,"RH_BME680":18.58,"P_BME680":102.55,"Alt_BME680":-137.97,"TVOC":13,"ECO2":400,"RCO2":347,"Tdb_scd30":24.97,"RH_scd30":17.2,"Lux":0.21,"PM1":0.66,"PM25":0.67,"PM10":0.67,"Air":0}
